trip_id,date,route_id,bus_id,departure_hour,day_of_week,is_weekend,is_holiday,weather,traffic_index,passengers,scheduled_duration_min,delay_min,status
T000001,2026-06-01,R01,B002,6,0,0,0,Rain,0.463,18.0,50.8,14.5,Completed
T000002,2026-06-01,R01,B003,8,0,0,0,Rain,,49.0,50.8,12.6,Completed
T000003,2026-06-01,R01,B003,9,0,0,0,Rain,0.929,60.0,50.8,15.3,Completed
T000004,2026-06-01,R01,B003,10,0,0,0,Rain,0.441,0.0,50.8,,Cancelled
T000005,2026-06-01,R01,B001,12,0,0,0,Rain,0.416,24.0,50.8,15.3,Completed
T000006,2026-06-01,R01,B002,16,0,0,0,Rain,0.436,24.0,50.8,8.0,Completed
T000007,2026-06-01,R01,B001,17,0,0,0,Rain,0.927,50.0,50.8,18.9,Completed
T000008,2026-06-01,R01,B003,18,0,0,0,Rain,0.927,46.0,50.8,15.5,Completed
T000009,2026-06-01,R01,B004,21,0,0,0,Rain,0.486,12.0,50.8,12.4,Completed
T000010,2026-06-01,R02,B006,5,0,0,0,Rain,0.458,9.0,36.4,9.7,Completed
T000011,2026-06-01,R02,B006,8,0,0,0,Rain,0.91,34.0,36.4,16.3,Completed
T000012,2026-06-01,R02,B005,9,0,0,0,Rain,0.935,34.0,36.4,17.5,Completed
T000013,2026-06-01,R02,B008,11,0,0,0,Rain,0.449,26.0,36.4,12.2,Completed
T000014,2026-06-01,R02,B008,17,0,0,0,Rain,0.983,35.0,36.4,16.9,Completed
T000015,2026-06-01,R02,B008,18,0,0,0,Rain,0.928,38.0,36.4,22.0,Completed
T000016,2026-06-01,R02,B005,20,0,0,0,Rain,0.423,11.0,36.4,9.8,Completed
T000017,2026-06-01,R02,B006,21,0,0,0,Rain,0.432,14.0,36.4,13.6,Completed
T000018,2026-06-01,R03,B010,6,0,0,0,Rain,0.404,12.0,58.8,9.5,Completed
T000019,2026-06-01,R03,B009,7,0,0,0,Rain,0.489,19.0,58.8,15.2,Completed
T000020,2026-06-01,R03,B009,8,0,0,0,Rain,0.937,32.0,58.8,24.3,Completed
T000021,2026-06-01,R03,B010,9,0,0,0,Rain,0.924,50.0,58.8,24.7,Completed
T000022,2026-06-01,R03,B012,11,0,0,0,Rain,0.42,21.0,58.8,15.4,Completed
T000023,2026-06-01,R03,B012,17,0,0,0,Rain,0.912,45.0,58.8,16.9,Completed
T000024,2026-06-01,R03,B009,18,0,0,0,Rain,0.972,25.0,58.8,20.2,Completed
T000025,2026-06-01,R03,B012,19,0,0,0,Rain,0.44,31.0,58.8,16.8,Completed
T000026,2026-06-01,R03,B010,20,0,0,0,Rain,0.492,17.0,58.8,15.1,Completed
T000027,2026-06-01,R04,B014,7,0,0,0,Rain,0.46,21.0,28.4,10.2,Completed
T000028,2026-06-01,R04,B014,8,0,0,0,Rain,0.911,32.0,28.4,14.6,Completed
T000029,2026-06-01,R04,B014,9,0,0,0,Rain,0.961,38.0,28.4,14.5,Completed
T000030,2026-06-01,R04,B014,10,0,0,0,Rain,0.425,21.0,28.4,7.4,Completed
T000031,2026-06-01,R04,B015,13,0,0,0,Rain,0.482,15.0,28.4,12.7,Completed
T000032,2026-06-01,R04,B013,17,0,0,0,Rain,0.902,0.0,28.4,,Cancelled
T000033,2026-06-01,R04,B015,18,0,0,0,Rain,0.939,34.0,28.4,19.1,Completed
T000034,2026-06-01,R04,B015,19,0,0,0,Rain,0.404,22.0,28.4,18.8,Completed
T000035,2026-06-01,R05,B019,8,0,0,0,Rain,0.992,24.0,44.4,21.9,Completed
T000036,2026-06-01,R05,B020,9,0,0,0,Rain,0.98,32.0,44.4,17.1,Completed
T000037,2026-06-01,R05,B017,13,0,0,0,Rain,0.439,17.0,44.4,11.6,Completed
T000038,2026-06-01,R05,B020,17,0,0,0,Rain,0.937,26.0,44.4,16.2,Completed
T000039,2026-06-01,R05,B020,18,0,0,0,Rain,0.992,37.0,44.4,20.6,Completed
T000040,2026-06-01,R05,B018,19,0,0,0,Rain,0.465,18.0,44.4,12.3,Completed
T000041,2026-06-01,R05,B018,21,0,0,0,Rain,0.469,6.0,44.4,16.7,Completed
T000042,2026-06-01,R06,B023,5,0,0,0,Rain,0.408,6.0,41.2,12.5,Completed
T000043,2026-06-01,R06,B023,6,0,0,0,Rain,0.478,13.0,41.2,10.5,Completed
T000044,2026-06-01,R06,B024,7,0,0,0,Rain,0.41,26.0,41.2,13.0,Completed
T000045,2026-06-01,R06,B021,8,0,0,0,Rain,0.976,34.0,41.2,24.4,Completed
T000046,2026-06-01,R06,B023,9,0,0,0,Rain,0.912,33.0,41.2,23.2,Completed
T000047,2026-06-01,R06,B024,11,0,0,0,Rain,0.433,21.0,41.2,10.6,Completed
T000048,2026-06-01,R06,B023,16,0,0,0,Rain,0.444,,41.2,17.6,Completed
T000049,2026-06-01,R06,B021,17,0,0,0,Rain,0.948,32.0,41.2,23.2,Completed
T000050,2026-06-01,R06,B024,18,0,0,0,Rain,0.912,55.0,41.2,15.0,Completed
T000051,2026-06-01,R06,B021,19,0,0,0,Rain,0.401,28.0,41.2,7.8,Completed
T000052,2026-06-01,R07,B028,6,0,0,0,Rain,0.478,5.0,33.2,5.6,Completed
T000053,2026-06-01,R07,B028,8,0,0,0,Rain,1.0,16.0,33.2,19.2,Completed
T000054,2026-06-01,R07,B028,9,0,0,0,Rain,0.903,18.0,33.2,17.1,Completed
T000055,2026-06-01,R07,B027,11,0,0,0,Rain,0.404,12.0,33.2,14.9,Completed
T000056,2026-06-01,R07,B028,12,0,0,0,Rain,0.424,6.0,33.2,9.9,Completed
T000057,2026-06-01,R07,B025,13,0,0,0,Rain,0.47,16.0,33.2,13.0,Completed
T000058,2026-06-01,R07,B025,15,0,0,0,Rain,0.463,12.0,33.2,11.3,Completed
T000059,2026-06-01,R07,B027,17,0,0,0,Rain,0.998,18.0,33.2,20.7,Completed
T000060,2026-06-01,R07,B027,18,0,0,0,Rain,0.971,28.0,33.2,17.4,Completed
T000061,2026-06-01,R07,B026,19,0,0,0,Rain,0.446,14.0,33.2,12.3,Completed
T000062,2026-06-01,R07,B025,21,0,0,0,Rain,0.458,,33.2,12.0,Completed
T000063,2026-06-01,R08,B029,8,0,0,0,Rain,0.912,21.0,26.8,17.3,Completed
T000064,2026-06-01,R08,B030,9,0,0,0,Rain,0.963,31.0,26.8,16.0,Completed
T000065,2026-06-01,R08,B030,10,0,0,0,Rain,0.432,17.0,26.8,11.2,Completed
T000066,2026-06-01,R08,B032,12,0,0,0,Rain,0.47,17.0,26.8,13.5,Completed
T000067,2026-06-01,R08,B029,13,0,0,0,Rain,0.455,10.0,26.8,11.4,Completed
T000068,2026-06-01,R08,B031,15,0,0,0,Rain,0.492,15.0,26.8,10.6,Completed
T000069,2026-06-01,R08,B029,17,0,0,0,Rain,0.949,22.0,26.8,19.3,Completed
T000070,2026-06-01,R08,B030,18,0,0,0,Rain,0.933,26.0,26.8,20.9,Completed
T000071,2026-06-01,R08,B030,20,0,0,0,Rain,0.486,14.0,26.8,15.4,Completed
T000072,2026-06-01,R09,B035,6,0,0,0,Rain,0.477,7.0,63.6,14.7,Completed
T000073,2026-06-01,R09,B034,8,0,0,0,Rain,0.901,22.0,63.6,19.1,Completed
T000074,2026-06-01,R09,B034,9,0,0,0,Rain,0.999,19.0,63.6,16.6,Completed
T000075,2026-06-01,R09,B034,14,0,0,0,Rain,0.443,13.0,63.6,11.5,Completed
T000076,2026-06-01,R09,B034,15,0,0,0,Rain,0.423,13.0,63.6,10.7,Completed
T000077,2026-06-01,R09,B034,17,0,0,0,Rain,0.924,17.0,63.6,19.1,Completed
T000078,2026-06-01,R09,B034,18,0,0,0,Rain,0.906,18.0,63.6,20.3,Completed
T000079,2026-06-01,R09,B034,19,0,0,0,Rain,0.448,15.0,63.6,18.7,Completed
T000080,2026-06-01,R09,B034,20,0,0,0,Rain,0.485,7.0,63.6,10.4,Completed
T000081,2026-06-01,R09,B035,21,0,0,0,Rain,0.463,5.0,63.6,15.9,Completed
T000082,2026-06-01,R10,B039,6,0,0,0,Rain,0.431,6.0,38.0,10.2,Completed
T000083,2026-06-01,R10,B040,7,0,0,0,Rain,0.463,12.0,38.0,14.5,Completed
T000084,2026-06-01,R10,B040,8,0,0,0,Rain,0.972,20.0,38.0,15.7,Completed
T000085,2026-06-01,R10,B040,9,0,0,0,Rain,0.973,23.0,38.0,14.1,Completed
T000086,2026-06-01,R10,B039,10,0,0,0,Rain,0.429,0.0,38.0,,Cancelled
T000087,2026-06-01,R10,B037,11,0,0,0,Rain,0.449,11.0,38.0,10.7,Completed
T000088,2026-06-01,R10,B037,13,0,0,0,Rain,0.456,10.0,38.0,11.6,Completed
T000089,2026-06-01,R10,B040,17,0,0,0,Rain,0.971,26.0,38.0,14.1,Completed
T000090,2026-06-01,R10,B038,18,0,0,0,Rain,0.905,24.0,38.0,20.1,Completed
T000091,2026-06-01,R10,B037,21,0,0,0,Rain,0.44,5.0,38.0,13.9,Completed
T000092,2026-06-02,R01,B001,6,1,0,0,Heat,0.309,17.0,50.8,7.7,Completed
T000093,2026-06-02,R01,B002,8,1,0,0,Heat,0.784,35.0,50.8,14.3,Completed
T000094,2026-06-02,R01,B004,9,1,0,0,Heat,0.764,50.0,50.8,8.2,Completed
T000095,2026-06-02,R01,B004,10,1,0,0,Heat,0.3,32.0,50.8,12.8,Completed
T000096,2026-06-02,R01,B003,14,1,0,0,Heat,0.292,21.0,50.8,4.8,Completed
T000097,2026-06-02,R01,B002,16,1,0,0,Heat,0.274,25.0,50.8,7.5,Completed
T000098,2026-06-02,R01,B004,17,1,0,0,Heat,0.815,40.0,50.8,10.0,Completed
T000099,2026-06-02,R01,B001,18,1,0,0,Heat,0.837,50.0,50.8,16.2,Completed
T000100,2026-06-02,R01,B001,19,1,0,0,Heat,0.298,39.0,50.8,6.9,Completed
T000101,2026-06-02,R01,B004,20,1,0,0,Heat,0.329,19.0,50.8,10.5,Completed
T000102,2026-06-02,R01,B003,21,1,0,0,Heat,0.301,15.0,50.8,7.9,Completed
T000103,2026-06-02,R02,B008,8,1,0,0,Heat,0.796,36.0,36.4,14.4,Completed
T000104,2026-06-02,R02,B005,9,1,0,0,Heat,0.756,29.0,36.4,9.3,Completed
T000105,2026-06-02,R02,B005,14,1,0,0,Heat,0.25,15.0,36.4,2.3,Completed
T000106,2026-06-02,R02,B007,16,1,0,0,Heat,0.276,32.0,36.4,-2.7,Completed
T000107,2026-06-02,R02,B005,17,1,0,0,Heat,0.773,31.0,36.4,14.5,Completed
T000108,2026-06-02,R02,B005,18,1,0,0,Heat,0.765,35.0,36.4,11.6,Completed
T000109,2026-06-02,R03,B012,6,1,0,0,Heat,0.274,23.0,58.8,4.7,Completed
T000110,2026-06-02,R03,B010,8,1,0,0,Heat,0.766,38.0,58.8,11.0,Completed
T000111,2026-06-02,R03,B009,9,1,0,0,Heat,0.795,40.0,58.8,19.4,Completed
T000112,2026-06-02,R03,B011,10,1,0,0,Heat,0.33,32.0,58.8,10.8,Completed
T000113,2026-06-02,R03,B011,17,1,0,0,Heat,0.824,49.0,58.8,13.7,Completed
T000114,2026-06-02,R03,B009,18,1,0,0,Heat,0.764,29.0,58.8,14.8,Completed
T000115,2026-06-02,R03,B012,19,1,0,0,Heat,0.252,45.0,58.8,10.2,Completed
T000116,2026-06-02,R03,B009,20,1,0,0,Heat,0.338,14.0,58.8,5.3,Completed
T000117,2026-06-02,R04,B013,5,1,0,0,Heat,0.316,5.0,28.4,7.1,Completed
T000118,2026-06-02,R04,B014,7,1,0,0,Heat,0.275,23.0,28.4,1.6,Completed
T000119,2026-06-02,R04,B013,8,1,0,0,Heat,0.807,32.0,28.4,9.6,Completed
T000120,2026-06-02,R04,B015,9,1,0,0,Heat,0.751,34.0,28.4,13.5,Completed
T000121,2026-06-02,R04,B014,11,1,0,0,Heat,0.318,22.0,28.4,2.0,Completed
T000122,2026-06-02,R04,B013,13,1,0,0,Heat,0.341,16.0,28.4,1.4,Completed
T000123,2026-06-02,R04,B015,14,1,0,0,Heat,0.302,20.0,28.4,-0.7,Completed
T000124,2026-06-02,R04,B015,15,1,0,0,Heat,0.26,18.0,28.4,4.6,Completed
T000125,2026-06-02,R04,B014,17,1,0,0,Heat,0.752,51.0,28.4,10.7,Completed
T000126,2026-06-02,R04,B013,18,1,0,0,Heat,0.782,50.0,28.4,15.6,Completed
T000127,2026-06-02,R04,B015,19,1,0,0,Heat,0.297,27.0,28.4,7.3,Completed
T000128,2026-06-02,R05,B019,5,1,0,0,Heat,0.284,9.0,44.4,3.7,Completed
T000129,2026-06-02,R05,B019,6,1,0,0,Heat,0.278,16.0,44.4,2.5,Completed
T000130,2026-06-02,R05,B017,8,1,0,0,Heat,0.755,25.0,44.4,12.7,Completed
T000131,2026-06-02,R05,B020,9,1,0,0,Heat,0.775,32.0,44.4,10.1,Completed
T000132,2026-06-02,R05,B018,10,1,0,0,Heat,0.348,14.0,44.4,4.5,Completed
T000133,2026-06-02,R05,B018,12,1,0,0,Heat,0.26,10.0,44.4,4.2,Completed
T000134,2026-06-02,R05,B018,16,1,0,0,Heat,0.324,18.0,44.4,2.9,Completed
T000135,2026-06-02,R05,B020,17,1,0,0,Heat,0.827,37.0,44.4,9.2,Completed
T000136,2026-06-02,R05,B017,18,1,0,0,Heat,0.776,26.0,44.4,8.6,Completed
T000137,2026-06-02,R05,B019,21,1,0,0,Heat,0.335,13.0,44.4,8.8,Completed
T000138,2026-06-02,R06,B022,7,1,0,0,Heat,0.328,22.0,41.2,10.9,Completed
T000139,2026-06-02,R06,B023,8,1,0,0,Heat,0.793,42.0,41.2,13.4,Completed
T000140,2026-06-02,R06,B023,9,1,0,0,Heat,0.766,51.0,41.2,9.6,Completed
T000141,2026-06-02,R06,B021,12,1,0,0,Heat,0.282,21.0,41.2,10.8,Completed
T000142,2026-06-02,R06,B024,15,1,0,0,Heat,0.324,18.0,41.2,5.9,Completed
T000143,2026-06-02,R06,B024,17,1,0,0,,0.784,38.0,41.2,16.8,Completed
T000144,2026-06-02,R06,B024,18,1,0,0,Heat,0.842,0.0,41.2,,Cancelled
T000145,2026-06-02,R06,B024,19,1,0,0,Heat,0.278,27.0,41.2,6.8,Completed
T000146,2026-06-02,R06,B022,21,1,0,0,Heat,0.342,8.0,41.2,2.4,Completed
T000147,2026-06-02,R07,B027,5,1,0,0,Heat,0.31,6.0,33.2,8.6,Completed
T000148,2026-06-02,R07,B027,7,1,0,0,Heat,0.254,13.0,33.2,7.6,Completed
T000149,2026-06-02,R07,B025,8,1,0,0,Heat,0.803,23.0,33.2,15.8,Completed
T000150,2026-06-02,R07,B025,9,1,0,0,Heat,0.79,30.0,33.2,15.3,Completed
T000151,2026-06-02,R07,B026,10,1,0,0,Heat,0.292,14.0,33.2,4.8,Completed
T000152,2026-06-02,R07,B028,14,1,0,0,Heat,,11.0,33.2,2.9,Completed
T000153,2026-06-02,R07,B028,15,1,0,0,Heat,0.336,10.0,33.2,3.8,Completed
T000154,2026-06-02,R07,B026,17,1,0,0,Heat,0.817,21.0,33.2,14.6,Completed
T000155,2026-06-02,R07,B027,18,1,0,0,Heat,0.845,18.0,33.2,13.8,Completed
T000156,2026-06-02,R07,B025,20,1,0,0,Heat,0.319,12.0,33.2,5.8,Completed
T000157,2026-06-02,R07,B026,21,1,0,0,Heat,0.344,6.0,33.2,4.8,Completed
T000158,2026-06-02,R08,B031,6,1,0,0,Heat,0.283,9.0,26.8,3.0,Completed
T000159,2026-06-02,R08,B031,7,1,0,0,Heat,0.324,18.0,26.8,5.4,Completed
T000160,2026-06-02,R08,B032,8,1,0,0,Heat,0.814,36.0,26.8,13.4,Completed
T000161,2026-06-02,R08,B030,9,1,0,0,Heat,0.772,30.0,26.8,15.6,Completed
T000162,2026-06-02,R08,B032,12,1,0,0,Heat,0.264,18.0,26.8,3.1,Completed
T000163,2026-06-02,R08,B030,13,1,0,0,Heat,0.269,17.0,26.8,10.1,Completed
T000164,2026-06-02,R08,B030,14,1,0,0,Heat,0.257,400.0,26.8,7.3,Completed
T000165,2026-06-02,R08,B030,15,1,0,0,Heat,0.316,13.0,26.8,2.1,Completed
T000166,2026-06-02,R08,B032,17,1,0,0,Heat,0.819,35.0,26.8,11.1,Completed
T000167,2026-06-02,R08,B030,18,1,0,0,Heat,0.823,34.0,26.8,16.5,Completed
T000168,2026-06-02,R08,B029,21,1,0,0,Heat,0.285,7.0,26.8,1.2,Completed
T000169,2026-06-02,R09,B036,7,1,0,0,Heat,0.299,11.0,63.6,7.5,Completed
T000170,2026-06-02,R09,B035,8,1,0,0,Heat,0.765,23.0,63.6,9.8,Completed
T000171,2026-06-02,R09,B036,9,1,0,0,Heat,0.827,19.0,63.6,12.7,Completed
T000172,2026-06-02,R09,B036,12,1,0,0,Heat,0.332,9.0,63.6,5.5,Completed
T000173,2026-06-02,R09,B034,14,1,0,0,Heat,0.325,11.0,63.6,7.2,Completed
T000174,2026-06-02,R09,B034,17,1,0,0,Heat,0.825,24.0,63.6,14.6,Completed
T000175,2026-06-02,R09,B036,18,1,0,0,Heat,0.79,21.0,63.6,13.9,Completed
T000176,2026-06-02,R09,B034,21,1,0,0,Heat,0.348,4.0,63.6,3.2,Completed
T000177,2026-06-02,R10,B037,5,1,0,0,,0.323,4.0,38.0,1.8,Completed
T000178,2026-06-02,R10,B039,6,1,0,0,Heat,0.253,8.0,38.0,0.8,Completed
T000179,2026-06-02,R10,B038,8,1,0,0,Heat,0.833,23.0,38.0,11.3,Completed
T000180,2026-06-02,R10,B038,9,1,0,0,Heat,0.781,34.0,38.0,7.9,Completed
T000181,2026-06-02,R10,B038,12,1,0,0,Heat,0.267,14.0,38.0,8.7,Completed
T000182,2026-06-02,R10,B040,13,1,0,0,Heat,0.272,20.0,38.0,0.5,Completed
T000183,2026-06-02,R10,B040,17,1,0,0,Heat,0.768,26.0,38.0,8.2,Completed
T000184,2026-06-02,R10,B038,18,1,0,0,Heat,0.786,29.0,38.0,13.0,Completed
T000185,2026-06-02,R10,B038,19,1,0,0,Heat,0.343,11.0,38.0,0.9,Completed
T000186,2026-06-02,R10,B039,20,1,0,0,Heat,0.335,9.0,38.0,9.1,Completed
T000187,2026-06-02,R10,B037,21,1,0,0,Heat,0.254,6.0,38.0,5.8,Completed
T000188,2026-06-03,R01,B001,5,2,0,0,Rain,0.498,8.0,50.8,15.1,Completed
T000189,2026-06-03,R01,B003,6,2,0,0,Rain,0.413,22.0,50.8,12.2,Completed
T000190,2026-06-03,R01,B002,7,2,0,0,Rain,0.436,25.0,50.8,15.1,Completed
T000191,2026-06-03,R01,B003,8,2,0,0,Rain,0.993,49.0,50.8,12.6,Completed
T000192,2026-06-03,R01,B001,9,2,0,0,Rain,0.966,42.0,50.8,18.6,Completed
T000193,2026-06-03,R01,B002,13,2,0,0,Rain,0.439,28.0,50.8,10.7,Completed
T000194,2026-06-03,R01,B003,15,2,0,0,Rain,0.46,33.0,50.8,15.5,Completed
T000195,2026-06-03,R01,B003,17,2,0,0,Rain,0.958,51.0,50.8,15.1,Completed
T000196,2026-06-03,R01,B004,18,2,0,0,Rain,0.974,30.0,50.8,13.8,Completed
T000197,2026-06-03,R01,B002,20,2,0,0,Rain,0.433,19.0,50.8,18.0,Completed
T000198,2026-06-03,R02,B005,6,2,0,0,Rain,0.454,12.0,36.4,7.7,Completed
T000199,2026-06-03,R02,B005,8,2,0,0,Rain,0.988,19.0,36.4,20.6,Completed
T000200,2026-06-03,R02,B007,9,2,0,0,Rain,0.961,47.0,36.4,8.0,Completed
T000201,2026-06-03,R02,B007,11,2,0,0,Rain,0.484,19.0,36.4,12.3,Completed
T000202,2026-06-03,R02,B008,15,2,0,0,Rain,0.467,0.0,36.4,,Cancelled
T000203,2026-06-03,R02,B007,17,2,0,0,Rain,0.914,38.0,36.4,10.2,Completed
T000204,2026-06-03,R02,B005,18,2,0,0,Rain,0.94,31.0,36.4,23.8,Completed
T000205,2026-06-03,R02,B006,19,2,0,0,Rain,0.463,0.0,36.4,,Cancelled
T000206,2026-06-03,R02,B007,21,2,0,0,Rain,0.496,11.0,36.4,8.6,Completed
T000207,2026-06-03,R03,B011,5,2,0,0,Rain,0.494,7.0,58.8,14.1,Completed
T000208,2026-06-03,R03,B012,8,2,0,0,Rain,0.957,43.0,58.8,18.8,Completed
T000209,2026-06-03,R03,B010,9,2,0,0,Rain,0.919,45.0,58.8,16.1,Completed
T000210,2026-06-03,R03,B009,10,2,0,0,Rain,0.483,25.0,58.8,15.5,Completed
T000211,2026-06-03,R03,B011,12,2,0,0,Rain,0.455,,58.8,13.4,Completed
T000212,2026-06-03,R03,B010,13,2,0,0,Rain,0.446,22.0,58.8,8.6,Completed
T000213,2026-06-03,R03,B010,16,2,0,0,Rain,0.493,34.0,58.8,12.8,Completed
T000214,2026-06-03,R03,B010,17,2,0,0,Rain,0.998,41.0,58.8,19.9,Completed
T000215,2026-06-03,R03,B011,18,2,0,0,Rain,0.905,39.0,58.8,16.5,Completed
T000216,2026-06-03,R03,B010,19,2,0,0,,0.491,30.0,58.8,14.3,Completed
T000217,2026-06-03,R03,B009,20,2,0,0,Rain,0.486,16.0,58.8,18.4,Completed
T000218,2026-06-03,R04,B016,6,2,0,0,Rain,0.438,9.0,28.4,9.9,Completed
T000219,2026-06-03,R04,B015,8,2,0,0,Rain,0.943,34.0,28.4,21.0,Completed
T000220,2026-06-03,R04,B014,9,2,0,0,Rain,0.919,36.0,28.4,11.7,Completed
T000221,2026-06-03,R04,B016,12,2,0,0,Rain,0.448,12.0,28.4,11.7,Completed
T000222,2026-06-03,R04,B015,14,2,0,0,Rain,0.405,22.0,28.4,17.1,Completed
T000223,2026-06-03,R04,B016,17,2,0,0,Rain,0.978,29.0,28.4,16.6,Completed
T000224,2026-06-03,R04,B015,18,2,0,0,Rain,0.935,34.0,28.4,21.8,Completed
T000225,2026-06-03,R04,B015,21,2,0,0,Rain,0.474,7.0,28.4,9.1,Completed
T000226,2026-06-03,R05,B018,7,2,0,0,Rain,0.475,14.0,44.4,12.8,Completed
T000227,2026-06-03,R05,B019,8,2,0,0,Rain,0.92,35.0,44.4,20.0,Completed
T000228,2026-06-03,R05,B017,9,2,0,0,Rain,0.971,27.0,44.4,19.8,Completed
T000229,2026-06-03,R05,B020,14,2,0,0,Rain,0.407,12.0,44.4,11.0,Completed
T000230,2026-06-03,R05,B017,15,2,0,0,Rain,0.445,15.0,44.4,9.0,Completed
T000231,2026-06-03,R05,B017,17,2,0,0,Rain,0.924,27.0,44.4,22.6,Completed
T000232,2026-06-03,R05,B018,18,2,0,0,Rain,0.93,16.0,44.4,13.7,Completed
T000233,2026-06-03,R05,B019,19,2,0,0,Rain,0.45,23.0,44.4,6.8,Completed
T000234,2026-06-03,R05,B017,20,2,0,0,Rain,0.491,12.0,44.4,14.6,Completed
T000235,2026-06-03,R06,B021,8,2,0,0,Rain,0.955,26.0,41.2,25.3,Completed
T000236,2026-06-03,R06,B021,9,2,0,0,Rain,0.999,44.0,41.2,19.0,Completed
T000237,2026-06-03,R06,B022,12,2,0,0,Rain,0.494,13.0,41.2,8.9,Completed
T000238,2026-06-03,R06,B023,16,2,0,0,Rain,0.483,25.0,41.2,11.4,Completed
T000239,2026-06-03,R06,B021,17,2,0,0,Rain,0.926,30.0,41.2,19.4,Completed
T000240,2026-06-03,R06,B022,18,2,0,0,Rain,0.928,28.0,41.2,17.0,Completed
T000241,2026-06-03,R06,B021,21,2,0,0,Rain,0.477,9.0,41.2,9.2,Completed
T000242,2026-06-03,R07,B025,6,2,0,0,Rain,0.404,11.0,33.2,11.9,Completed
T000243,2026-06-03,R07,B025,8,2,0,0,Rain,0.975,15.0,33.2,22.0,Completed
T000244,2026-06-03,R07,B025,9,2,0,0,Rain,0.986,25.0,33.2,17.2,Completed
T000245,2026-06-03,R07,B025,12,2,0,0,Rain,0.425,11.0,33.2,12.5,Completed
T000246,2026-06-03,R07,B026,17,2,0,0,Rain,0.991,17.0,33.2,20.3,Completed
T000247,2026-06-03,R07,B027,18,2,0,0,Rain,0.914,22.0,33.2,20.1,Completed
T000248,2026-06-03,R07,B027,19,2,0,0,Rain,0.404,18.0,33.2,12.5,Completed
T000249,2026-06-03,R07,B026,21,2,0,0,Rain,0.485,6.0,33.2,14.5,Completed
T000250,2026-06-03,R08,B031,6,2,0,0,Rain,0.476,10.0,26.8,11.7,Completed
T000251,2026-06-03,R08,B031,7,2,0,0,Rain,0.488,16.0,26.8,6.6,Completed
T000252,2026-06-03,R08,B032,8,2,0,0,Rain,0.929,34.0,26.8,13.9,Completed
T000253,2026-06-03,R08,B030,9,2,0,0,Rain,0.94,26.0,26.8,16.7,Completed
T000254,2026-06-03,R08,B030,10,2,0,0,Rain,0.468,18.0,26.8,7.8,Completed
T000255,2026-06-03,R08,B031,11,2,0,0,Rain,0.492,19.0,26.8,7.8,Completed
T000256,2026-06-03,R08,B031,13,2,0,0,Rain,0.409,16.0,26.8,10.1,Completed
T000257,2026-06-03,R08,B031,14,2,0,0,Rain,0.498,14.0,26.8,12.5,Completed
T000258,2026-06-03,R08,B029,16,2,0,0,Rain,0.466,13.0,26.8,10.6,Completed
T000259,2026-06-03,R08,B030,17,2,0,0,Rain,0.95,23.0,26.8,20.2,Completed
T000260,2026-06-03,R08,B030,18,2,0,0,Rain,0.94,31.0,26.8,16.6,Completed
T000261,2026-06-03,R08,B032,20,2,0,0,Rain,0.489,11.0,26.8,14.4,Completed
T000262,2026-06-03,R09,B033,7,2,0,0,Rain,0.471,13.0,63.6,6.3,Completed
T000263,2026-06-03,R09,B034,8,2,0,0,Rain,0.964,23.0,63.6,18.3,Completed
T000264,2026-06-03,R09,B036,9,2,0,0,Rain,0.958,18.0,63.6,16.1,Completed
T000265,2026-06-03,R09,B035,10,2,0,0,,0.417,11.0,63.6,15.8,Completed
T000266,2026-06-03,R09,B033,12,2,0,0,Rain,0.407,11.0,63.6,9.7,Completed
T000267,2026-06-03,R09,B034,13,2,0,0,Rain,0.488,12.0,63.6,12.5,Completed
T000268,2026-06-03,R09,B033,17,2,0,0,Rain,0.926,19.0,63.6,23.2,Completed
T000269,2026-06-03,R09,B034,18,2,0,0,Rain,0.969,19.0,63.6,17.2,Completed
T000270,2026-06-03,R09,B035,21,2,0,0,Rain,0.43,5.0,63.6,16.1,Completed
T000271,2026-06-03,R10,B039,5,2,0,0,Rain,0.461,3.0,38.0,11.0,Completed
T000272,2026-06-03,R10,B037,6,2,0,0,Rain,0.407,6.0,38.0,9.0,Completed
T000273,2026-06-03,R10,B039,8,2,0,0,Rain,0.974,18.0,38.0,17.2,Completed
T000274,2026-06-03,R10,B037,9,2,0,0,Rain,0.993,17.0,38.0,17.1,Completed
T000275,2026-06-03,R10,B040,10,2,0,0,Rain,0.407,18.0,38.0,2.5,Completed
T000276,2026-06-03,R10,B037,13,2,0,0,Rain,0.418,0.0,38.0,,Cancelled
T000277,2026-06-03,R10,B039,15,2,0,0,Rain,0.473,11.0,38.0,9.9,Completed
T000278,2026-06-03,R10,B040,16,2,0,0,Rain,0.463,19.0,38.0,9.5,Completed
T000279,2026-06-03,R10,B039,17,2,0,0,Rain,0.923,21.0,38.0,16.3,Completed
T000280,2026-06-03,R10,B037,18,2,0,0,Rain,0.922,22.0,38.0,15.6,Completed
T000281,2026-06-03,R10,B039,19,2,0,0,Rain,0.499,16.0,38.0,12.7,Completed
T000282,2026-06-03,R10,B038,20,2,0,0,Rain,0.42,12.0,38.0,7.3,Completed
T000283,2026-06-04,R01,B001,5,3,0,0,Heat,0.341,11.0,50.8,9.1,Completed
T000284,2026-06-04,R01,B004,7,3,0,0,Heat,0.314,29.0,50.8,12.4,Completed
T000285,2026-06-04,R01,B003,8,3,0,0,Heat,0.763,60.0,50.8,6.0,Completed
T000286,2026-06-04,R01,B002,9,3,0,0,Heat,0.805,48.0,50.8,14.4,Completed
T000287,2026-06-04,R01,B004,10,3,0,0,Heat,0.278,37.0,50.8,8.9,Completed
T000288,2026-06-04,R01,B003,12,3,0,0,Heat,0.311,34.0,50.8,1.9,Completed
T000289,2026-06-04,R01,B003,13,3,0,0,Heat,0.339,33.0,50.8,4.8,Completed
T000290,2026-06-04,R01,B004,17,3,0,0,Heat,0.81,38.0,50.8,8.4,Completed
T000291,2026-06-04,R01,B001,18,3,0,0,Heat,0.786,36.0,50.8,16.5,Completed
T000292,2026-06-04,R01,B001,19,3,0,0,Heat,0.294,34.0,50.8,5.2,Completed
T000293,2026-06-04,R01,B004,20,3,0,0,Heat,0.321,24.0,50.8,5.7,Completed
T000294,2026-06-04,R02,B008,8,3,0,0,Heat,0.832,34.0,36.4,14.7,Completed
T000295,2026-06-04,R02,B005,9,3,0,0,Heat,0.842,28.0,36.4,13.1,Completed
T000296,2026-06-04,R02,B006,10,3,0,0,Heat,0.347,35.0,36.4,9.1,Completed
T000297,2026-06-04,R02,B007,11,3,0,0,Heat,0.311,18.0,36.4,7.7,Completed
T000298,2026-06-04,R02,B005,12,3,0,0,Heat,0.323,12.0,36.4,10.2,Completed
T000299,2026-06-04,R02,B006,14,3,0,0,Heat,0.323,27.0,36.4,9.4,Completed
T000300,2026-06-04,R02,B005,16,3,0,0,Heat,0.272,27.0,36.4,6.1,Completed
T000301,2026-06-04,R02,B008,17,3,0,0,Heat,0.812,30.0,36.4,11.6,Completed
T000302,2026-06-04,R02,B008,18,3,0,0,Heat,0.759,35.0,36.4,7.9,Completed
T000303,2026-06-04,R02,B006,20,3,0,0,Heat,0.279,15.0,36.4,4.7,Completed
T000304,2026-06-04,R02,B007,21,3,0,0,Heat,0.345,10.0,36.4,3.2,Completed
T000305,2026-06-04,R03,B010,8,3,0,0,Heat,0.779,40.0,58.8,12.5,Completed
T000306,2026-06-04,R03,B010,9,3,0,0,Heat,0.778,47.0,58.8,18.9,Completed
T000307,2026-06-04,R03,B009,10,3,0,0,Heat,0.251,29.0,58.8,9.0,Completed
T000308,2026-06-04,R03,B010,11,3,0,0,Heat,0.288,0.0,58.8,,Cancelled
T000309,2026-06-04,R03,B011,16,3,0,0,Heat,0.252,34.0,58.8,6.4,Completed
T000310,2026-06-04,R03,B009,17,3,0,0,Heat,0.813,30.0,58.8,20.9,Completed
T000311,2026-06-04,R03,B011,18,3,0,0,Heat,0.765,0.0,58.8,,Cancelled
T000312,2026-06-04,R03,B009,20,3,0,0,Heat,0.298,19.0,58.8,10.0,Completed
T000313,2026-06-04,R04,B013,5,3,0,0,Heat,0.277,7.0,28.4,5.0,Completed
T000314,2026-06-04,R04,B014,6,3,0,0,Heat,0.347,16.0,28.4,5.5,Completed
T000315,2026-06-04,R04,B015,8,3,0,0,,0.836,34.0,28.4,12.3,Completed
T000316,2026-06-04,R04,B016,9,3,0,0,Heat,0.753,30.0,28.4,12.5,Completed
T000317,2026-06-04,R04,B015,11,3,0,0,Heat,0.276,20.0,28.4,9.0,Completed
T000318,2026-06-04,R04,B014,14,3,0,0,Heat,0.271,21.0,28.4,1.5,Completed
T000319,2026-06-04,R04,B014,17,3,0,0,Heat,0.825,40.0,28.4,13.2,Completed
T000320,2026-06-04,R04,B016,18,3,0,0,Heat,0.821,22.0,28.4,16.3,Completed
T000321,2026-06-04,R05,B017,5,3,0,0,,0.251,7.0,44.4,3.9,Completed
T000322,2026-06-04,R05,B019,8,3,0,0,Heat,0.778,29.0,44.4,12.5,Completed
T000323,2026-06-04,R05,B019,9,3,0,0,Heat,0.783,43.0,44.4,13.8,Completed
T000324,2026-06-04,R05,B020,10,3,0,0,Heat,0.343,21.0,44.4,3.9,Completed
T000325,2026-06-04,R05,B019,11,3,0,0,Heat,0.326,21.0,44.4,7.6,Completed
T000326,2026-06-04,R05,B018,12,3,0,0,Heat,0.281,11.0,44.4,1.5,Completed
T000327,2026-06-04,R05,B020,13,3,0,0,Heat,0.259,16.0,44.4,6.6,Completed
T000328,2026-06-04,R05,B019,14,3,0,0,Heat,0.336,16.0,44.4,7.9,Completed
T000329,2026-06-04,R05,B019,17,3,0,0,Heat,0.789,34.0,44.4,12.9,Completed
T000330,2026-06-04,R05,B020,18,3,0,0,Heat,0.783,32.0,44.4,8.1,Completed
T000331,2026-06-04,R06,B024,5,3,0,0,Heat,0.291,11.0,41.2,4.5,Completed
T000332,2026-06-04,R06,B022,6,3,0,0,Heat,0.334,13.0,41.2,6.1,Completed
T000333,2026-06-04,R06,B024,7,3,0,0,Heat,0.276,26.0,41.2,12.1,Completed
T000334,2026-06-04,R06,B021,8,3,0,0,Heat,0.756,29.0,41.2,15.7,Completed
T000335,2026-06-04,R06,B023,9,3,0,0,Heat,0.816,41.0,41.2,10.4,Completed
T000336,2026-06-04,R06,B021,12,3,0,0,Heat,0.322,17.0,41.2,6.1,Completed
T000337,2026-06-04,R06,B023,13,3,0,0,Heat,0.337,27.0,41.2,9.7,Completed
T000338,2026-06-04,R06,B021,15,3,0,0,Heat,0.345,18.0,41.2,5.4,Completed
T000339,2026-06-04,R06,B024,17,3,0,0,Heat,0.775,44.0,41.2,11.5,Completed
T000340,2026-06-04,R06,B022,18,3,0,0,Heat,0.784,38.0,41.2,5.2,Completed
T000341,2026-06-04,R06,B022,19,3,0,0,Heat,0.264,23.0,41.2,10.6,Completed
T000342,2026-06-04,R07,B027,8,3,0,0,Heat,0.776,25.0,33.2,12.2,Completed
T000343,2026-06-04,R07,B025,9,3,0,0,Heat,0.788,,33.2,16.2,Completed
T000344,2026-06-04,R07,B028,10,3,0,0,Heat,0.329,16.0,33.2,5.5,Completed
T000345,2026-06-04,R07,B025,11,3,0,0,Heat,0.259,11.0,33.2,6.7,Completed
T000346,2026-06-04,R07,B027,13,3,0,0,Heat,0.337,15.0,33.2,5.3,Completed
T000347,2026-06-04,R07,B026,14,3,0,0,Heat,0.254,11.0,33.2,8.3,Completed
T000348,2026-06-04,R07,B025,15,3,0,0,Heat,0.292,12.0,33.2,3.2,Completed
T000349,2026-06-04,R07,B026,17,3,0,0,Heat,0.826,17.0,33.2,12.5,Completed
T000350,2026-06-04,R07,B026,18,3,0,0,Heat,0.811,24.0,33.2,14.7,Completed
T000351,2026-06-04,R07,B026,19,3,0,0,Heat,0.25,17.0,33.2,3.4,Completed
T000352,2026-06-04,R08,B031,8,3,0,0,Heat,0.81,30.0,26.8,3.8,Completed
T000353,2026-06-04,R08,B029,9,3,0,0,Heat,0.785,28.0,26.8,13.1,Completed
T000354,2026-06-04,R08,B031,11,3,0,0,Heat,0.253,12.0,26.8,6.1,Completed
T000355,2026-06-04,R08,B031,13,3,0,0,Heat,0.27,15.0,26.8,-1.5,Completed
T000356,2026-06-04,R08,B032,15,3,0,0,Heat,0.264,21.0,26.8,7.5,Completed
T000357,2026-06-04,R08,B032,17,3,0,0,Heat,0.767,40.0,26.8,16.1,Completed
T000358,2026-06-04,R08,B030,18,3,0,0,Heat,0.757,42.0,26.8,9.8,Completed
T000359,2026-06-04,R08,B031,21,3,0,0,Heat,0.305,9.0,26.8,3.4,Completed
T000360,2026-06-04,R09,B033,6,3,0,0,Heat,0.265,9.0,63.6,7.6,Completed
T000361,2026-06-04,R09,B035,7,3,0,0,Heat,0.319,14.0,63.6,8.6,Completed
T000362,2026-06-04,R09,B036,8,3,0,0,Heat,0.783,20.0,63.6,13.0,Completed
T000363,2026-06-04,R09,B036,9,3,0,0,Heat,0.837,24.0,63.6,14.2,Completed
T000364,2026-06-04,R09,B035,10,3,0,0,Heat,0.265,16.0,63.6,5.3,Completed
T000365,2026-06-04,R09,B035,11,3,0,0,Heat,0.325,13.0,63.6,11.9,Completed
T000366,2026-06-04,R09,B034,14,3,0,0,Heat,0.276,10.0,63.6,11.1,Completed
T000367,2026-06-04,R09,B033,15,3,0,0,Heat,0.329,13.0,63.6,8.2,Completed
T000368,2026-06-04,R09,B033,17,3,0,0,Heat,0.783,27.0,63.6,17.7,Completed
T000369,2026-06-04,R09,B035,18,3,0,0,Heat,0.804,32.0,63.6,17.7,Completed
T000370,2026-06-04,R09,B036,21,3,0,0,Heat,0.27,5.0,63.6,11.6,Completed
T000371,2026-06-04,R10,B040,5,3,0,0,Heat,0.257,5.0,38.0,4.1,Completed
T000372,2026-06-04,R10,B040,6,3,0,0,Heat,0.309,9.0,38.0,6.7,Completed
T000373,2026-06-04,R10,B039,7,3,0,0,Heat,0.316,16.0,38.0,4.9,Completed
T000374,2026-06-04,R10,B038,8,3,0,0,Heat,0.804,23.0,38.0,7.1,Completed
T000375,2026-06-04,R10,B039,9,3,0,0,Heat,0.808,26.0,38.0,9.6,Completed
T000376,2026-06-04,R10,B037,10,3,0,0,Heat,0.312,17.0,38.0,1.7,Completed
T000377,2026-06-04,R10,B039,13,3,0,0,Heat,0.318,11.0,38.0,9.8,Completed
T000378,2026-06-04,R10,B040,14,3,0,0,Heat,0.309,12.0,38.0,2.7,Completed
T000379,2026-06-04,R10,B040,15,3,0,0,Heat,0.302,19.0,38.0,3.2,Completed
T000380,2026-06-04,R10,B040,17,3,0,0,Heat,0.844,26.0,38.0,16.5,Completed
T000381,2026-06-04,R10,B039,18,3,0,0,Heat,0.788,22.0,38.0,7.8,Completed
T000382,2026-06-04,R10,B040,19,3,0,0,Heat,0.346,20.0,38.0,8.0,Completed
T000383,2026-06-04,R10,B037,20,3,0,0,Heat,0.305,11.0,38.0,6.7,Completed
T000384,2026-06-05,R01,B004,5,4,0,0,Rain,0.428,9.0,50.8,14.9,Completed
T000385,2026-06-05,R01,B004,7,4,0,0,Rain,0.446,25.0,50.8,8.0,Completed
T000386,2026-06-05,R01,B001,8,4,0,0,Rain,0.915,34.0,50.8,17.7,Completed
T000387,2026-06-05,R01,B002,9,4,0,0,Rain,0.956,50.0,50.8,18.3,Completed
T000388,2026-06-05,R01,B003,11,4,0,0,Rain,0.483,27.0,50.8,5.1,Completed
T000389,2026-06-05,R01,B004,12,4,0,0,Rain,0.402,30.0,50.8,10.4,Completed
T000390,2026-06-05,R01,B002,17,4,0,0,Rain,0.925,43.0,50.8,17.9,Completed
T000391,2026-06-05,R01,B001,18,4,0,0,Rain,0.929,50.0,50.8,26.7,Completed
T000392,2026-06-05,R01,B002,19,4,0,0,Rain,0.429,36.0,50.8,13.6,Completed
T000393,2026-06-05,R02,B008,5,4,0,0,Rain,0.475,8.0,36.4,14.0,Completed
T000394,2026-06-05,R02,B008,8,4,0,0,Rain,1.0,35.0,36.4,15.8,Completed
T000395,2026-06-05,R02,B007,9,4,0,0,Rain,0.962,38.0,36.4,21.7,Completed
T000396,2026-06-05,R02,B006,10,4,0,0,Rain,0.403,22.0,36.4,17.8,Completed
T000397,2026-06-05,R02,B006,17,4,0,0,Rain,0.965,48.0,36.4,16.3,Completed
T000398,2026-06-05,R02,B005,18,4,0,0,Rain,0.994,32.0,36.4,20.1,Completed
T000399,2026-06-05,R02,B005,20,4,0,0,Rain,0.414,17.0,36.4,6.7,Completed
T000400,2026-06-05,R03,B010,5,4,0,0,Rain,0.482,6.0,58.8,15.4,Completed
T000401,2026-06-05,R03,B012,8,4,0,0,Rain,0.99,45.0,58.8,24.3,Completed
T000402,2026-06-05,R03,B012,9,4,0,0,Rain,0.957,53.0,58.8,21.3,Completed
T000403,2026-06-05,R03,B009,14,4,0,0,Rain,0.452,14.0,58.8,11.0,Completed
T000404,2026-06-05,R03,B010,15,4,0,0,Rain,,26.0,58.8,13.3,Completed
T000405,2026-06-05,R03,B009,16,4,0,0,Rain,0.488,26.0,58.8,15.3,Completed
T000406,2026-06-05,R03,B009,17,4,0,0,Rain,0.999,32.0,58.8,22.6,Completed
T000407,2026-06-05,R03,B012,18,4,0,0,Rain,0.939,34.0,58.8,22.9,Completed
T000408,2026-06-05,R03,B012,19,4,0,0,Rain,0.44,34.0,58.8,17.3,Completed
T000409,2026-06-05,R03,B012,20,4,0,0,Rain,0.407,17.0,58.8,8.4,Completed
T000410,2026-06-05,R04,B014,7,4,0,0,Rain,0.45,27.0,28.4,8.7,Completed
T000411,2026-06-05,R04,B016,8,4,0,0,Rain,0.985,25.0,28.4,15.4,Completed
T000412,2026-06-05,R04,B016,9,4,0,0,Rain,0.924,24.0,28.4,16.2,Completed
T000413,2026-06-05,R04,B015,10,4,0,0,Rain,0.488,0.0,28.4,,Cancelled
T000414,2026-06-05,R04,B013,12,4,0,0,Rain,0.469,18.0,28.4,13.1,Completed
T000415,2026-06-05,R04,B015,13,4,0,0,Rain,0.489,22.0,28.4,12.0,Completed
T000416,2026-06-05,R04,B014,14,4,0,0,Rain,0.425,20.0,28.4,14.5,Completed
T000417,2026-06-05,R04,B013,16,4,0,0,Rain,0.456,21.0,28.4,14.5,Completed
T000418,2026-06-05,R04,B015,17,4,0,0,Rain,0.917,24.0,28.4,17.4,Completed
T000419,2026-06-05,R04,B014,18,4,0,0,Rain,0.9,35.0,28.4,18.5,Completed
T000420,2026-06-05,R05,B019,6,4,0,0,Rain,0.458,9.0,44.4,14.1,Completed
T000421,2026-06-05,R05,B018,7,4,0,0,Rain,0.478,11.0,44.4,13.8,Completed
T000422,2026-06-05,R05,B017,8,4,0,0,Rain,0.923,19.0,44.4,12.7,Completed
T000423,2026-06-05,R05,B020,9,4,0,0,Rain,0.987,35.0,44.4,18.5,Completed
T000424,2026-06-05,R05,B019,10,4,0,0,Rain,0.492,27.0,44.4,9.8,Completed
T000425,2026-06-05,R05,B018,11,4,0,0,Rain,0.468,12.0,44.4,4.6,Completed
T000426,2026-06-05,R05,B020,12,4,0,0,Rain,0.489,17.0,44.4,10.8,Completed
T000427,2026-06-05,R05,B020,13,4,0,0,Rain,0.426,17.0,44.4,13.4,Completed
T000428,2026-06-05,R05,B019,14,4,0,0,Rain,0.435,13.0,44.4,13.0,Completed
T000429,2026-06-05,R05,B020,16,4,0,0,Rain,0.484,16.0,44.4,7.4,Completed
T000430,2026-06-05,R05,B017,17,4,0,0,Rain,0.958,27.0,44.4,15.8,Completed
T000431,2026-06-05,R05,B017,18,4,0,0,Rain,0.949,25.0,44.4,18.8,Completed
T000432,2026-06-05,R05,B020,21,4,0,0,Rain,0.417,0.0,44.4,,Cancelled
T000433,2026-06-05,R06,B021,6,4,0,0,Rain,0.428,14.0,41.2,9.4,Completed
T000434,2026-06-05,R06,B024,8,4,0,0,Rain,0.996,29.0,41.2,15.0,Completed
T000435,2026-06-05,R06,B021,9,4,0,0,Rain,0.981,26.0,41.2,24.9,Completed
T000436,2026-06-05,R06,B022,11,4,0,0,Rain,0.464,16.0,41.2,9.7,Completed
T000437,2026-06-05,R06,B021,13,4,0,0,Rain,0.443,16.0,41.2,17.7,Completed
T000438,2026-06-05,R06,B024,14,4,0,0,Rain,0.406,20.0,41.2,9.6,Completed
T000439,2026-06-05,R06,B024,16,4,0,0,Rain,0.432,27.0,41.2,7.5,Completed
T000440,2026-06-05,R06,B023,17,4,0,0,Rain,0.946,41.0,41.2,18.4,Completed
T000441,2026-06-05,R06,B024,18,4,0,0,Rain,0.941,47.0,41.2,18.6,Completed
T000442,2026-06-05,R06,B024,19,4,0,0,Rain,0.462,20.0,41.2,240.0,Completed
T000443,2026-06-05,R07,B028,8,4,0,0,Rain,0.916,14.0,33.2,20.2,Completed
T000444,2026-06-05,R07,B026,9,4,0,0,Rain,0.902,23.0,33.2,15.3,Completed
T000445,2026-06-05,R07,B027,11,4,0,0,Rain,0.462,9.0,33.2,20.5,Completed
T000446,2026-06-05,R07,B027,12,4,0,0,Rain,0.462,14.0,33.2,12.7,Completed
T000447,2026-06-05,R07,B026,14,4,0,0,Rain,0.465,11.0,33.2,14.8,Completed
T000448,2026-06-05,R07,B028,15,4,0,0,Rain,0.47,10.0,33.2,10.6,Completed
T000449,2026-06-05,R07,B025,17,4,0,0,Rain,0.985,24.0,33.2,16.9,Completed
T000450,2026-06-05,R07,B026,18,4,0,0,Rain,0.916,18.0,33.2,15.8,Completed
T000451,2026-06-05,R07,B027,19,4,0,0,Rain,0.437,14.0,33.2,9.0,Completed
T000452,2026-06-05,R07,B028,20,4,0,0,Rain,0.467,6.0,33.2,10.4,Completed
T000453,2026-06-05,R08,B030,6,4,0,0,Rain,0.422,9.0,26.8,9.5,Completed
T000454,2026-06-05,R08,B030,8,4,0,0,Rain,0.996,26.0,26.8,19.8,Completed
T000455,2026-06-05,R08,B031,9,4,0,0,Rain,0.991,28.0,26.8,14.6,Completed
T000456,2026-06-05,R08,B032,12,4,0,0,Rain,0.497,14.0,26.8,16.2,Completed
T000457,2026-06-05,R08,B031,16,4,0,0,Rain,0.418,17.0,26.8,240.0,Completed
T000458,2026-06-05,R08,B030,17,4,0,0,Rain,0.982,28.0,26.8,17.3,Completed
T000459,2026-06-05,R08,B031,18,4,0,0,Rain,0.961,29.0,26.8,22.6,Completed
T000460,2026-06-05,R09,B035,7,4,0,0,Rain,0.482,15.0,63.6,15.8,Completed
T000461,2026-06-05,R09,B034,8,4,0,0,Rain,0.966,18.0,63.6,21.5,Completed
T000462,2026-06-05,R09,B034,9,4,0,0,Rain,0.924,17.0,63.6,22.6,Completed
T000463,2026-06-05,R09,B035,10,4,0,0,Rain,,17.0,63.6,12.6,Completed
T000464,2026-06-05,R09,B034,11,4,0,0,Rain,0.47,11.0,63.6,15.1,Completed
T000465,2026-06-05,R09,B034,16,4,0,0,Rain,0.447,12.0,63.6,14.2,Completed
T000466,2026-06-05,R09,B034,17,4,0,0,Rain,0.96,20.0,63.6,19.7,Completed
T000467,2026-06-05,R09,B035,18,4,0,0,Rain,0.999,0.0,63.6,,Cancelled
T000468,2026-06-05,R09,B033,20,4,0,0,Rain,0.438,8.0,63.6,13.2,Completed
T000469,2026-06-05,R09,B036,21,4,0,0,Rain,0.446,4.0,63.6,11.1,Completed
T000470,2026-06-05,R10,B038,5,4,0,0,Rain,0.41,5.0,38.0,10.6,Completed
T000471,2026-06-05,R10,B039,7,4,0,0,Rain,0.422,,38.0,14.5,Completed
T000472,2026-06-05,R10,B038,8,4,0,0,Rain,0.988,33.0,38.0,15.3,Completed
T000473,2026-06-05,R10,B039,9,4,0,0,Rain,0.945,21.0,38.0,20.3,Completed
T000474,2026-06-05,R10,B038,10,4,0,0,Rain,0.487,17.0,38.0,9.4,Completed
T000475,2026-06-05,R10,B039,11,4,0,0,Rain,0.422,14.0,38.0,9.3,Completed
T000476,2026-06-05,R10,B037,12,4,0,0,Rain,0.432,10.0,38.0,7.8,Completed
T000477,2026-06-05,R10,B038,13,4,0,0,Rain,0.492,10.0,38.0,7.1,Completed
T000478,2026-06-05,R10,B038,17,4,0,0,Rain,0.917,27.0,38.0,11.8,Completed
T000479,2026-06-05,R10,B039,18,4,0,0,Rain,0.968,17.0,38.0,17.9,Completed
T000480,2026-06-05,R10,B038,19,4,0,0,Rain,0.426,15.0,38.0,9.8,Completed
T000481,2026-06-05,R10,B038,20,4,0,0,Rain,0.416,10.0,38.0,10.5,Completed
T000482,2026-06-06,R01,B003,8,5,1,0,Clear,0.613,39.0,50.8,5.3,Completed
T000483,2026-06-06,R01,B002,9,5,1,0,Clear,0.61,37.0,50.8,13.6,Completed
T000484,2026-06-06,R01,B002,10,5,1,0,Clear,0.178,25.0,50.8,5.7,Completed
T000485,2026-06-06,R01,B004,11,5,1,0,Clear,0.106,21.0,50.8,6.1,Completed
T000486,2026-06-06,R01,B004,12,5,1,0,Clear,0.118,19.0,50.8,0.4,Completed
T000487,2026-06-06,R01,B002,17,5,1,0,Clear,0.631,,50.8,7.6,Completed
T000488,2026-06-06,R01,B004,18,5,1,0,Clear,0.66,33.0,50.8,14.9,Completed
T000489,2026-06-06,R01,B004,20,5,1,0,Clear,0.167,21.0,50.8,8.0,Completed
T000490,2026-06-06,R02,B007,5,5,1,0,Clear,0.136,6.0,36.4,2.6,Completed
T000491,2026-06-06,R02,B005,8,5,1,0,Clear,0.608,28.0,36.4,12.6,Completed
T000492,2026-06-06,R02,B008,9,5,1,0,Clear,0.62,31.0,36.4,6.5,Completed
T000493,2026-06-06,R02,B008,10,5,1,0,Clear,0.156,22.0,36.4,4.1,Completed
T000494,2026-06-06,R02,B007,11,5,1,0,Clear,0.192,13.0,36.4,4.3,Completed
T000495,2026-06-06,R02,B006,17,5,1,0,Clear,0.679,44.0,36.4,10.9,Completed
T000496,2026-06-06,R02,B005,18,5,1,0,Clear,0.601,25.0,36.4,9.0,Completed
T000497,2026-06-06,R02,B005,19,5,1,0,Clear,0.17,17.0,36.4,5.8,Completed
T000498,2026-06-06,R02,B007,21,5,1,0,Clear,0.148,7.0,36.4,10.6,Completed
T000499,2026-06-06,R03,B012,8,5,1,0,Clear,0.636,33.0,58.8,13.1,Completed
T000500,2026-06-06,R03,B010,9,5,1,0,Clear,0.63,29.0,58.8,15.2,Completed
T000501,2026-06-06,R03,B012,10,5,1,0,Clear,0.147,20.0,58.8,8.8,Completed
T000502,2026-06-06,R03,B009,13,5,1,0,Clear,0.11,13.0,58.8,7.5,Completed
T000503,2026-06-06,R03,B012,15,5,1,0,Clear,0.148,17.0,58.8,2.0,Completed
T000504,2026-06-06,R03,B009,16,5,1,0,Clear,0.195,18.0,58.8,10.0,Completed
T000505,2026-06-06,R03,B009,17,5,1,0,Clear,0.67,22.0,58.8,16.0,Completed
T000506,2026-06-06,R03,B010,18,5,1,0,Clear,0.611,31.0,58.8,13.2,Completed
T000507,2026-06-06,R03,B009,21,5,1,0,Clear,0.142,6.0,58.8,9.2,Completed
T000508,2026-06-06,R04,B015,5,5,1,0,Clear,0.158,7.0,28.4,8.6,Completed
T000509,2026-06-06,R04,B013,6,5,1,0,Clear,0.148,10.0,28.4,3.7,Completed
T000510,2026-06-06,R04,B016,8,5,1,0,Clear,0.672,22.0,28.4,4.9,Completed
T000511,2026-06-06,R04,B015,9,5,1,0,Clear,0.693,26.0,28.4,13.6,Completed
T000512,2026-06-06,R04,B013,12,5,1,0,Clear,0.11,0.0,28.4,,Cancelled
T000513,2026-06-06,R04,B013,14,5,1,0,Clear,0.16,15.0,28.4,6.2,Completed
T000514,2026-06-06,R04,B014,17,5,1,0,Clear,0.603,,28.4,13.8,Completed
T000515,2026-06-06,R04,B014,18,5,1,0,Clear,0.688,27.0,28.4,10.8,Completed
T000516,2026-06-06,R04,B016,19,5,1,0,Clear,0.11,14.0,28.4,1.6,Completed
T000517,2026-06-06,R04,B016,20,5,1,0,Clear,0.177,9.0,28.4,2.2,Completed
T000518,2026-06-06,R05,B020,8,5,1,0,Clear,0.668,20.0,44.4,13.1,Completed
T000519,2026-06-06,R05,B018,9,5,1,0,Clear,,24.0,44.4,10.3,Completed
T000520,2026-06-06,R05,B019,10,5,1,0,Clear,0.144,21.0,44.4,3.2,Completed
T000521,2026-06-06,R05,B018,15,5,1,0,Clear,0.145,12.0,44.4,8.3,Completed
T000522,2026-06-06,R05,B017,16,5,1,0,Clear,0.12,14.0,44.4,1.6,Completed
T000523,2026-06-06,R05,B018,17,5,1,0,Clear,0.627,,44.4,14.4,Completed
T000524,2026-06-06,R05,B018,18,5,1,0,Clear,0.693,21.0,44.4,7.1,Completed
T000525,2026-06-06,R05,B018,19,5,1,0,Clear,0.107,15.0,44.4,5.7,Completed
T000526,2026-06-06,R05,B018,20,5,1,0,Clear,0.152,8.0,44.4,5.3,Completed
T000527,2026-06-06,R05,B020,21,5,1,0,Clear,0.113,6.0,44.4,1.8,Completed
T000528,2026-06-06,R06,B024,6,5,1,0,Clear,0.106,15.0,41.2,4.3,Completed
T000529,2026-06-06,R06,B022,7,5,1,0,Clear,0.115,19.0,41.2,0.0,Completed
T000530,2026-06-06,R06,B021,8,5,1,0,Clear,0.682,23.0,41.2,11.0,Completed
T000531,2026-06-06,R06,B022,9,5,1,0,Clear,0.656,0.0,41.2,,Cancelled
T000532,2026-06-06,R06,B021,10,5,1,0,Clear,0.126,16.0,41.2,6.8,Completed
T000533,2026-06-06,R06,B024,11,5,1,0,Clear,0.168,17.0,41.2,1.9,Completed
T000534,2026-06-06,R06,B022,12,5,1,0,Clear,0.156,14.0,41.2,1.4,Completed
T000535,2026-06-06,R06,B023,13,5,1,0,Clear,0.19,19.0,41.2,7.1,Completed
T000536,2026-06-06,R06,B021,14,5,1,0,Clear,0.101,15.0,41.2,5.0,Completed
T000537,2026-06-06,R06,B022,15,5,1,0,Clear,0.131,11.0,41.2,0.6,Completed
T000538,2026-06-06,R06,B023,16,5,1,0,Clear,0.155,22.0,41.2,0.1,Completed
T000539,2026-06-06,R06,B022,17,5,1,0,Clear,0.656,23.0,41.2,12.4,Completed
T000540,2026-06-06,R06,B021,18,5,1,0,Clear,0.675,26.0,41.2,16.9,Completed
T000541,2026-06-06,R06,B024,20,5,1,0,Clear,0.1,9.0,41.2,-3.0,Completed
T000542,2026-06-06,R06,B023,21,5,1,0,Clear,0.176,9.0,41.2,8.8,Completed
T000543,2026-06-06,R07,B028,5,5,1,0,Clear,0.1,3.0,33.2,7.2,Completed
T000544,2026-06-06,R07,B025,7,5,1,0,Clear,0.128,16.0,33.2,7.4,Completed
T000545,2026-06-06,R07,B026,8,5,1,0,Clear,0.676,12.0,33.2,13.2,Completed
T000546,2026-06-06,R07,B027,9,5,1,0,Clear,0.652,28.0,33.2,17.3,Completed
T000547,2026-06-06,R07,B028,14,5,1,0,Clear,0.105,8.0,33.2,-0.7,Completed
T000548,2026-06-06,R07,B026,15,5,1,0,Clear,0.18,11.0,33.2,3.1,Completed
T000549,2026-06-06,R07,B025,17,5,1,0,Clear,0.689,15.0,33.2,7.8,Completed
T000550,2026-06-06,R07,B028,18,5,1,0,Clear,0.7,19.0,33.2,5.5,Completed
T000551,2026-06-06,R07,B026,19,5,1,0,Clear,0.152,13.0,33.2,7.0,Completed
T000552,2026-06-06,R07,B025,20,5,1,0,Clear,0.162,8.0,33.2,8.9,Completed
T000553,2026-06-06,R07,B027,21,5,1,0,Clear,0.197,6.0,33.2,8.5,Completed
T000554,2026-06-06,R08,B031,5,5,1,0,Clear,0.176,4.0,26.8,-0.3,Completed
T000555,2026-06-06,R08,B030,8,5,1,0,Clear,0.626,24.0,26.8,13.7,Completed
T000556,2026-06-06,R08,B030,9,5,1,0,Clear,0.672,26.0,26.8,7.4,Completed
T000557,2026-06-06,R08,B031,11,5,1,0,Clear,0.129,12.0,26.8,-0.4,Completed
T000558,2026-06-06,R08,B029,14,5,1,0,Clear,0.188,9.0,26.8,3.2,Completed
T000559,2026-06-06,R08,B031,17,5,1,0,Clear,0.6,20.0,26.8,3.6,Completed
T000560,2026-06-06,R08,B031,18,5,1,0,Clear,0.666,18.0,26.8,4.5,Completed
T000561,2026-06-06,R08,B032,19,5,1,0,Clear,0.137,20.0,26.8,6.3,Completed
T000562,2026-06-06,R08,B031,20,5,1,0,Clear,0.145,8.0,26.8,3.5,Completed
T000563,2026-06-06,R08,B032,21,5,1,0,Clear,0.167,7.0,26.8,3.3,Completed
T000564,2026-06-06,R09,B036,5,5,1,0,Clear,0.142,3.0,63.6,1.8,Completed
T000565,2026-06-06,R09,B033,7,5,1,0,Clear,0.153,10.0,63.6,6.7,Completed
T000566,2026-06-06,R09,B035,8,5,1,0,Clear,0.676,13.0,63.6,11.2,Completed
T000567,2026-06-06,R09,B035,9,5,1,0,Clear,0.63,400.0,63.6,12.6,Completed
T000568,2026-06-06,R09,B033,14,5,1,0,Clear,0.121,9.0,63.6,5.6,Completed
T000569,2026-06-06,R09,B034,17,5,1,0,Clear,0.638,17.0,63.6,17.0,Completed
T000570,2026-06-06,R09,B035,18,5,1,0,Clear,0.679,17.0,63.6,15.8,Completed
T000571,2026-06-06,R09,B036,21,5,1,0,Clear,0.143,3.0,63.6,9.5,Completed
T000572,2026-06-06,R10,B039,6,5,1,0,Clear,0.162,6.0,38.0,5.6,Completed
T000573,2026-06-06,R10,B039,8,5,1,0,Clear,0.642,14.0,38.0,7.2,Completed
T000574,2026-06-06,R10,B038,9,5,1,0,Clear,0.688,16.0,38.0,11.7,Completed
T000575,2026-06-06,R10,B040,13,5,1,0,Clear,0.173,14.0,38.0,2.8,Completed
T000576,2026-06-06,R10,B038,14,5,1,0,Clear,0.183,11.0,38.0,5.3,Completed
T000577,2026-06-06,R10,B037,16,5,1,0,Clear,0.151,9.0,38.0,1.6,Completed
T000578,2026-06-06,R10,B039,17,5,1,0,Clear,0.625,20.0,38.0,8.5,Completed
T000579,2026-06-06,R10,B038,18,5,1,0,Clear,0.657,26.0,38.0,7.6,Completed
T000580,2026-06-06,R10,B040,20,5,1,0,Clear,0.144,10.0,38.0,4.5,Completed
T000581,2026-06-07,R01,B003,5,6,1,0,Clear,0.125,9.0,50.8,4.1,Completed
T000582,2026-06-07,R01,B002,8,6,1,0,Clear,0.646,25.0,50.8,10.9,Completed
T000583,2026-06-07,R01,B002,9,6,1,0,Clear,0.617,28.0,50.8,6.1,Completed
T000584,2026-06-07,R01,B004,12,6,1,0,Clear,0.134,21.0,50.8,6.2,Completed
T000585,2026-06-07,R01,B001,13,6,1,0,Clear,0.168,17.0,50.8,8.2,Completed
T000586,2026-06-07,R01,B002,14,6,1,0,Clear,0.176,13.0,50.8,0.9,Completed
T000587,2026-06-07,R01,B004,15,6,1,0,Clear,0.123,20.0,50.8,2.5,Completed
T000588,2026-06-07,R01,B003,17,6,1,0,Clear,0.622,45.0,50.8,8.1,Completed
T000589,2026-06-07,R01,B004,18,6,1,0,Clear,0.665,39.0,50.8,14.2,Completed
T000590,2026-06-07,R02,B005,8,6,1,0,Clear,0.694,26.0,36.4,14.0,Completed
T000591,2026-06-07,R02,B008,9,6,1,0,Clear,,35.0,36.4,9.7,Completed
T000592,2026-06-07,R02,B007,11,6,1,0,Clear,0.177,15.0,36.4,1.6,Completed
T000593,2026-06-07,R02,B005,12,6,1,0,Clear,0.154,12.0,36.4,0.0,Completed
T000594,2026-06-07,R02,B008,13,6,1,0,Clear,0.162,16.0,36.4,-1.5,Completed
T000595,2026-06-07,R02,B007,15,6,1,0,Clear,0.104,15.0,36.4,1.6,Completed
T000596,2026-06-07,R02,B005,16,6,1,0,Clear,0.161,16.0,36.4,1.1,Completed
T000597,2026-06-07,R02,B008,17,6,1,0,Clear,0.642,30.0,36.4,11.0,Completed
T000598,2026-06-07,R02,B008,18,6,1,0,Clear,0.622,32.0,36.4,11.8,Completed
T000599,2026-06-07,R03,B012,5,6,1,0,Clear,0.195,7.0,58.8,8.2,Completed
T000600,2026-06-07,R03,B012,6,6,1,0,Clear,0.147,10.0,58.8,3.4,Completed
T000601,2026-06-07,R03,B010,8,6,1,0,Clear,0.6,39.0,58.8,10.2,Completed
T000602,2026-06-07,R03,B011,9,6,1,0,Clear,0.691,39.0,58.8,6.9,Completed
T000603,2026-06-07,R03,B009,11,6,1,0,Clear,0.193,13.0,58.8,5.8,Completed
T000604,2026-06-07,R03,B009,14,6,1,0,Clear,0.162,11.0,58.8,6.9,Completed
T000605,2026-06-07,R03,B011,17,6,1,0,Clear,0.653,36.0,58.8,8.7,Completed
T000606,2026-06-07,R03,B011,18,6,1,0,Clear,0.682,31.0,58.8,14.1,Completed
T000607,2026-06-07,R04,B014,7,6,1,0,Clear,0.122,17.0,28.4,9.5,Completed
T000608,2026-06-07,R04,B013,8,6,1,0,Clear,0.656,26.0,28.4,13.3,Completed
T000609,2026-06-07,R04,B014,9,6,1,0,Clear,0.659,33.0,28.4,10.4,Completed
T000610,2026-06-07,R04,B014,12,6,1,0,Clear,0.109,15.0,28.4,4.7,Completed
T000611,2026-06-07,R04,B014,13,6,1,0,Clear,0.118,18.0,28.4,-2.6,Completed
T000612,2026-06-07,R04,B013,14,6,1,0,Clear,0.143,11.0,28.4,7.5,Completed
T000613,2026-06-07,R04,B013,16,6,1,0,Clear,0.199,19.0,28.4,11.1,Completed
T000614,2026-06-07,R04,B015,17,6,1,0,Clear,0.669,23.0,28.4,8.1,Completed
T000615,2026-06-07,R04,B016,18,6,1,0,Clear,0.616,17.0,28.4,9.6,Completed
T000616,2026-06-07,R05,B017,8,6,1,0,Clear,0.665,21.0,44.4,7.3,Completed
T000617,2026-06-07,R05,B020,9,6,1,0,Clear,0.637,21.0,44.4,10.7,Completed
T000618,2026-06-07,R05,B019,10,6,1,0,Clear,0.198,21.0,44.4,7.5,Completed
T000619,2026-06-07,R05,B017,17,6,1,0,Clear,0.636,27.0,44.4,16.4,Completed
T000620,2026-06-07,R05,B017,18,6,1,0,Clear,0.615,23.0,44.4,6.9,Completed
T000621,2026-06-07,R05,B017,20,6,1,0,Clear,0.104,8.0,44.4,4.7,Completed
T000622,2026-06-07,R06,B021,6,6,1,0,Clear,0.119,8.0,41.2,7.5,Completed
T000623,2026-06-07,R06,B023,7,6,1,0,Clear,0.165,21.0,41.2,9.4,Completed
T000624,2026-06-07,R06,B022,8,6,1,0,Clear,0.664,25.0,41.2,6.8,Completed
T000625,2026-06-07,R06,B022,9,6,1,0,Clear,0.638,35.0,41.2,3.1,Completed
T000626,2026-06-07,R06,B022,11,6,1,0,Clear,0.126,400.0,41.2,3.0,Completed
T000627,2026-06-07,R06,B024,12,6,1,0,Clear,0.167,16.0,41.2,0.2,Completed
T000628,2026-06-07,R06,B023,13,6,1,0,Clear,0.195,18.0,41.2,3.8,Completed
T000629,2026-06-07,R06,B022,14,6,1,0,Clear,0.116,11.0,41.2,-1.9,Completed
T000630,2026-06-07,R06,B022,16,6,1,0,Clear,0.118,20.0,41.2,2.0,Completed
T000631,2026-06-07,R06,B021,17,6,1,0,Clear,0.603,25.0,41.2,10.0,Completed
T000632,2026-06-07,R06,B022,18,6,1,0,Clear,0.637,30.0,41.2,12.6,Completed
T000633,2026-06-07,R06,B022,20,6,1,0,Clear,0.154,11.0,41.2,5.0,Completed
T000634,2026-06-07,R07,B027,5,6,1,0,Clear,0.119,4.0,33.2,7.6,Completed
T000635,2026-06-07,R07,B026,6,6,1,0,Clear,0.169,5.0,33.2,4.6,Completed
T000636,2026-06-07,R07,B028,7,6,1,0,Clear,0.191,,33.2,7.2,Completed
T000637,2026-06-07,R07,B026,8,6,1,0,Clear,0.652,18.0,33.2,14.2,Completed
T000638,2026-06-07,R07,B028,9,6,1,0,Clear,0.627,13.0,33.2,5.7,Completed
T000639,2026-06-07,R07,B028,11,6,1,0,Clear,0.18,8.0,33.2,5.6,Completed
T000640,2026-06-07,R07,B028,15,6,1,0,Clear,0.173,9.0,33.2,2.8,Completed
T000641,2026-06-07,R07,B028,17,6,1,0,Clear,0.65,12.0,33.2,7.7,Completed
T000642,2026-06-07,R07,B025,18,6,1,0,Clear,0.603,20.0,33.2,13.4,Completed
T000643,2026-06-07,R07,B028,20,6,1,0,Clear,0.144,7.0,33.2,7.1,Completed
T000644,2026-06-07,R07,B028,21,6,1,0,Clear,0.191,5.0,33.2,3.2,Completed
T000645,2026-06-07,R08,B031,7,6,1,0,Clear,0.14,14.0,26.8,-3.0,Completed
T000646,2026-06-07,R08,B031,8,6,1,0,Clear,0.646,17.0,26.8,6.5,Completed
T000647,2026-06-07,R08,B032,9,6,1,0,Clear,0.679,27.0,26.8,14.7,Completed
T000648,2026-06-07,R08,B032,10,6,1,0,Clear,0.173,19.0,26.8,2.9,Completed
T000649,2026-06-07,R08,B030,11,6,1,0,Clear,0.181,15.0,26.8,5.3,Completed
T000650,2026-06-07,R08,B030,14,6,1,0,Clear,0.184,12.0,26.8,4.5,Completed
T000651,2026-06-07,R08,B032,15,6,1,0,Clear,0.118,19.0,26.8,3.6,Completed
T000652,2026-06-07,R08,B032,17,6,1,0,Clear,0.675,28.0,26.8,13.1,Completed
T000653,2026-06-07,R08,B030,18,6,1,0,Clear,0.67,20.0,26.8,14.3,Completed
T000654,2026-06-07,R08,B030,19,6,1,0,Clear,0.168,17.0,26.8,1.9,Completed
T000655,2026-06-07,R09,B035,8,6,1,0,Clear,0.618,17.0,63.6,10.8,Completed
T000656,2026-06-07,R09,B033,9,6,1,0,Clear,0.673,19.0,63.6,8.7,Completed
T000657,2026-06-07,R09,B035,11,6,1,0,Clear,0.166,8.0,63.6,9.9,Completed
T000658,2026-06-07,R09,B033,13,6,1,0,Clear,0.126,7.0,63.6,3.9,Completed
T000659,2026-06-07,R09,B035,14,6,1,0,Clear,0.115,8.0,63.6,6.1,Completed
T000660,2026-06-07,R09,B033,17,6,1,0,Clear,0.696,18.0,63.6,7.9,Completed
T000661,2026-06-07,R09,B034,18,6,1,0,Clear,0.669,17.0,63.6,12.8,Completed
T000662,2026-06-07,R09,B033,19,6,1,0,Clear,0.176,10.0,63.6,2.5,Completed
T000663,2026-06-07,R10,B040,5,6,1,0,Clear,0.17,4.0,38.0,-1.3,Completed
T000664,2026-06-07,R10,B038,7,6,1,0,Clear,0.116,12.0,38.0,0.1,Completed
T000665,2026-06-07,R10,B038,8,6,1,0,Clear,0.607,17.0,38.0,12.0,Completed
T000666,2026-06-07,R10,B040,9,6,1,0,Clear,0.644,16.0,38.0,9.6,Completed
T000667,2026-06-07,R10,B037,11,6,1,0,Clear,0.135,8.0,38.0,2.2,Completed
T000668,2026-06-07,R10,B038,13,6,1,0,Clear,0.163,12.0,38.0,4.5,Completed
T000669,2026-06-07,R10,B038,14,6,1,0,Clear,0.162,12.0,38.0,4.3,Completed
T000670,2026-06-07,R10,B040,16,6,1,0,Clear,0.155,22.0,38.0,-0.8,Completed
T000671,2026-06-07,R10,B037,17,6,1,0,Clear,0.674,400.0,38.0,11.4,Completed
T000672,2026-06-07,R10,B040,18,6,1,0,Clear,0.607,26.0,38.0,11.9,Completed
T000673,2026-06-08,R01,B003,7,0,0,0,Heat,0.323,32.0,50.8,5.9,Completed
T000674,2026-06-08,R01,B003,8,0,0,0,Heat,0.833,49.0,50.8,15.8,Completed
T000675,2026-06-08,R01,B004,9,0,0,0,Heat,0.845,50.0,50.8,9.1,Completed
T000676,2026-06-08,R01,B001,12,0,0,0,Heat,0.324,22.0,50.8,11.4,Completed
T000677,2026-06-08,R01,B004,17,0,0,0,Heat,0.767,38.0,50.8,14.6,Completed
T000678,2026-06-08,R01,B001,18,0,0,0,Heat,0.753,47.0,50.8,12.8,Completed
T000679,2026-06-08,R01,B004,20,0,0,0,Heat,0.342,19.0,50.8,7.0,Completed
T000680,2026-06-08,R01,B001,21,0,0,0,Heat,0.326,14.0,50.8,7.5,Completed
T000681,2026-06-08,R02,B008,7,0,0,0,Heat,0.266,24.0,36.4,2.7,Completed
T000682,2026-06-08,R02,B007,8,0,0,0,Heat,0.797,33.0,36.4,8.6,Completed
T000683,2026-06-08,R02,B007,9,0,0,0,Heat,0.766,50.0,36.4,11.0,Completed
T000684,2026-06-08,R02,B008,12,0,0,0,Heat,0.251,21.0,36.4,4.4,Completed
T000685,2026-06-08,R02,B006,14,0,0,0,Heat,0.273,21.0,36.4,6.9,Completed
T000686,2026-06-08,R02,B007,17,0,0,0,Heat,0.84,41.0,36.4,5.6,Completed
T000687,2026-06-08,R02,B008,18,0,0,0,Heat,0.833,46.0,36.4,13.3,Completed
T000688,2026-06-08,R02,B007,21,0,0,0,Heat,0.261,13.0,36.4,3.7,Completed
T000689,2026-06-08,R03,B011,5,0,0,0,Heat,0.252,8.0,58.8,-0.7,Completed
T000690,2026-06-08,R03,B012,6,0,0,0,Heat,0.283,19.0,58.8,3.5,Completed
T000691,2026-06-08,R03,B012,7,0,0,0,Heat,0.292,31.0,58.8,6.6,Completed
T000692,2026-06-08,R03,B010,8,0,0,0,Heat,0.767,37.0,58.8,7.1,Completed
T000693,2026-06-08,R03,B011,9,0,0,0,Heat,0.778,45.0,58.8,14.6,Completed
T000694,2026-06-08,R03,B012,10,0,0,0,Heat,0.274,40.0,58.8,1.2,Completed
T000695,2026-06-08,R03,B009,11,0,0,0,Heat,0.329,14.0,58.8,14.3,Completed
T000696,2026-06-08,R03,B012,12,0,0,0,Heat,0.279,26.0,58.8,7.0,Completed
T000697,2026-06-08,R03,B009,13,0,0,0,Heat,0.261,20.0,58.8,11.5,Completed
T000698,2026-06-08,R03,B011,15,0,0,0,Heat,0.252,22.0,58.8,3.1,Completed
T000699,2026-06-08,R03,B012,17,0,0,0,Heat,0.791,60.0,58.8,13.7,Completed
T000700,2026-06-08,R03,B011,18,0,0,0,Heat,0.838,32.0,58.8,17.4,Completed
T000701,2026-06-08,R03,B012,21,0,0,0,Heat,0.275,17.0,58.8,8.7,Completed
T000702,2026-06-08,R04,B015,5,0,0,0,Heat,0.306,6.0,28.4,5.3,Completed
T000703,2026-06-08,R04,B013,6,0,0,0,Heat,0.327,10.0,28.4,7.0,Completed
T000704,2026-06-08,R04,B013,8,0,0,0,Heat,0.837,34.0,28.4,19.5,Completed
T000705,2026-06-08,R04,B015,9,0,0,0,Heat,0.849,29.0,28.4,11.0,Completed
T000706,2026-06-08,R04,B014,10,0,0,0,Heat,0.323,29.0,28.4,2.2,Completed
T000707,2026-06-08,R04,B016,12,0,0,0,Heat,0.275,13.0,28.4,3.8,Completed
T000708,2026-06-08,R04,B014,14,0,0,0,Heat,0.274,20.0,28.4,3.2,Completed
T000709,2026-06-08,R04,B016,15,0,0,0,Heat,0.326,18.0,28.4,3.3,Completed
T000710,2026-06-08,R04,B014,17,0,0,0,Heat,0.786,34.0,28.4,11.9,Completed
T000711,2026-06-08,R04,B013,18,0,0,0,Heat,0.799,31.0,28.4,14.8,Completed
T000712,2026-06-08,R04,B013,19,0,0,0,Heat,0.317,25.0,28.4,7.4,Completed
T000713,2026-06-08,R04,B014,20,0,0,0,Heat,0.338,16.0,28.4,10.7,Completed
T000714,2026-06-08,R05,B018,6,0,0,0,Heat,0.268,8.0,44.4,7.8,Completed
T000715,2026-06-08,R05,B019,7,0,0,0,Heat,0.349,24.0,44.4,5.9,Completed
T000716,2026-06-08,R05,B018,8,0,0,0,Heat,0.847,29.0,44.4,16.0,Completed
T000717,2026-06-08,R05,B019,9,0,0,0,Heat,0.782,39.0,44.4,12.1,Completed
T000718,2026-06-08,R05,B019,13,0,0,0,Heat,0.34,15.0,44.4,4.2,Completed
T000719,2026-06-08,R05,B018,17,0,0,0,Heat,0.777,24.0,44.4,10.8,Completed
T000720,2026-06-08,R05,B020,18,0,0,0,Heat,0.772,24.0,44.4,10.4,Completed
T000721,2026-06-08,R05,B020,21,0,0,0,Heat,0.342,10.0,44.4,6.1,Completed
T000722,2026-06-08,R06,B024,5,0,0,0,Heat,0.263,5.0,41.2,7.5,Completed
T000723,2026-06-08,R06,B023,7,0,0,0,Heat,0.266,24.0,41.2,8.1,Completed
T000724,2026-06-08,R06,B024,8,0,0,0,Heat,0.791,46.0,41.2,6.4,Completed
T000725,2026-06-08,R06,B023,9,0,0,0,Heat,0.766,42.0,41.2,14.0,Completed
T000726,2026-06-08,R06,B022,10,0,0,0,Heat,0.261,26.0,41.2,6.4,Completed
T000727,2026-06-08,R06,B021,11,0,0,0,Heat,0.255,18.0,41.2,11.8,Completed
T000728,2026-06-08,R06,B022,15,0,0,0,Heat,0.297,13.0,41.2,3.5,Completed
T000729,2026-06-08,R06,B023,17,0,0,0,Heat,0.79,49.0,41.2,12.4,Completed
T000730,2026-06-08,R06,B024,18,0,0,0,Heat,0.784,41.0,41.2,12.6,Completed
T000731,2026-06-08,R07,B028,5,0,0,0,Heat,0.275,5.0,33.2,5.0,Completed
T000732,2026-06-08,R07,B027,8,0,0,0,Heat,0.765,27.0,33.2,12.4,Completed
T000733,2026-06-08,R07,B026,9,0,0,0,Heat,0.784,21.0,33.2,13.2,Completed
T000734,2026-06-08,R07,B027,12,0,0,0,Heat,0.284,8.0,33.2,3.9,Completed
T000735,2026-06-08,R07,B025,13,0,0,0,Heat,0.263,15.0,33.2,9.2,Completed
T000736,2026-06-08,R07,B027,14,0,0,0,Heat,0.257,12.0,33.2,3.5,Completed
T000737,2026-06-08,R07,B026,15,0,0,0,Heat,0.261,9.0,33.2,7.6,Completed
T000738,2026-06-08,R07,B027,17,0,0,0,Heat,0.792,31.0,33.2,11.2,Completed
T000739,2026-06-08,R07,B025,18,0,0,0,Heat,0.8,23.0,33.2,12.9,Completed
T000740,2026-06-08,R07,B027,20,0,0,0,Heat,0.271,12.0,33.2,5.4,Completed
T000741,2026-06-08,R08,B032,8,0,0,0,Heat,0.758,32.0,26.8,14.1,Completed
T000742,2026-06-08,R08,B030,9,0,0,0,Heat,0.809,36.0,26.8,18.2,Completed
T000743,2026-06-08,R08,B030,10,0,0,0,Heat,0.264,0.0,26.8,,Cancelled
T000744,2026-06-08,R08,B032,12,0,0,0,Heat,0.268,16.0,26.8,3.2,Completed
T000745,2026-06-08,R08,B030,13,0,0,0,Heat,0.294,15.0,26.8,4.5,Completed
T000746,2026-06-08,R08,B032,14,0,0,0,Heat,0.291,16.0,26.8,10.1,Completed
T000747,2026-06-08,R08,B032,16,0,0,0,Heat,0.301,0.0,26.8,,Cancelled
T000748,2026-06-08,R08,B029,17,0,0,0,Heat,0.804,21.0,26.8,6.1,Completed
T000749,2026-06-08,R08,B031,18,0,0,0,Heat,0.82,32.0,26.8,10.0,Completed
T000750,2026-06-08,R08,B031,20,0,0,0,Heat,0.309,11.0,26.8,3.1,Completed
T000751,2026-06-08,R09,B036,5,0,0,0,Heat,0.257,4.0,63.6,-1.5,Completed
T000752,2026-06-08,R09,B035,6,0,0,0,Heat,0.277,10.0,63.6,6.0,Completed
T000753,2026-06-08,R09,B035,8,0,0,0,Heat,0.764,21.0,63.6,19.5,Completed
T000754,2026-06-08,R09,B035,9,0,0,0,Heat,0.759,28.0,63.6,15.2,Completed
T000755,2026-06-08,R09,B034,13,0,0,0,Heat,0.277,13.0,63.6,8.8,Completed
T000756,2026-06-08,R09,B035,17,0,0,0,Heat,0.774,28.0,63.6,11.1,Completed
T000757,2026-06-08,R09,B035,18,0,0,0,Heat,0.772,21.0,63.6,13.4,Completed
T000758,2026-06-08,R09,B036,20,0,0,0,Heat,0.284,7.0,63.6,10.2,Completed
T000759,2026-06-08,R09,B036,21,0,0,0,Heat,0.289,3.0,63.6,6.1,Completed
T000760,2026-06-08,R10,B039,6,0,0,0,Heat,0.272,8.0,38.0,4.6,Completed
T000761,2026-06-08,R10,B040,8,0,0,0,Heat,0.768,27.0,38.0,5.4,Completed
T000762,2026-06-08,R10,B037,9,0,0,0,,0.818,18.0,38.0,1.0,Completed
T000763,2026-06-08,R10,B040,11,0,0,0,Heat,0.282,15.0,38.0,6.8,Completed
T000764,2026-06-08,R10,B040,16,0,0,0,Heat,0.284,15.0,38.0,10.2,Completed
T000765,2026-06-08,R10,B037,17,0,0,0,Heat,0.826,21.0,38.0,9.3,Completed
T000766,2026-06-08,R10,B038,18,0,0,0,Heat,0.786,36.0,38.0,9.9,Completed
T000767,2026-06-08,R10,B037,19,0,0,0,Heat,0.255,14.0,38.0,8.0,Completed
T000768,2026-06-08,R10,B040,20,0,0,0,Heat,0.328,12.0,38.0,8.7,Completed
T000769,2026-06-08,R10,B039,21,0,0,0,Heat,0.274,5.0,38.0,2.1,Completed
T000770,2026-06-09,R01,B003,7,1,0,0,Heat,0.266,31.0,50.8,-0.0,Completed
T000771,2026-06-09,R01,B001,8,1,0,0,Heat,0.782,50.0,50.8,12.0,Completed
T000772,2026-06-09,R01,B004,9,1,0,0,Heat,0.782,50.0,50.8,8.3,Completed
T000773,2026-06-09,R01,B004,12,1,0,0,Heat,0.341,19.0,50.8,10.1,Completed
T000774,2026-06-09,R01,B003,15,1,0,0,Heat,0.269,0.0,50.8,,Cancelled
T000775,2026-06-09,R01,B002,16,1,0,0,Heat,0.286,27.0,50.8,3.1,Completed
T000776,2026-06-09,R01,B001,17,1,0,0,Heat,0.812,38.0,50.8,13.0,Completed
T000777,2026-06-09,R01,B004,18,1,0,0,Heat,0.754,50.0,50.8,12.2,Completed
T000778,2026-06-09,R01,B003,19,1,0,0,Heat,0.273,43.0,50.8,0.3,Completed
T000779,2026-06-09,R02,B007,7,1,0,0,Heat,0.294,23.0,36.4,-1.9,Completed
T000780,2026-06-09,R02,B008,8,1,0,0,Heat,0.811,45.0,36.4,13.6,Completed
T000781,2026-06-09,R02,B008,9,1,0,0,Heat,0.751,38.0,36.4,12.1,Completed
T000782,2026-06-09,R02,B008,10,1,0,0,Heat,0.34,20.0,36.4,5.5,Completed
T000783,2026-06-09,R02,B008,16,1,0,0,Heat,0.273,32.0,36.4,5.8,Completed
T000784,2026-06-09,R02,B008,17,1,0,0,Heat,0.806,47.0,36.4,12.8,Completed
T000785,2026-06-09,R02,B008,18,1,0,0,Heat,0.805,30.0,36.4,13.3,Completed
T000786,2026-06-09,R03,B011,5,1,0,0,Heat,0.312,11.0,58.8,7.9,Completed
T000787,2026-06-09,R03,B009,8,1,0,0,Heat,0.801,23.0,58.8,17.5,Completed
T000788,2026-06-09,R03,B010,9,1,0,0,Heat,0.822,40.0,58.8,12.4,Completed
T000789,2026-06-09,R03,B011,11,1,0,0,Heat,0.291,22.0,58.8,5.3,Completed
T000790,2026-06-09,R03,B012,14,1,0,0,Heat,0.286,15.0,58.8,6.6,Completed
T000791,2026-06-09,R03,B010,15,1,0,0,Heat,0.336,0.0,58.8,,Cancelled
T000792,2026-06-09,R03,B010,16,1,0,0,Heat,0.295,32.0,58.8,9.2,Completed
T000793,2026-06-09,R03,B010,17,1,0,0,Heat,0.767,31.0,58.8,13.5,Completed
T000794,2026-06-09,R03,B010,18,1,0,0,Heat,0.81,41.0,58.8,16.5,Completed
T000795,2026-06-09,R03,B009,19,1,0,0,Heat,0.281,23.0,58.8,5.8,Completed
T000796,2026-06-09,R04,B013,6,1,0,0,Heat,0.28,14.0,28.4,3.2,Completed
T000797,2026-06-09,R04,B013,7,1,0,0,Heat,0.256,20.0,28.4,4.0,Completed
T000798,2026-06-09,R04,B015,8,1,0,0,Heat,0.806,29.0,28.4,16.6,Completed
T000799,2026-06-09,R04,B013,9,1,0,0,Heat,0.798,36.0,28.4,12.8,Completed
T000800,2026-06-09,R04,B015,16,1,0,0,Heat,0.28,18.0,28.4,3.7,Completed
T000801,2026-06-09,R04,B016,17,1,0,0,Heat,0.815,19.0,28.4,4.6,Completed
T000802,2026-06-09,R04,B014,18,1,0,0,Heat,0.822,42.0,28.4,14.5,Completed
T000803,2026-06-09,R05,B020,8,1,0,0,Heat,0.75,25.0,44.4,12.5,Completed
T000804,2026-06-09,R05,B018,9,1,0,0,Heat,,28.0,44.4,6.9,Completed
T000805,2026-06-09,R05,B017,10,1,0,0,Heat,0.317,21.0,44.4,11.0,Completed
T000806,2026-06-09,R05,B018,12,1,0,0,Heat,0.304,13.0,44.4,9.8,Completed
T000807,2026-06-09,R05,B020,17,1,0,0,Heat,0.757,26.0,44.4,5.9,Completed
T000808,2026-06-09,R05,B018,18,1,0,0,Heat,0.79,,44.4,13.1,Completed
T000809,2026-06-09,R06,B021,5,1,0,0,Heat,0.26,10.0,41.2,10.1,Completed
T000810,2026-06-09,R06,B024,8,1,0,0,Heat,0.83,40.0,41.2,12.5,Completed
T000811,2026-06-09,R06,B023,9,1,0,0,Heat,0.768,58.0,41.2,14.8,Completed
T000812,2026-06-09,R06,B023,15,1,0,0,Heat,0.301,23.0,41.2,11.9,Completed
T000813,2026-06-09,R06,B023,17,1,0,0,Heat,0.83,41.0,41.2,13.8,Completed
T000814,2026-06-09,R06,B024,18,1,0,0,Heat,0.793,47.0,41.2,11.6,Completed
T000815,2026-06-09,R06,B023,20,1,0,0,Heat,0.255,22.0,41.2,1.8,Completed
T000816,2026-06-09,R07,B026,5,1,0,0,Heat,0.338,3.0,33.2,12.5,Completed
T000817,2026-06-09,R07,B028,6,1,0,0,Heat,0.322,7.0,33.2,4.7,Completed
T000818,2026-06-09,R07,B025,8,1,0,0,Heat,0.788,19.0,33.2,17.8,Completed
T000819,2026-06-09,R07,B027,9,1,0,0,Heat,0.811,23.0,33.2,16.3,Completed
T000820,2026-06-09,R07,B028,10,1,0,0,Heat,0.326,13.0,33.2,3.9,Completed
T000821,2026-06-09,R07,B028,13,1,0,0,Heat,0.323,10.0,33.2,6.5,Completed
T000822,2026-06-09,R07,B025,14,1,0,0,Heat,0.279,11.0,33.2,7.6,Completed
T000823,2026-06-09,R07,B026,17,1,0,0,Heat,0.79,21.0,33.2,14.0,Completed
T000824,2026-06-09,R07,B027,18,1,0,0,Heat,0.759,27.0,33.2,9.1,Completed
T000825,2026-06-09,R07,B028,21,1,0,0,Heat,0.294,4.0,33.2,5.6,Completed
T000826,2026-06-09,R08,B030,8,1,0,0,Heat,0.82,26.0,26.8,11.5,Completed
T000827,2026-06-09,R08,B029,9,1,0,0,Heat,0.837,29.0,26.8,13.7,Completed
T000828,2026-06-09,R08,B031,10,1,0,0,Heat,0.325,22.0,26.8,8.1,Completed
T000829,2026-06-09,R08,B030,11,1,0,0,Heat,0.315,14.0,26.8,9.3,Completed
T000830,2026-06-09,R08,B030,14,1,0,0,Heat,0.258,15.0,26.8,3.8,Completed
T000831,2026-06-09,R08,B032,15,1,0,0,Heat,0.293,22.0,26.8,9.3,Completed
T000832,2026-06-09,R08,B032,17,1,0,0,Heat,0.81,35.0,26.8,10.4,Completed
T000833,2026-06-09,R08,B032,18,1,0,0,Heat,0.833,40.0,26.8,9.5,Completed
T000834,2026-06-09,R08,B029,21,1,0,0,Heat,0.259,7.0,26.8,6.5,Completed
T000835,2026-06-09,R09,B036,5,1,0,0,Heat,0.348,3.0,63.6,10.0,Completed
T000836,2026-06-09,R09,B034,8,1,0,0,Heat,0.754,19.0,63.6,6.8,Completed
T000837,2026-06-09,R09,B036,9,1,0,0,Heat,0.823,15.0,63.6,14.6,Completed
T000838,2026-06-09,R09,B035,10,1,0,0,Heat,0.327,13.0,63.6,5.2,Completed
T000839,2026-06-09,R09,B035,13,1,0,0,Heat,0.285,13.0,63.6,11.4,Completed
T000840,2026-06-09,R09,B036,15,1,0,0,Heat,0.315,9.0,63.6,5.0,Completed
T000841,2026-06-09,R09,B034,16,1,0,0,Heat,0.294,16.0,63.6,5.9,Completed
T000842,2026-06-09,R09,B034,17,1,0,0,Heat,0.833,18.0,63.6,14.7,Completed
T000843,2026-06-09,R09,B035,18,1,0,0,Heat,0.832,28.0,63.6,7.8,Completed
T000844,2026-06-09,R09,B036,19,1,0,0,Heat,0.285,0.0,63.6,,Cancelled
T000845,2026-06-09,R09,B033,20,1,0,0,Heat,0.267,11.0,63.6,8.5,Completed
T000846,2026-06-09,R09,B035,21,1,0,0,Heat,0.269,8.0,63.6,10.1,Completed
T000847,2026-06-09,R10,B039,6,1,0,0,Heat,0.331,8.0,38.0,5.8,Completed
T000848,2026-06-09,R10,B037,8,1,0,0,Heat,0.756,17.0,38.0,13.9,Completed
T000849,2026-06-09,R10,B038,9,1,0,0,Heat,0.795,0.0,38.0,,Cancelled
T000850,2026-06-09,R10,B039,12,1,0,0,Heat,0.341,11.0,38.0,3.8,Completed
T000851,2026-06-09,R10,B039,13,1,0,0,Heat,0.316,16.0,38.0,3.4,Completed
T000852,2026-06-09,R10,B037,15,1,0,0,Heat,0.252,12.0,38.0,1.7,Completed
T000853,2026-06-09,R10,B037,17,1,0,0,Heat,0.837,25.0,38.0,9.7,Completed
T000854,2026-06-09,R10,B040,18,1,0,0,Heat,0.804,30.0,38.0,15.1,Completed
T000855,2026-06-09,R10,B040,19,1,0,0,Heat,0.268,16.0,38.0,3.3,Completed
T000856,2026-06-10,R01,B001,5,2,0,0,Clear,0.342,12.0,50.8,12.5,Completed
T000857,2026-06-10,R01,B004,6,2,0,0,Clear,0.302,22.0,50.8,3.8,Completed
T000858,2026-06-10,R01,B001,8,2,0,0,Clear,0.75,41.0,50.8,15.4,Completed
T000859,2026-06-10,R01,B003,9,2,0,0,Clear,0.805,60.0,50.8,15.1,Completed
T000860,2026-06-10,R01,B001,10,2,0,0,Clear,0.279,29.0,50.8,11.1,Completed
T000861,2026-06-10,R01,B004,11,2,0,0,Clear,0.338,29.0,50.8,6.4,Completed
T000862,2026-06-10,R01,B004,13,2,0,0,Clear,0.26,31.0,50.8,4.0,Completed
T000863,2026-06-10,R01,B002,14,2,0,0,Clear,0.266,24.0,50.8,5.7,Completed
T000864,2026-06-10,R01,B002,17,2,0,0,Clear,0.763,50.0,50.8,9.8,Completed
T000865,2026-06-10,R01,B001,18,2,0,0,Clear,0.82,50.0,50.8,14.1,Completed
T000866,2026-06-10,R01,B002,19,2,0,0,Clear,0.307,39.0,50.8,0.9,Completed
T000867,2026-06-10,R01,B004,21,2,0,0,Clear,0.251,12.0,50.8,6.8,Completed
T000868,2026-06-10,R02,B006,6,2,0,0,Clear,0.297,20.0,36.4,9.6,Completed
T000869,2026-06-10,R02,B006,7,2,0,0,Clear,0.306,34.0,36.4,3.8,Completed
T000870,2026-06-10,R02,B007,8,2,0,0,Clear,0.755,35.0,36.4,11.9,Completed
T000871,2026-06-10,R02,B007,9,2,0,0,,0.794,50.0,36.4,16.1,Completed
T000872,2026-06-10,R02,B007,12,2,0,0,Clear,0.311,22.0,36.4,2.9,Completed
T000873,2026-06-10,R02,B006,13,2,0,0,Clear,0.28,32.0,36.4,4.3,Completed
T000874,2026-06-10,R02,B006,16,2,0,0,Clear,0.276,31.0,36.4,5.1,Completed
T000875,2026-06-10,R02,B005,17,2,0,0,Clear,0.828,33.0,36.4,8.3,Completed
T000876,2026-06-10,R02,B008,18,2,0,0,Clear,0.768,44.0,36.4,15.0,Completed
T000877,2026-06-10,R03,B011,5,2,0,0,Clear,0.263,0.0,58.8,,Cancelled
T000878,2026-06-10,R03,B009,8,2,0,0,Clear,0.776,36.0,58.8,14.9,Completed
T000879,2026-06-10,R03,B009,9,2,0,0,Clear,0.837,40.0,58.8,10.9,Completed
T000880,2026-06-10,R03,B012,10,2,0,0,Clear,0.308,38.0,58.8,13.2,Completed
T000881,2026-06-10,R03,B010,13,2,0,0,Clear,0.292,26.0,58.8,9.7,Completed
T000882,2026-06-10,R03,B012,14,2,0,0,Clear,0.305,30.0,58.8,6.4,Completed
T000883,2026-06-10,R03,B011,15,2,0,0,Clear,0.262,28.0,58.8,2.3,Completed
T000884,2026-06-10,R03,B009,16,2,0,0,Clear,0.26,21.0,58.8,7.2,Completed
T000885,2026-06-10,R03,B012,17,2,0,0,Clear,0.834,58.0,58.8,17.9,Completed
T000886,2026-06-10,R03,B011,18,2,0,0,Clear,0.848,41.0,58.8,16.3,Completed
T000887,2026-06-10,R03,B012,19,2,0,0,Clear,0.26,36.0,58.8,8.1,Completed
T000888,2026-06-10,R03,B011,21,2,0,0,Clear,0.338,13.0,58.8,9.9,Completed
T000889,2026-06-10,R04,B014,7,2,0,0,Clear,0.318,30.0,28.4,4.4,Completed
T000890,2026-06-10,R04,B016,8,2,0,0,Clear,0.841,28.0,28.4,7.6,Completed
T000891,2026-06-10,R04,B015,9,2,0,0,Clear,0.84,43.0,28.4,16.5,Completed
T000892,2026-06-10,R04,B016,10,2,0,0,Clear,0.347,19.0,28.4,5.1,Completed
T000893,2026-06-10,R04,B013,11,2,0,0,Clear,0.311,19.0,28.4,9.4,Completed
T000894,2026-06-10,R04,B014,14,2,0,0,Clear,0.324,26.0,28.4,0.2,Completed
T000895,2026-06-10,R04,B013,16,2,0,0,Clear,0.325,30.0,28.4,7.6,Completed
T000896,2026-06-10,R04,B016,17,2,0,0,Clear,0.754,31.0,28.4,9.1,Completed
T000897,2026-06-10,R04,B014,18,2,0,0,Clear,0.85,54.0,28.4,5.8,Completed
T000898,2026-06-10,R04,B015,20,2,0,0,Clear,0.331,13.0,28.4,10.0,Completed
T000899,2026-06-10,R04,B016,21,2,0,0,Clear,0.263,6.0,28.4,3.4,Completed
T000900,2026-06-10,R05,B020,6,2,0,0,Clear,0.29,13.0,44.4,7.6,Completed
T000901,2026-06-10,R05,B017,7,2,0,0,Clear,0.301,19.0,44.4,6.7,Completed
T000902,2026-06-10,R05,B017,8,2,0,0,Clear,0.757,30.0,44.4,5.6,Completed
T000903,2026-06-10,R05,B020,9,2,0,0,Clear,0.78,34.0,44.4,16.2,Completed
T000904,2026-06-10,R05,B017,10,2,0,0,Clear,0.322,29.0,44.4,9.5,Completed
T000905,2026-06-10,R05,B020,11,2,0,0,Clear,0.275,16.0,44.4,3.6,Completed
T000906,2026-06-10,R05,B019,14,2,0,0,Clear,0.26,15.0,44.4,5.5,Completed
T000907,2026-06-10,R05,B020,17,2,0,0,Clear,0.807,34.0,44.4,11.3,Completed
T000908,2026-06-10,R05,B020,18,2,0,0,Clear,0.829,48.0,44.4,6.6,Completed
T000909,2026-06-10,R05,B018,21,2,0,0,Clear,0.308,8.0,44.4,9.7,Completed
T000910,2026-06-10,R06,B022,5,2,0,0,Clear,0.315,6.0,41.2,3.5,Completed
T000911,2026-06-10,R06,B023,6,2,0,0,Clear,0.322,18.0,41.2,11.8,Completed
T000912,2026-06-10,R06,B024,8,2,0,0,,0.767,33.0,41.2,13.3,Completed
T000913,2026-06-10,R06,B022,9,2,0,0,Clear,0.781,46.0,41.2,13.3,Completed
T000914,2026-06-10,R06,B023,14,2,0,0,Clear,0.258,28.0,41.2,4.3,Completed
T000915,2026-06-10,R06,B024,15,2,0,0,Clear,0.328,13.0,41.2,11.8,Completed
T000916,2026-06-10,R06,B021,17,2,0,0,Clear,0.764,35.0,41.2,17.9,Completed
T000917,2026-06-10,R06,B023,18,2,0,0,Clear,0.812,52.0,41.2,13.4,Completed
T000918,2026-06-10,R07,B028,6,2,0,0,Clear,0.328,6.0,33.2,3.2,Completed
T000919,2026-06-10,R07,B027,8,2,0,0,Clear,0.806,24.0,33.2,17.3,Completed
T000920,2026-06-10,R07,B026,9,2,0,0,Clear,0.755,29.0,33.2,9.6,Completed
T000921,2026-06-10,R07,B028,12,2,0,0,Clear,0.289,11.0,33.2,2.1,Completed
T000922,2026-06-10,R07,B025,13,2,0,0,Clear,0.265,15.0,33.2,3.8,Completed
T000923,2026-06-10,R07,B028,15,2,0,0,Clear,0.315,14.0,33.2,9.3,Completed
T000924,2026-06-10,R07,B027,17,2,0,0,Clear,0.814,29.0,33.2,14.3,Completed
T000925,2026-06-10,R07,B026,18,2,0,0,Clear,0.766,16.0,33.2,14.2,Completed
T000926,2026-06-10,R07,B027,20,2,0,0,Clear,0.279,10.0,33.2,7.5,Completed
T000927,2026-06-10,R08,B030,6,2,0,0,Clear,0.272,12.0,26.8,1.9,Completed
T000928,2026-06-10,R08,B029,7,2,0,0,Clear,0.3,17.0,26.8,9.8,Completed
T000929,2026-06-10,R08,B029,8,2,0,0,Clear,0.754,24.0,26.8,14.0,Completed
T000930,2026-06-10,R08,B029,9,2,0,0,Clear,0.819,24.0,26.8,10.9,Completed
T000931,2026-06-10,R08,B029,11,2,0,0,Clear,0.336,15.0,26.8,2.8,Completed
T000932,2026-06-10,R08,B029,12,2,0,0,Clear,0.266,12.0,26.8,0.1,Completed
T000933,2026-06-10,R08,B029,13,2,0,0,Clear,0.336,0.0,26.8,-45.0,Cancelled
T000934,2026-06-10,R08,B032,14,2,0,0,Clear,0.262,23.0,26.8,4.9,Completed
T000935,2026-06-10,R08,B030,15,2,0,0,Clear,0.348,17.0,26.8,7.0,Completed
T000936,2026-06-10,R08,B031,16,2,0,0,Clear,0.265,29.0,26.8,7.1,Completed
T000937,2026-06-10,R08,B029,17,2,0,0,Clear,0.796,32.0,26.8,15.0,Completed
T000938,2026-06-10,R08,B031,18,2,0,0,Clear,0.772,0.0,26.8,,Cancelled
T000939,2026-06-10,R08,B031,19,2,0,0,Clear,0.303,22.0,26.8,5.2,Completed
T000940,2026-06-10,R09,B033,7,2,0,0,Clear,0.273,16.0,63.6,8.6,Completed
T000941,2026-06-10,R09,B035,8,2,0,0,Clear,0.839,24.0,63.6,15.0,Completed
T000942,2026-06-10,R09,B036,9,2,0,0,Clear,0.837,17.0,63.6,9.9,Completed
T000943,2026-06-10,R09,B034,11,2,0,0,Clear,0.255,13.0,63.6,7.9,Completed
T000944,2026-06-10,R09,B035,13,2,0,0,Clear,0.257,12.0,63.6,9.0,Completed
T000945,2026-06-10,R09,B035,14,2,0,0,Clear,0.258,9.0,63.6,8.7,Completed
T000946,2026-06-10,R09,B034,17,2,0,0,Clear,0.762,35.0,63.6,5.6,Completed
T000947,2026-06-10,R09,B035,18,2,0,0,Clear,0.757,,63.6,12.1,Completed
T000948,2026-06-10,R09,B034,19,2,0,0,Clear,0.334,20.0,63.6,6.0,Completed
T000949,2026-06-10,R09,B036,20,2,0,0,Clear,0.263,11.0,63.6,10.4,Completed
T000950,2026-06-10,R10,B038,6,2,0,0,Clear,0.326,11.0,38.0,4.7,Completed
T000951,2026-06-10,R10,B040,8,2,0,0,Clear,0.786,26.0,38.0,6.1,Completed
T000952,2026-06-10,R10,B037,9,2,0,0,Clear,0.751,29.0,38.0,2.1,Completed
T000953,2026-06-10,R10,B038,10,2,0,0,Clear,0.323,22.0,38.0,3.3,Completed
T000954,2026-06-10,R10,B037,11,2,0,0,Clear,0.268,10.0,38.0,-0.6,Completed
T000955,2026-06-10,R10,B040,13,2,0,0,Clear,0.311,18.0,38.0,4.5,Completed
T000956,2026-06-10,R10,B039,14,2,0,0,Clear,0.33,10.0,38.0,1.0,Completed
T000957,2026-06-10,R10,B038,17,2,0,0,Clear,,29.0,38.0,7.3,Completed
T000958,2026-06-10,R10,B037,18,2,0,0,Clear,0.807,24.0,38.0,9.9,Completed
T000959,2026-06-10,R10,B039,21,2,0,0,Clear,0.348,7.0,38.0,5.7,Completed
T000960,2026-06-11,R01,B001,5,3,0,0,Clear,0.286,14.0,50.8,9.5,Completed
T000961,2026-06-11,R01,B004,7,3,0,0,Clear,0.316,29.0,50.8,10.2,Completed
T000962,2026-06-11,R01,B002,8,3,0,0,Clear,0.811,50.0,50.8,12.3,Completed
T000963,2026-06-11,R01,B003,9,3,0,0,Clear,0.754,60.0,50.8,8.2,Completed
T000964,2026-06-11,R01,B001,11,3,0,0,Clear,0.3,29.0,50.8,10.4,Completed
T000965,2026-06-11,R01,B003,12,3,0,0,Clear,0.29,39.0,50.8,3.3,Completed
T000966,2026-06-11,R01,B001,14,3,0,0,Clear,0.31,33.0,50.8,9.7,Completed
T000967,2026-06-11,R01,B003,15,3,0,0,Clear,0.27,30.0,50.8,1.4,Completed
T000968,2026-06-11,R01,B004,16,3,0,0,Clear,0.301,22.0,50.8,14.0,Completed
T000969,2026-06-11,R01,B002,17,3,0,0,Clear,0.793,43.0,50.8,5.7,Completed
T000970,2026-06-11,R01,B001,18,3,0,0,Clear,0.758,50.0,50.8,16.1,Completed
T000971,2026-06-11,R01,B001,19,3,0,0,Clear,0.314,29.0,50.8,7.6,Completed
T000972,2026-06-11,R02,B008,5,3,0,0,Clear,0.312,9.0,36.4,4.3,Completed
T000973,2026-06-11,R02,B007,8,3,0,0,Clear,0.842,39.0,36.4,18.3,Completed
T000974,2026-06-11,R02,B006,9,3,0,0,Clear,0.764,57.0,36.4,10.4,Completed
T000975,2026-06-11,R02,B007,10,3,0,0,Clear,0.257,25.0,36.4,2.5,Completed
T000976,2026-06-11,R02,B006,13,3,0,0,Clear,0.254,23.0,36.4,8.7,Completed
T000977,2026-06-11,R02,B006,14,3,0,0,Clear,0.327,25.0,36.4,7.7,Completed
T000978,2026-06-11,R02,B005,15,3,0,0,Clear,0.306,19.0,36.4,3.4,Completed
T000979,2026-06-11,R02,B008,16,3,0,0,Clear,0.343,31.0,36.4,11.5,Completed
T000980,2026-06-11,R02,B005,17,3,0,0,Clear,0.83,30.0,36.4,10.9,Completed
T000981,2026-06-11,R02,B007,18,3,0,0,Clear,0.802,39.0,36.4,8.1,Completed
T000982,2026-06-11,R02,B007,19,3,0,0,Clear,0.335,39.0,36.4,-0.1,Completed
T000983,2026-06-11,R02,B008,20,3,0,0,Clear,0.265,17.0,36.4,4.9,Completed
T000984,2026-06-11,R02,B005,21,3,0,0,Clear,0.299,10.0,36.4,-1.5,Completed
T000985,2026-06-11,R03,B009,5,3,0,0,Clear,0.31,,58.8,4.6,Completed
T000986,2026-06-11,R03,B010,8,3,0,0,Clear,0.846,44.0,58.8,6.8,Completed
T000987,2026-06-11,R03,B011,9,3,0,0,Clear,0.784,47.0,58.8,15.5,Completed
T000988,2026-06-11,R03,B010,10,3,0,0,Clear,0.338,41.0,58.8,7.8,Completed
T000989,2026-06-11,R03,B011,11,3,0,0,Clear,0.299,25.0,58.8,6.0,Completed
T000990,2026-06-11,R03,B009,12,3,0,0,Clear,0.293,21.0,58.8,5.8,Completed
T000991,2026-06-11,R03,B012,15,3,0,0,Clear,0.263,24.0,58.8,11.9,Completed
T000992,2026-06-11,R03,B012,17,3,0,0,Clear,0.82,52.0,58.8,12.4,Completed
T000993,2026-06-11,R03,B010,18,3,0,0,Clear,0.77,45.0,58.8,13.7,Completed
T000994,2026-06-11,R03,B009,20,3,0,0,Clear,,15.0,58.8,8.6,Completed
T000995,2026-06-11,R03,B010,21,3,0,0,Clear,0.263,15.0,58.8,5.6,Completed
T000996,2026-06-11,R04,B016,5,3,0,0,Clear,0.282,6.0,28.4,10.0,Completed
T000997,2026-06-11,R04,B013,6,3,0,0,Clear,0.306,12.0,28.4,5.8,Completed
T000998,2026-06-11,R04,B016,8,3,0,0,Clear,0.769,35.0,28.4,14.2,Completed
T000999,2026-06-11,R04,B013,9,3,0,0,Clear,0.752,39.0,28.4,14.9,Completed
T001000,2026-06-11,R04,B014,14,3,0,0,Clear,0.319,19.0,28.4,3.7,Completed
T001001,2026-06-11,R04,B013,15,3,0,0,Clear,0.252,17.0,28.4,8.0,Completed
T001002,2026-06-11,R04,B014,17,3,0,0,Clear,0.794,30.0,28.4,12.7,Completed
T001003,2026-06-11,R04,B014,18,3,0,0,Clear,0.781,57.0,28.4,13.9,Completed
T001004,2026-06-11,R04,B013,19,3,0,0,Clear,0.334,28.0,28.4,4.2,Completed
T001005,2026-06-11,R04,B013,20,3,0,0,Clear,0.318,17.0,28.4,4.9,Completed
T001006,2026-06-11,R05,B018,6,3,0,0,Clear,0.325,7.0,44.4,3.7,Completed
T001007,2026-06-11,R05,B018,7,3,0,0,Clear,0.324,15.0,44.4,6.8,Completed
T001008,2026-06-11,R05,B019,8,3,0,0,Clear,0.775,29.0,44.4,18.8,Completed
T001009,2026-06-11,R05,B018,9,3,0,0,Clear,0.849,32.0,44.4,17.4,Completed
T001010,2026-06-11,R05,B020,10,3,0,0,Clear,0.292,30.0,44.4,10.5,Completed
T001011,2026-06-11,R05,B017,12,3,0,0,Clear,0.347,17.0,44.4,6.0,Completed
T001012,2026-06-11,R05,B019,14,3,0,0,Clear,0.276,19.0,44.4,9.6,Completed
T001013,2026-06-11,R05,B017,15,3,0,0,Clear,0.294,14.0,44.4,0.2,Completed
T001014,2026-06-11,R05,B020,16,3,0,0,Clear,0.283,28.0,44.4,4.6,Completed
T001015,2026-06-11,R05,B017,17,3,0,0,Clear,0.755,27.0,44.4,14.1,Completed
T001016,2026-06-11,R05,B019,18,3,0,0,Clear,0.768,41.0,44.4,13.6,Completed
T001017,2026-06-11,R05,B019,19,3,0,0,Clear,0.271,27.0,44.4,8.9,Completed
T001018,2026-06-11,R06,B021,6,3,0,0,Clear,0.28,14.0,41.2,7.3,Completed
T001019,2026-06-11,R06,B024,8,3,0,0,Clear,0.755,56.0,41.2,11.6,Completed
T001020,2026-06-11,R06,B024,9,3,0,0,Clear,0.824,52.0,41.2,5.2,Completed
T001021,2026-06-11,R06,B022,12,3,0,0,Clear,0.254,23.0,41.2,0.9,Completed
T001022,2026-06-11,R06,B024,13,3,0,0,Clear,0.334,25.0,41.2,5.9,Completed
T001023,2026-06-11,R06,B024,14,3,0,0,Clear,0.264,24.0,41.2,9.6,Completed
T001024,2026-06-11,R06,B024,17,3,0,0,Clear,0.819,38.0,41.2,10.6,Completed
T001025,2026-06-11,R06,B023,18,3,0,0,Clear,0.82,45.0,41.2,12.9,Completed
T001026,2026-06-11,R06,B023,20,3,0,0,,0.326,,41.2,6.8,Completed
T001027,2026-06-11,R06,B024,21,3,0,0,Clear,0.325,13.0,41.2,10.2,Completed
T001028,2026-06-11,R07,B027,6,3,0,0,Clear,0.301,10.0,33.2,11.6,Completed
T001029,2026-06-11,R07,B025,7,3,0,0,Clear,0.35,13.0,33.2,11.4,Completed
T001030,2026-06-11,R07,B026,8,3,0,0,Clear,0.752,27.0,33.2,13.6,Completed
T001031,2026-06-11,R07,B025,9,3,0,0,Clear,0.761,,33.2,16.9,Completed
T001032,2026-06-11,R07,B025,11,3,0,0,Clear,0.301,18.0,33.2,12.0,Completed
T001033,2026-06-11,R07,B025,13,3,0,0,Clear,0.274,17.0,33.2,5.8,Completed
T001034,2026-06-11,R07,B028,17,3,0,0,Clear,0.808,26.0,33.2,15.4,Completed
T001035,2026-06-11,R07,B025,18,3,0,0,Clear,0.838,23.0,33.2,15.6,Completed
T001036,2026-06-11,R07,B027,20,3,0,0,Clear,0.289,13.0,33.2,4.0,Completed
T001037,2026-06-11,R08,B031,5,3,0,0,Clear,0.26,6.0,26.8,3.6,Completed
T001038,2026-06-11,R08,B029,7,3,0,0,Clear,0.317,15.0,26.8,5.5,Completed
T001039,2026-06-11,R08,B029,8,3,0,0,Clear,0.846,28.0,26.8,10.8,Completed
T001040,2026-06-11,R08,B031,9,3,0,0,Clear,0.835,34.0,26.8,13.8,Completed
T001041,2026-06-11,R08,B032,12,3,0,0,Clear,0.287,23.0,26.8,7.2,Completed
T001042,2026-06-11,R08,B032,13,3,0,0,Clear,0.294,23.0,26.8,4.8,Completed
T001043,2026-06-11,R08,B032,14,3,0,0,Clear,0.339,14.0,26.8,3.0,Completed
T001044,2026-06-11,R08,B030,16,3,0,0,Clear,0.306,25.0,26.8,9.8,Completed
T001045,2026-06-11,R08,B031,17,3,0,0,Clear,0.796,32.0,26.8,14.5,Completed
T001046,2026-06-11,R08,B031,18,3,0,0,Clear,0.806,38.0,26.8,15.6,Completed
T001047,2026-06-11,R09,B033,7,3,0,0,Clear,0.265,18.0,63.6,5.5,Completed
T001048,2026-06-11,R09,B033,8,3,0,0,Clear,0.834,13.0,63.6,10.7,Completed
T001049,2026-06-11,R09,B034,9,3,0,0,Clear,0.788,24.0,63.6,12.9,Completed
T001050,2026-06-11,R09,B034,13,3,0,0,Clear,0.308,15.0,63.6,5.6,Completed
T001051,2026-06-11,R09,B036,14,3,0,0,Clear,0.348,9.0,63.6,4.1,Completed
T001052,2026-06-11,R09,B034,16,3,0,0,Clear,0.256,17.0,63.6,180.0,Completed
T001053,2026-06-11,R09,B034,17,3,0,0,Clear,0.803,0.0,63.6,,Cancelled
T001054,2026-06-11,R09,B036,18,3,0,0,Clear,0.841,23.0,63.6,14.6,Completed
T001055,2026-06-11,R09,B036,19,3,0,0,Clear,0.291,17.0,63.6,9.5,Completed
T001056,2026-06-11,R09,B034,20,3,0,0,Clear,0.282,10.0,63.6,3.6,Completed
T001057,2026-06-11,R09,B035,21,3,0,0,Clear,0.289,7.0,63.6,7.7,Completed
T001058,2026-06-11,R10,B037,5,3,0,0,Clear,0.289,5.0,38.0,2.1,Completed
T001059,2026-06-11,R10,B038,6,3,0,0,Clear,0.288,11.0,38.0,9.4,Completed
T001060,2026-06-11,R10,B037,7,3,0,0,Clear,0.295,14.0,38.0,3.7,Completed
T001061,2026-06-11,R10,B040,8,3,0,0,Clear,0.783,30.0,38.0,8.2,Completed
T001062,2026-06-11,R10,B040,9,3,0,0,Clear,0.769,29.0,38.0,11.1,Completed
T001063,2026-06-11,R10,B040,10,3,0,0,Clear,0.299,21.0,38.0,3.9,Completed
T001064,2026-06-11,R10,B040,12,3,0,0,Clear,0.329,15.0,38.0,3.1,Completed
T001065,2026-06-11,R10,B038,16,3,0,0,Clear,0.269,16.0,38.0,6.6,Completed
T001066,2026-06-11,R10,B038,17,3,0,0,Clear,0.753,35.0,38.0,8.7,Completed
T001067,2026-06-11,R10,B038,18,3,0,0,Clear,0.812,40.0,38.0,18.0,Completed
T001068,2026-06-11,R10,B037,20,3,0,0,Clear,0.266,12.0,38.0,3.4,Completed
T001069,2026-06-11,R10,B040,21,3,0,0,Clear,0.32,7.0,38.0,-0.2,Completed
T001070,2026-06-12,R01,B001,8,4,0,0,Rain,1.0,32.0,50.8,16.7,Completed
T001071,2026-06-12,R01,B004,9,4,0,0,Rain,0.934,50.0,50.8,16.1,Completed
T001072,2026-06-12,R01,B002,12,4,0,0,Rain,0.432,400.0,50.8,8.7,Completed
T001073,2026-06-12,R01,B002,14,4,0,0,Rain,0.456,19.0,50.8,17.5,Completed
T001074,2026-06-12,R01,B002,17,4,0,0,Rain,0.933,47.0,50.8,22.5,Completed
T001075,2026-06-12,R01,B001,18,4,0,0,Rain,0.94,39.0,50.8,17.2,Completed
T001076,2026-06-12,R01,B004,21,4,0,0,Rain,0.462,14.0,50.8,12.0,Completed
T001077,2026-06-12,R02,B005,7,4,0,0,Rain,0.401,23.0,36.4,6.6,Completed
T001078,2026-06-12,R02,B008,8,4,0,0,Rain,0.932,38.0,36.4,18.7,Completed
T001079,2026-06-12,R02,B007,9,4,0,0,Rain,0.999,33.0,36.4,12.7,Completed
T001080,2026-06-12,R02,B006,10,4,0,0,Rain,0.475,30.0,36.4,14.6,Completed
T001081,2026-06-12,R02,B008,12,4,0,0,Rain,0.475,18.0,36.4,13.3,Completed
T001082,2026-06-12,R02,B007,16,4,0,0,Rain,0.497,32.0,36.4,15.4,Completed
T001083,2026-06-12,R02,B008,17,4,0,0,Rain,0.964,42.0,36.4,16.1,Completed
T001084,2026-06-12,R02,B008,18,4,0,0,Rain,0.971,29.0,36.4,18.7,Completed
T001085,2026-06-12,R02,B005,20,4,0,0,Rain,0.472,15.0,36.4,10.3,Completed
T001086,2026-06-12,R02,B005,21,4,0,0,Rain,0.412,8.0,36.4,8.4,Completed
T001087,2026-06-12,R03,B011,6,4,0,0,Rain,0.436,13.0,58.8,8.0,Completed
T001088,2026-06-12,R03,B010,7,4,0,0,Rain,0.41,22.0,58.8,13.6,Completed
T001089,2026-06-12,R03,B011,8,4,0,0,Rain,0.977,29.0,58.8,23.4,Completed
T001090,2026-06-12,R03,B012,9,4,0,0,Rain,0.982,56.0,58.8,18.9,Completed
T001091,2026-06-12,R03,B010,10,4,0,0,Rain,0.497,26.0,58.8,15.5,Completed
T001092,2026-06-12,R03,B012,11,4,0,0,Rain,0.405,24.0,58.8,11.7,Completed
T001093,2026-06-12,R03,B011,13,4,0,0,Rain,0.452,19.0,58.8,19.5,Completed
T001094,2026-06-12,R03,B012,15,4,0,0,Rain,0.474,25.0,58.8,10.0,Completed
T001095,2026-06-12,R03,B011,16,4,0,0,Rain,0.445,0.0,58.8,,Cancelled
T001096,2026-06-12,R03,B011,17,4,0,0,Rain,0.998,37.0,58.8,24.4,Completed
T001097,2026-06-12,R03,B010,18,4,0,0,Rain,,38.0,58.8,21.6,Completed
T001098,2026-06-12,R03,B011,19,4,0,0,Rain,0.434,32.0,58.8,17.9,Completed
T001099,2026-06-12,R03,B010,20,4,0,0,Rain,0.49,17.0,58.8,11.3,Completed
T001100,2026-06-12,R04,B016,6,4,0,0,Rain,0.474,9.0,28.4,10.1,Completed
T001101,2026-06-12,R04,B016,8,4,0,0,Rain,0.923,19.0,28.4,19.6,Completed
T001102,2026-06-12,R04,B016,9,4,0,0,Rain,0.929,22.0,28.4,18.7,Completed
T001103,2026-06-12,R04,B013,13,4,0,0,Rain,0.414,20.0,28.4,11.5,Completed
T001104,2026-06-12,R04,B014,17,4,0,0,Rain,0.972,34.0,28.4,13.1,Completed
T001105,2026-06-12,R04,B013,18,4,0,0,Rain,0.922,33.0,28.4,15.1,Completed
T001106,2026-06-12,R04,B014,20,4,0,0,Rain,0.496,18.0,28.4,9.0,Completed
T001107,2026-06-12,R05,B020,5,4,0,0,Rain,0.476,8.0,44.4,12.7,Completed
T001108,2026-06-12,R05,B018,8,4,0,0,Rain,0.977,,44.4,18.3,Completed
T001109,2026-06-12,R05,B020,9,4,0,0,Rain,0.923,30.0,44.4,19.4,Completed
T001110,2026-06-12,R05,B019,10,4,0,0,Rain,0.427,21.0,44.4,13.0,Completed
T001111,2026-06-12,R05,B018,13,4,0,0,Rain,0.468,11.0,44.4,11.6,Completed
T001112,2026-06-12,R05,B019,15,4,0,0,Rain,0.423,0.0,44.4,,Cancelled
T001113,2026-06-12,R05,B020,16,4,0,0,Rain,0.429,24.0,44.4,12.6,Completed
T001114,2026-06-12,R05,B019,17,4,0,0,Rain,0.93,36.0,44.4,17.8,Completed
T001115,2026-06-12,R05,B018,18,4,0,0,Rain,0.968,23.0,44.4,12.1,Completed
T001116,2026-06-12,R05,B019,21,4,0,0,Rain,0.477,12.0,44.4,9.2,Completed
T001117,2026-06-12,R06,B022,6,4,0,0,Rain,0.46,12.0,41.2,15.2,Completed
T001118,2026-06-12,R06,B023,7,4,0,0,Rain,0.481,33.0,41.2,8.8,Completed
T001119,2026-06-12,R06,B024,8,4,0,0,Rain,0.959,32.0,41.2,17.4,Completed
T001120,2026-06-12,R06,B023,9,4,0,0,Rain,0.942,35.0,41.2,17.5,Completed
T001121,2026-06-12,R06,B021,13,4,0,0,Rain,0.436,19.0,41.2,14.5,Completed
T001122,2026-06-12,R06,B021,14,4,0,0,Rain,0.433,16.0,41.2,10.7,Completed
T001123,2026-06-12,R06,B021,17,4,0,0,Rain,,29.0,41.2,17.8,Completed
T001124,2026-06-12,R06,B022,18,4,0,0,Rain,0.955,41.0,41.2,18.3,Completed
T001125,2026-06-12,R06,B022,20,4,0,0,Rain,0.469,16.0,41.2,11.1,Completed
T001126,2026-06-12,R06,B022,21,4,0,0,Rain,0.44,9.0,41.2,12.2,Completed
T001127,2026-06-12,R07,B028,5,4,0,0,Rain,0.479,4.0,33.2,8.9,Completed
T001128,2026-06-12,R07,B027,7,4,0,0,Rain,0.472,15.0,33.2,16.6,Completed
T001129,2026-06-12,R07,B026,8,4,0,0,Rain,0.914,0.0,33.2,,Cancelled
T001130,2026-06-12,R07,B025,9,4,0,0,Rain,0.919,33.0,33.2,20.1,Completed
T001131,2026-06-12,R07,B028,12,4,0,0,Rain,0.436,10.0,33.2,15.2,Completed
T001132,2026-06-12,R07,B027,13,4,0,0,Rain,0.429,17.0,33.2,14.0,Completed
T001133,2026-06-12,R07,B028,14,4,0,0,Rain,0.42,10.0,33.2,14.7,Completed
T001134,2026-06-12,R07,B026,16,4,0,0,Rain,0.461,14.0,33.2,12.1,Completed
T001135,2026-06-12,R07,B027,17,4,0,0,Rain,0.905,22.0,33.2,21.0,Completed
T001136,2026-06-12,R07,B027,18,4,0,0,Rain,0.956,22.0,33.2,21.5,Completed
T001137,2026-06-12,R07,B028,19,4,0,0,Rain,0.486,12.0,33.2,13.6,Completed
T001138,2026-06-12,R07,B025,20,4,0,0,Rain,0.476,10.0,33.2,14.4,Completed
T001139,2026-06-12,R07,B027,21,4,0,0,Rain,0.409,6.0,33.2,12.0,Completed
T001140,2026-06-12,R08,B031,5,4,0,0,Rain,0.48,6.0,26.8,8.0,Completed
T001141,2026-06-12,R08,B031,8,4,0,0,Rain,0.965,21.0,26.8,15.7,Completed
T001142,2026-06-12,R08,B031,9,4,0,0,Rain,0.964,22.0,26.8,17.8,Completed
T001143,2026-06-12,R08,B032,14,4,0,0,Rain,0.439,16.0,26.8,11.3,Completed
T001144,2026-06-12,R08,B032,15,4,0,0,Rain,0.431,17.0,26.8,22.3,Completed
T001145,2026-06-12,R08,B032,17,4,0,0,Rain,0.904,30.0,26.8,16.8,Completed
T001146,2026-06-12,R08,B030,18,4,0,0,Rain,0.997,29.0,26.8,17.6,Completed
T001147,2026-06-12,R08,B032,20,4,0,0,Rain,0.466,15.0,26.8,13.6,Completed
T001148,2026-06-12,R09,B034,6,4,0,0,Rain,0.455,8.0,63.6,12.8,Completed
T001149,2026-06-12,R09,B035,8,4,0,0,Rain,0.948,0.0,63.6,,Cancelled
T001150,2026-06-12,R09,B033,9,4,0,0,Rain,0.958,24.0,63.6,18.8,Completed
T001151,2026-06-12,R09,B035,12,4,0,0,Rain,0.448,12.0,63.6,13.6,Completed
T001152,2026-06-12,R09,B035,16,4,0,0,Rain,0.493,17.0,63.6,10.6,Completed
T001153,2026-06-12,R09,B034,17,4,0,0,Rain,0.955,19.0,63.6,15.7,Completed
T001154,2026-06-12,R09,B033,18,4,0,0,Rain,0.936,22.0,63.6,17.3,Completed
T001155,2026-06-12,R09,B034,20,4,0,0,Rain,0.455,9.0,63.6,11.8,Completed
T001156,2026-06-12,R10,B037,7,4,0,0,Rain,0.49,13.0,38.0,7.8,Completed
T001157,2026-06-12,R10,B039,8,4,0,0,Rain,0.954,19.0,38.0,18.4,Completed
T001158,2026-06-12,R10,B037,9,4,0,0,Rain,0.996,24.0,38.0,13.7,Completed
T001159,2026-06-12,R10,B037,10,4,0,0,Rain,0.474,,38.0,8.2,Completed
T001160,2026-06-12,R10,B039,11,4,0,0,Rain,0.488,13.0,38.0,10.2,Completed
T001161,2026-06-12,R10,B038,15,4,0,0,Rain,0.419,11.0,38.0,11.2,Completed
T001162,2026-06-12,R10,B039,16,4,0,0,Rain,0.465,,38.0,,Cancelled
T001163,2026-06-12,R10,B038,17,4,0,0,Rain,0.909,22.0,38.0,20.0,Completed
T001164,2026-06-12,R10,B037,18,4,0,0,Rain,0.971,19.0,38.0,17.9,Completed
T001165,2026-06-12,R10,B040,19,4,0,0,Rain,0.437,16.0,38.0,12.0,Completed
T001166,2026-06-13,R01,B003,5,5,1,0,Rain,0.323,7.0,50.8,15.7,Completed
T001167,2026-06-13,R01,B002,7,5,1,0,Rain,0.254,0.0,50.8,,Cancelled
T001168,2026-06-13,R01,B004,8,5,1,0,Rain,0.828,,50.8,16.3,Completed
T001169,2026-06-13,R01,B002,9,5,1,0,Rain,0.796,32.0,50.8,17.5,Completed
T001170,2026-06-13,R01,B003,12,5,1,0,Rain,0.342,18.0,50.8,10.0,Completed
T001171,2026-06-13,R01,B004,13,5,1,0,Rain,0.276,0.0,50.8,,Cancelled
T001172,2026-06-13,R01,B004,14,5,1,0,Rain,0.326,14.0,50.8,11.3,Completed
T001173,2026-06-13,R01,B004,17,5,1,0,Rain,0.752,29.0,50.8,13.6,Completed
T001174,2026-06-13,R01,B002,18,5,1,0,Rain,0.824,26.0,50.8,21.1,Completed
T001175,2026-06-13,R01,B003,19,5,1,0,Rain,0.31,28.0,50.8,7.7,Completed
T001176,2026-06-13,R01,B003,20,5,1,0,Rain,0.337,0.0,50.8,,Cancelled
T001177,2026-06-13,R02,B005,8,5,1,0,Rain,0.773,21.0,36.4,15.6,Completed
T001178,2026-06-13,R02,B008,9,5,1,0,Rain,0.759,26.0,36.4,16.2,Completed
T001179,2026-06-13,R02,B007,10,5,1,0,Rain,0.301,12.0,36.4,8.6,Completed
T001180,2026-06-13,R02,B006,11,5,1,0,Rain,0.315,12.0,36.4,13.1,Completed
T001181,2026-06-13,R02,B007,16,5,1,0,Rain,0.317,19.0,36.4,12.7,Completed
T001182,2026-06-13,R02,B006,17,5,1,0,Rain,0.782,25.0,36.4,16.1,Completed
T001183,2026-06-13,R02,B005,18,5,1,0,Rain,0.794,0.0,36.4,,Cancelled
T001184,2026-06-13,R02,B008,19,5,1,0,Rain,0.341,20.0,36.4,9.1,Completed
T001185,2026-06-13,R03,B010,6,5,1,0,Rain,0.253,11.0,58.8,7.5,Completed
T001186,2026-06-13,R03,B010,7,5,1,0,Rain,0.266,20.0,58.8,9.4,Completed
T001187,2026-06-13,R03,B009,8,5,1,0,Rain,0.812,18.0,58.8,26.6,Completed
T001188,2026-06-13,R03,B009,9,5,1,0,Rain,0.831,14.0,58.8,19.2,Completed
T001189,2026-06-13,R03,B011,10,5,1,0,Rain,0.31,14.0,58.8,6.8,Completed
T001190,2026-06-13,R03,B012,11,5,1,0,Rain,0.34,13.0,58.8,13.2,Completed
T001191,2026-06-13,R03,B009,13,5,1,0,Rain,0.324,13.0,58.8,11.4,Completed
T001192,2026-06-13,R03,B009,14,5,1,0,Rain,0.279,13.0,58.8,16.2,Completed
T001193,2026-06-13,R03,B009,16,5,1,0,Rain,0.264,13.0,58.8,15.2,Completed
T001194,2026-06-13,R03,B009,17,5,1,0,Rain,0.755,17.0,58.8,17.2,Completed
T001195,2026-06-13,R03,B012,18,5,1,0,Rain,0.762,34.0,58.8,10.6,Completed
T001196,2026-06-13,R03,B009,19,5,1,0,Rain,0.287,14.0,58.8,12.9,Completed
T001197,2026-06-13,R03,B011,20,5,1,0,Rain,0.275,13.0,58.8,9.9,Completed
T001198,2026-06-13,R03,B012,21,5,1,0,Rain,0.332,0.0,58.8,,Cancelled
T001199,2026-06-13,R04,B015,6,5,1,0,Rain,0.328,9.0,28.4,9.7,Completed
T001200,2026-06-13,R04,B013,7,5,1,0,Rain,0.315,12.0,28.4,12.0,Completed
T001201,2026-06-13,R04,B015,8,5,1,0,Rain,0.813,21.0,28.4,8.4,Completed
T001202,2026-06-13,R04,B016,9,5,1,0,Rain,0.79,22.0,28.4,14.1,Completed
T001203,2026-06-13,R04,B014,10,5,1,0,,0.347,13.0,28.4,6.5,Completed
T001204,2026-06-13,R04,B015,11,5,1,0,Rain,0.252,10.0,28.4,5.3,Completed
T001205,2026-06-13,R04,B015,17,5,1,0,Rain,0.808,19.0,28.4,15.1,Completed
T001206,2026-06-13,R04,B015,18,5,1,0,Rain,0.766,23.0,28.4,19.8,Completed
T001207,2026-06-13,R05,B018,7,5,1,0,Rain,0.328,9.0,44.4,16.0,Completed
T001208,2026-06-13,R05,B020,8,5,1,0,,0.804,24.0,44.4,13.8,Completed
T001209,2026-06-13,R05,B020,9,5,1,0,Rain,0.756,23.0,44.4,23.6,Completed
T001210,2026-06-13,R05,B020,12,5,1,0,Rain,0.265,10.0,44.4,6.6,Completed
T001211,2026-06-13,R05,B020,14,5,1,0,Rain,0.324,11.0,44.4,9.9,Completed
T001212,2026-06-13,R05,B017,17,5,1,0,Rain,0.841,18.0,44.4,20.2,Completed
T001213,2026-06-13,R05,B017,18,5,1,0,Rain,0.831,18.0,44.4,14.4,Completed
T001214,2026-06-13,R05,B019,19,5,1,0,Rain,0.292,0.0,44.4,,Cancelled
T001215,2026-06-13,R05,B017,21,5,1,0,Rain,0.344,5.0,44.4,9.0,Completed
T001216,2026-06-13,R06,B022,6,5,1,0,Rain,0.288,10.0,41.2,11.6,Completed
T001217,2026-06-13,R06,B023,8,5,1,0,Rain,0.818,23.0,41.2,14.1,Completed
T001218,2026-06-13,R06,B024,9,5,1,0,Rain,0.821,31.0,41.2,13.3,Completed
T001219,2026-06-13,R06,B024,12,5,1,0,Rain,0.335,15.0,41.2,4.2,Completed
T001220,2026-06-13,R06,B024,16,5,1,0,Rain,0.324,25.0,41.2,8.5,Completed
T001221,2026-06-13,R06,B024,17,5,1,0,Rain,0.83,20.0,41.2,12.6,Completed
T001222,2026-06-13,R06,B024,18,5,1,0,Rain,0.828,0.0,41.2,,Cancelled
T001223,2026-06-13,R06,B022,20,5,1,0,Rain,0.275,10.0,41.2,3.6,Completed
T001224,2026-06-13,R06,B021,21,5,1,0,Rain,0.347,4.0,41.2,10.8,Completed
T001225,2026-06-13,R07,B025,7,5,1,0,Rain,0.329,11.0,33.2,10.4,Completed
T001226,2026-06-13,R07,B028,8,5,1,0,Rain,0.819,13.0,33.2,20.3,Completed
T001227,2026-06-13,R07,B027,9,5,1,0,Rain,0.822,10.0,33.2,12.8,Completed
T001228,2026-06-13,R07,B027,12,5,1,0,Rain,0.261,8.0,33.2,10.7,Completed
T001229,2026-06-13,R07,B025,14,5,1,0,Rain,0.334,8.0,33.2,14.8,Completed
T001230,2026-06-13,R07,B027,15,5,1,0,Rain,0.27,12.0,33.2,11.4,Completed
T001231,2026-06-13,R07,B026,16,5,1,0,Rain,0.263,7.0,33.2,10.1,Completed
T001232,2026-06-13,R07,B028,17,5,1,0,Rain,0.753,14.0,33.2,15.5,Completed
T001233,2026-06-13,R07,B027,18,5,1,0,Rain,0.762,18.0,33.2,18.2,Completed
T001234,2026-06-13,R07,B025,19,5,1,0,Rain,0.253,9.0,33.2,12.8,Completed
T001235,2026-06-13,R08,B030,6,5,1,0,Rain,0.316,6.0,26.8,10.0,Completed
T001236,2026-06-13,R08,B031,8,5,1,0,Rain,0.808,15.0,26.8,13.2,Completed
T001237,2026-06-13,R08,B030,9,5,1,0,Rain,0.812,25.0,26.8,14.6,Completed
T001238,2026-06-13,R08,B029,11,5,1,0,Rain,0.301,6.0,26.8,5.6,Completed
T001239,2026-06-13,R08,B029,13,5,1,0,Rain,0.34,10.0,26.8,9.3,Completed
T001240,2026-06-13,R08,B031,14,5,1,0,Rain,0.315,9.0,26.8,6.1,Completed
T001241,2026-06-13,R08,B030,15,5,1,0,Rain,0.269,0.0,26.8,,Cancelled
T001242,2026-06-13,R08,B029,16,5,1,0,Rain,0.306,7.0,26.8,10.9,Completed
T001243,2026-06-13,R08,B031,17,5,1,0,Rain,0.771,20.0,26.8,10.5,Completed
T001244,2026-06-13,R08,B030,18,5,1,0,,0.819,20.0,26.8,10.7,Completed
T001245,2026-06-13,R08,B029,19,5,1,0,Rain,0.279,11.0,26.8,7.6,Completed
T001246,2026-06-13,R08,B031,20,5,1,0,Rain,0.256,7.0,26.8,9.7,Completed
T001247,2026-06-13,R09,B033,6,5,1,0,Rain,0.276,6.0,63.6,9.3,Completed
T001248,2026-06-13,R09,B036,7,5,1,0,Rain,0.301,0.0,63.6,,Cancelled
T001249,2026-06-13,R09,B035,8,5,1,0,Rain,0.802,13.0,63.6,16.7,Completed
T001250,2026-06-13,R09,B034,9,5,1,0,Rain,0.84,17.0,63.6,16.3,Completed
T001251,2026-06-13,R09,B033,10,5,1,0,Rain,0.327,9.0,63.6,15.0,Completed
T001252,2026-06-13,R09,B036,11,5,1,0,Rain,0.336,6.0,63.6,8.9,Completed
T001253,2026-06-13,R09,B033,12,5,1,0,Rain,0.284,,63.6,6.9,Completed
T001254,2026-06-13,R09,B033,13,5,1,0,Rain,0.34,8.0,63.6,12.8,Completed
T001255,2026-06-13,R09,B034,14,5,1,0,Rain,0.305,8.0,63.6,9.0,Completed
T001256,2026-06-13,R09,B034,15,5,1,0,Rain,0.318,10.0,63.6,11.1,Completed
T001257,2026-06-13,R09,B033,16,5,1,0,Rain,0.321,8.0,63.6,11.4,Completed
T001258,2026-06-13,R09,B033,17,5,1,0,Rain,0.791,18.0,63.6,23.5,Completed
T001259,2026-06-13,R09,B035,18,5,1,0,Rain,0.846,12.0,63.6,13.8,Completed
T001260,2026-06-13,R09,B033,19,5,1,0,Rain,0.25,6.0,63.6,10.0,Completed
T001261,2026-06-13,R09,B033,21,5,1,0,Rain,0.267,4.0,63.6,6.3,Completed
T001262,2026-06-13,R10,B040,5,5,1,0,Rain,0.322,3.0,38.0,7.6,Completed
T001263,2026-06-13,R10,B037,7,5,1,0,Rain,0.341,10.0,38.0,5.3,Completed
T001264,2026-06-13,R10,B037,8,5,1,0,Rain,0.821,13.0,38.0,13.9,Completed
T001265,2026-06-13,R10,B039,9,5,1,0,Rain,0.844,15.0,38.0,15.3,Completed
T001266,2026-06-13,R10,B037,11,5,1,0,Rain,0.292,7.0,38.0,5.6,Completed
T001267,2026-06-13,R10,B039,12,5,1,0,Rain,0.251,9.0,38.0,4.8,Completed
T001268,2026-06-13,R10,B038,14,5,1,0,Rain,0.258,10.0,38.0,8.0,Completed
T001269,2026-06-13,R10,B039,15,5,1,0,Rain,0.296,7.0,38.0,4.8,Completed
T001270,2026-06-13,R10,B038,17,5,1,0,Rain,0.836,20.0,38.0,13.4,Completed
T001271,2026-06-13,R10,B038,18,5,1,0,Rain,0.77,14.0,38.0,10.8,Completed
T001272,2026-06-13,R10,B039,19,5,1,0,Rain,0.276,7.0,38.0,5.3,Completed
T001273,2026-06-14,R01,B004,5,6,1,0,Heat,0.194,6.0,50.8,1.5,Completed
T001274,2026-06-14,R01,B003,6,6,1,0,Heat,0.138,13.0,50.8,-2.8,Completed
T001275,2026-06-14,R01,B003,7,6,1,0,Heat,0.142,22.0,50.8,6.4,Completed
T001276,2026-06-14,R01,B004,8,6,1,0,Heat,0.69,34.0,50.8,14.8,Completed
T001277,2026-06-14,R01,B002,9,6,1,0,Heat,0.604,35.0,50.8,5.7,Completed
T001278,2026-06-14,R01,B002,13,6,1,0,Heat,0.158,19.0,50.8,5.6,Completed
T001279,2026-06-14,R01,B002,17,6,1,0,Heat,0.662,24.0,50.8,16.9,Completed
T001280,2026-06-14,R01,B004,18,6,1,0,Heat,0.634,33.0,50.8,13.7,Completed
T001281,2026-06-14,R01,B003,21,6,1,0,Heat,0.198,14.0,50.8,3.4,Completed
T001282,2026-06-14,R02,B008,5,6,1,0,Heat,0.154,5.0,36.4,4.0,Completed
T001283,2026-06-14,R02,B008,6,6,1,0,Heat,0.154,10.0,36.4,3.2,Completed
T001284,2026-06-14,R02,B006,8,6,1,0,Heat,0.693,44.0,36.4,7.4,Completed
T001285,2026-06-14,R02,B005,9,6,1,0,Heat,0.611,25.0,36.4,11.0,Completed
T001286,2026-06-14,R02,B008,10,6,1,0,Heat,0.121,23.0,36.4,1.6,Completed
T001287,2026-06-14,R02,B005,11,6,1,0,,0.159,11.0,36.4,-0.2,Completed
T001288,2026-06-14,R02,B007,13,6,1,0,Heat,0.196,13.0,36.4,6.7,Completed
T001289,2026-06-14,R02,B005,14,6,1,0,Heat,0.106,13.0,36.4,-0.2,Completed
T001290,2026-06-14,R02,B005,15,6,1,0,Heat,0.131,13.0,36.4,7.3,Completed
T001291,2026-06-14,R02,B005,17,6,1,0,Heat,0.616,22.0,36.4,10.9,Completed
T001292,2026-06-14,R02,B006,18,6,1,0,Heat,0.692,26.0,36.4,12.4,Completed
T001293,2026-06-14,R02,B008,19,6,1,0,Heat,0.167,13.0,36.4,2.0,Completed
T001294,2026-06-14,R02,B005,20,6,1,0,Heat,0.136,11.0,36.4,7.6,Completed
T001295,2026-06-14,R03,B010,8,6,1,0,Heat,0.683,35.0,58.8,16.8,Completed
T001296,2026-06-14,R03,B011,9,6,1,0,Heat,0.676,27.0,58.8,15.0,Completed
T001297,2026-06-14,R03,B011,10,6,1,0,Heat,0.167,17.0,58.8,7.0,Completed
T001298,2026-06-14,R03,B011,11,6,1,0,Heat,0.135,12.0,58.8,5.3,Completed
T001299,2026-06-14,R03,B012,12,6,1,0,Heat,0.137,21.0,58.8,13.6,Completed
T001300,2026-06-14,R03,B011,15,6,1,0,Heat,0.139,17.0,58.8,7.9,Completed
T001301,2026-06-14,R03,B009,17,6,1,0,Heat,0.625,26.0,58.8,14.0,Completed
T001302,2026-06-14,R03,B012,18,6,1,0,Heat,0.669,33.0,58.8,11.9,Completed
T001303,2026-06-14,R03,B011,21,6,1,0,Heat,0.122,10.0,58.8,4.4,Completed
T001304,2026-06-14,R04,B014,5,6,1,0,Heat,0.167,4.0,28.4,1.1,Completed
T001305,2026-06-14,R04,B014,8,6,1,0,Heat,0.655,30.0,28.4,6.1,Completed
T001306,2026-06-14,R04,B015,9,6,1,0,Heat,0.604,29.0,28.4,9.3,Completed
T001307,2026-06-14,R04,B015,10,6,1,0,Heat,0.17,20.0,28.4,8.3,Completed
T001308,2026-06-14,R04,B013,12,6,1,0,Heat,0.108,11.0,28.4,6.9,Completed
T001309,2026-06-14,R04,B014,13,6,1,0,Heat,0.14,20.0,28.4,5.0,Completed
T001310,2026-06-14,R04,B013,14,6,1,0,Heat,0.135,10.0,28.4,5.0,Completed
T001311,2026-06-14,R04,B014,17,6,1,0,Heat,0.688,24.0,28.4,13.1,Completed
T001312,2026-06-14,R04,B014,18,6,1,0,Heat,0.612,29.0,28.4,8.3,Completed
T001313,2026-06-14,R04,B014,21,6,1,0,Heat,0.198,9.0,28.4,3.9,Completed
T001314,2026-06-14,R05,B019,8,6,1,0,Heat,0.664,27.0,44.4,7.5,Completed
T001315,2026-06-14,R05,B017,9,6,1,0,Heat,0.642,30.0,44.4,9.9,Completed
T001316,2026-06-14,R05,B018,13,6,1,0,Heat,0.143,11.0,44.4,5.9,Completed
T001317,2026-06-14,R05,B020,15,6,1,0,Heat,0.106,14.0,44.4,0.5,Completed
T001318,2026-06-14,R05,B017,16,6,1,0,Heat,0.15,16.0,44.4,-1.8,Completed
T001319,2026-06-14,R05,B020,17,6,1,0,Heat,0.683,19.0,44.4,6.0,Completed
T001320,2026-06-14,R05,B019,18,6,1,0,Heat,0.65,26.0,44.4,12.8,Completed
T001321,2026-06-14,R05,B020,19,6,1,0,Heat,0.186,12.0,44.4,5.9,Completed
T001322,2026-06-14,R05,B017,20,6,1,0,Heat,0.197,12.0,44.4,6.6,Completed
T001323,2026-06-14,R06,B022,5,6,1,0,Heat,0.101,6.0,41.2,2.3,Completed
T001324,2026-06-14,R06,B023,6,6,1,0,Heat,0.178,11.0,41.2,4.7,Completed
T001325,2026-06-14,R06,B022,8,6,1,0,Heat,0.632,25.0,41.2,13.4,Completed
T001326,2026-06-14,R06,B021,9,6,1,0,Heat,0.668,22.0,41.2,15.8,Completed
T001327,2026-06-14,R06,B021,10,6,1,0,Heat,0.108,21.0,41.2,4.5,Completed
T001328,2026-06-14,R06,B024,11,6,1,0,Heat,0.192,16.0,41.2,3.8,Completed
T001329,2026-06-14,R06,B023,12,6,1,0,Heat,0.139,16.0,41.2,6.3,Completed
T001330,2026-06-14,R06,B022,14,6,1,0,Heat,0.142,13.0,41.2,4.4,Completed
T001331,2026-06-14,R06,B023,15,6,1,0,Heat,0.128,14.0,41.2,4.4,Completed
T001332,2026-06-14,R06,B023,16,6,1,0,Heat,0.155,20.0,41.2,4.6,Completed
T001333,2026-06-14,R06,B023,17,6,1,0,Heat,0.671,32.0,41.2,9.9,Completed
T001334,2026-06-14,R06,B023,18,6,1,0,Heat,0.661,29.0,41.2,12.3,Completed
T001335,2026-06-14,R06,B024,19,6,1,0,Heat,0.102,19.0,41.2,0.6,Completed
T001336,2026-06-14,R06,B022,20,6,1,0,Heat,0.128,11.0,41.2,-1.3,Completed
T001337,2026-06-14,R06,B024,21,6,1,0,Heat,0.153,8.0,41.2,-1.4,Completed
T001338,2026-06-14,R07,B025,5,6,1,0,Heat,0.193,3.0,33.2,7.2,Completed
T001339,2026-06-14,R07,B028,6,6,1,0,Heat,0.197,6.0,33.2,4.8,Completed
T001340,2026-06-14,R07,B027,7,6,1,0,Heat,0.169,12.0,33.2,4.9,Completed
T001341,2026-06-14,R07,B025,8,6,1,0,Heat,0.674,23.0,33.2,18.3,Completed
T001342,2026-06-14,R07,B026,9,6,1,0,Heat,0.618,15.0,33.2,6.3,Completed
T001343,2026-06-14,R07,B027,12,6,1,0,Heat,0.174,11.0,33.2,0.8,Completed
T001344,2026-06-14,R07,B027,13,6,1,0,Heat,0.171,11.0,33.2,4.6,Completed
T001345,2026-06-14,R07,B027,14,6,1,0,Heat,0.187,11.0,33.2,-0.8,Completed
T001346,2026-06-14,R07,B025,17,6,1,0,Heat,0.69,20.0,33.2,10.3,Completed
T001347,2026-06-14,R07,B026,18,6,1,0,Heat,0.68,15.0,33.2,8.8,Completed
T001348,2026-06-14,R07,B028,21,6,1,0,Heat,0.116,4.0,33.2,-1.2,Completed
T001349,2026-06-14,R08,B032,6,6,1,0,Heat,0.114,11.0,26.8,2.3,Completed
T001350,2026-06-14,R08,B031,8,6,1,0,Heat,0.687,21.0,26.8,13.4,Completed
T001351,2026-06-14,R08,B032,9,6,1,0,Heat,0.643,29.0,26.8,9.8,Completed
T001352,2026-06-14,R08,B030,11,6,1,0,Heat,0.166,9.0,26.8,8.4,Completed
T001353,2026-06-14,R08,B029,15,6,1,0,Heat,0.107,11.0,26.8,2.9,Completed
T001354,2026-06-14,R08,B029,16,6,1,0,Heat,0.118,10.0,26.8,5.3,Completed
T001355,2026-06-14,R08,B032,17,6,1,0,Heat,0.634,25.0,26.8,11.8,Completed
T001356,2026-06-14,R08,B030,18,6,1,0,Heat,0.686,0.0,26.8,,Cancelled
T001357,2026-06-14,R08,B031,19,6,1,0,Heat,0.148,14.0,26.8,3.6,Completed
T001358,2026-06-14,R09,B036,5,6,1,0,Heat,0.132,3.0,63.6,4.9,Completed
T001359,2026-06-14,R09,B035,8,6,1,0,Heat,0.632,17.0,63.6,15.4,Completed
T001360,2026-06-14,R09,B035,9,6,1,0,Heat,0.619,16.0,63.6,7.9,Completed
T001361,2026-06-14,R09,B036,12,6,1,0,Heat,0.108,7.0,63.6,3.3,Completed
T001362,2026-06-14,R09,B035,13,6,1,0,Heat,0.189,10.0,63.6,7.7,Completed
T001363,2026-06-14,R09,B034,16,6,1,0,Heat,0.167,11.0,63.6,9.8,Completed
T001364,2026-06-14,R09,B036,17,6,1,0,Heat,0.687,10.0,63.6,11.9,Completed
T001365,2026-06-14,R09,B033,18,6,1,0,Heat,0.603,19.0,63.6,11.1,Completed
T001366,2026-06-14,R09,B034,21,6,1,0,Heat,0.115,6.0,63.6,6.0,Completed
T001367,2026-06-14,R10,B039,8,6,1,0,Heat,0.648,16.0,38.0,9.1,Completed
T001368,2026-06-14,R10,B040,9,6,1,0,Heat,0.672,21.0,38.0,8.1,Completed
T001369,2026-06-14,R10,B040,16,6,1,0,Heat,0.149,9.0,38.0,2.7,Completed
T001370,2026-06-14,R10,B039,17,6,1,0,Heat,0.636,15.0,38.0,7.6,Completed
T001371,2026-06-14,R10,B040,18,6,1,0,Heat,0.638,27.0,38.0,8.0,Completed
T001372,2026-06-14,R10,B040,21,6,1,0,Heat,,5.0,38.0,3.1,Completed
T001373,2026-06-15,R01,B001,6,0,0,0,Rain,0.486,16.0,50.8,17.6,Completed
T001374,2026-06-15,R01,B001,8,0,0,0,Rain,0.914,50.0,50.8,20.5,Completed
T001375,2026-06-15,R01,B004,9,0,0,0,Rain,0.919,50.0,50.8,16.1,Completed
T001376,2026-06-15,R01,B002,10,0,0,0,Rain,0.442,35.0,50.8,15.4,Completed
T001377,2026-06-15,R01,B002,13,0,0,0,Rain,0.468,25.0,50.8,9.5,Completed
T001378,2026-06-15,R01,B002,15,0,0,0,Rain,0.424,18.0,50.8,13.1,Completed
T001379,2026-06-15,R01,B002,17,0,0,0,Rain,0.923,30.0,50.8,18.8,Completed
T001380,2026-06-15,R01,B001,18,0,0,0,Rain,0.986,49.0,50.8,18.6,Completed
T001381,2026-06-15,R01,B002,19,0,0,0,Rain,0.46,31.0,50.8,11.7,Completed
T001382,2026-06-15,R02,B005,6,0,0,0,Rain,0.455,11.0,36.4,14.9,Completed
T001383,2026-06-15,R02,B008,7,0,0,0,Rain,0.499,29.0,36.4,7.5,Completed
T001384,2026-06-15,R02,B008,8,0,0,0,Rain,0.986,32.0,36.4,15.9,Completed
T001385,2026-06-15,R02,B007,9,0,0,0,Rain,0.964,18.0,36.4,16.6,Completed
T001386,2026-06-15,R02,B005,10,0,0,0,Rain,0.496,19.0,36.4,15.3,Completed
T001387,2026-06-15,R02,B008,11,0,0,0,Rain,0.457,18.0,36.4,15.2,Completed
T001388,2026-06-15,R02,B007,12,0,0,0,Rain,0.417,22.0,36.4,7.9,Completed
T001389,2026-06-15,R02,B006,14,0,0,0,Rain,0.46,25.0,36.4,18.0,Completed
T001390,2026-06-15,R02,B005,15,0,0,0,Rain,0.415,16.0,36.4,13.6,Completed
T001391,2026-06-15,R02,B005,17,0,0,0,Rain,0.996,28.0,36.4,15.2,Completed
T001392,2026-06-15,R02,B006,18,0,0,0,Rain,0.96,49.0,36.4,20.9,Completed
T001393,2026-06-15,R02,B005,21,0,0,0,Rain,0.455,0.0,36.4,,Cancelled
T001394,2026-06-15,R03,B009,6,0,0,0,Rain,0.417,9.0,58.8,18.0,Completed
T001395,2026-06-15,R03,B009,7,0,0,0,Rain,0.45,22.0,58.8,12.9,Completed
T001396,2026-06-15,R03,B010,8,0,0,0,Rain,0.904,41.0,58.8,23.5,Completed
T001397,2026-06-15,R03,B011,9,0,0,0,Rain,0.912,,58.8,16.9,Completed
T001398,2026-06-15,R03,B009,12,0,0,0,Rain,0.478,19.0,58.8,16.1,Completed
T001399,2026-06-15,R03,B012,14,0,0,0,Rain,0.423,19.0,58.8,13.6,Completed
T001400,2026-06-15,R03,B010,17,0,0,0,Rain,0.922,34.0,58.8,15.5,Completed
T001401,2026-06-15,R03,B010,18,0,0,0,Rain,0.901,36.0,58.8,23.0,Completed
T001402,2026-06-15,R03,B010,19,0,0,0,Rain,0.438,21.0,58.8,20.6,Completed
T001403,2026-06-15,R03,B010,21,0,0,0,Rain,0.496,10.0,58.8,15.4,Completed
T001404,2026-06-15,R04,B014,5,0,0,0,Rain,0.414,9.0,28.4,11.4,Completed
T001405,2026-06-15,R04,B014,6,0,0,0,Rain,,18.0,28.4,8.8,Completed
T001406,2026-06-15,R04,B014,8,0,0,0,Rain,0.933,29.0,28.4,14.4,Completed
T001407,2026-06-15,R04,B014,9,0,0,0,Rain,0.9,28.0,28.4,10.9,Completed
T001408,2026-06-15,R04,B013,10,0,0,0,Rain,0.456,25.0,28.4,11.7,Completed
T001409,2026-06-15,R04,B015,12,0,0,0,Rain,0.487,0.0,28.4,,Cancelled
T001410,2026-06-15,R04,B015,16,0,0,0,Rain,0.472,,28.4,12.0,Completed
T001411,2026-06-15,R04,B013,17,0,0,0,Rain,0.96,22.0,28.4,21.1,Completed
T001412,2026-06-15,R04,B013,18,0,0,0,Rain,0.939,32.0,28.4,20.3,Completed
T001413,2026-06-15,R04,B015,21,0,0,0,Rain,0.446,7.0,28.4,12.0,Completed
T001414,2026-06-15,R05,B020,8,0,0,0,Rain,0.971,32.0,44.4,20.3,Completed
T001415,2026-06-15,R05,B020,9,0,0,0,Rain,0.968,30.0,44.4,15.7,Completed
T001416,2026-06-15,R05,B017,10,0,0,0,Rain,0.465,19.0,44.4,12.1,Completed
T001417,2026-06-15,R05,B017,12,0,0,0,Rain,0.449,19.0,44.4,9.5,Completed
T001418,2026-06-15,R05,B018,13,0,0,0,Rain,0.402,10.0,44.4,14.7,Completed
T001419,2026-06-15,R05,B019,15,0,0,0,Rain,0.429,20.0,44.4,14.5,Completed
T001420,2026-06-15,R05,B018,17,0,0,0,Rain,0.914,18.0,44.4,22.9,Completed
T001421,2026-06-15,R05,B019,18,0,0,0,Rain,0.941,27.0,44.4,20.1,Completed
T001422,2026-06-15,R05,B019,19,0,0,0,Rain,0.492,27.0,44.4,17.0,Completed
T001423,2026-06-15,R05,B019,20,0,0,0,Rain,0.403,18.0,44.4,15.8,Completed
T001424,2026-06-15,R06,B022,5,0,0,0,Rain,0.42,5.0,41.2,7.0,Completed
T001425,2026-06-15,R06,B021,6,0,0,0,Rain,0.422,13.0,41.2,11.7,Completed
T001426,2026-06-15,R06,B024,7,0,0,0,Rain,0.413,0.0,41.2,,Cancelled
T001427,2026-06-15,R06,B021,8,0,0,0,Rain,0.936,0.0,41.2,,Cancelled
T001428,2026-06-15,R06,B024,9,0,0,0,Rain,0.927,34.0,41.2,14.4,Completed
T001429,2026-06-15,R06,B023,10,0,0,0,Rain,0.413,23.0,41.2,17.5,Completed
T001430,2026-06-15,R06,B023,13,0,0,0,Rain,0.431,22.0,41.2,15.2,Completed
T001431,2026-06-15,R06,B022,14,0,0,0,Rain,0.473,20.0,41.2,13.7,Completed
T001432,2026-06-15,R06,B021,16,0,0,0,Rain,0.45,18.0,41.2,14.9,Completed
T001433,2026-06-15,R06,B022,17,0,0,0,Rain,0.957,22.0,41.2,15.4,Completed
T001434,2026-06-15,R06,B021,18,0,0,0,Rain,0.935,36.0,41.2,22.2,Completed
T001435,2026-06-15,R06,B021,19,0,0,0,Rain,0.428,22.0,41.2,9.7,Completed
T001436,2026-06-15,R06,B021,21,0,0,0,Rain,0.47,10.0,41.2,13.5,Completed
T001437,2026-06-15,R07,B028,7,0,0,0,Rain,0.423,10.0,33.2,10.9,Completed
T001438,2026-06-15,R07,B027,8,0,0,0,Rain,0.937,28.0,33.2,15.2,Completed
T001439,2026-06-15,R07,B028,9,0,0,0,Rain,0.997,26.0,33.2,16.2,Completed
T001440,2026-06-15,R07,B027,14,0,0,0,Rain,0.458,14.0,33.2,14.5,Completed
T001441,2026-06-15,R07,B027,17,0,0,0,Rain,0.917,18.0,33.2,17.9,Completed
T001442,2026-06-15,R07,B027,18,0,0,0,Rain,0.949,0.0,33.2,,Cancelled
T001443,2026-06-15,R08,B030,5,0,0,0,Rain,0.475,5.0,26.8,9.3,Completed
T001444,2026-06-15,R08,B032,6,0,0,0,Rain,0.446,11.0,26.8,14.0,Completed
T001445,2026-06-15,R08,B032,8,0,0,0,Rain,0.957,37.0,26.8,16.8,Completed
T001446,2026-06-15,R08,B029,9,0,0,0,Rain,0.945,14.0,26.8,15.9,Completed
T001447,2026-06-15,R08,B030,10,0,0,0,Rain,0.442,14.0,26.8,7.4,Completed
T001448,2026-06-15,R08,B031,15,0,0,0,Rain,0.499,16.0,26.8,9.3,Completed
T001449,2026-06-15,R08,B031,17,0,0,0,Rain,0.969,24.0,26.8,18.8,Completed
T001450,2026-06-15,R08,B031,18,0,0,0,Rain,0.939,25.0,26.8,14.7,Completed
T001451,2026-06-15,R08,B031,19,0,0,0,Rain,0.431,22.0,26.8,7.1,Completed
T001452,2026-06-15,R08,B029,20,0,0,0,Rain,0.43,10.0,26.8,11.2,Completed
T001453,2026-06-15,R08,B029,21,0,0,0,Rain,0.436,7.0,26.8,6.8,Completed
T001454,2026-06-15,R09,B035,6,0,0,0,Rain,0.478,9.0,63.6,9.9,Completed
T001455,2026-06-15,R09,B033,7,0,0,0,Rain,0.443,20.0,63.6,14.2,Completed
T001456,2026-06-15,R09,B033,8,0,0,0,Rain,0.971,21.0,63.6,20.6,Completed
T001457,2026-06-15,R09,B035,9,0,0,0,Rain,0.906,22.0,63.6,20.4,Completed
T001458,2026-06-15,R09,B035,10,0,0,0,Rain,0.486,13.0,63.6,16.2,Completed
T001459,2026-06-15,R09,B033,11,0,0,0,Rain,0.499,9.0,63.6,16.1,Completed
T001460,2026-06-15,R09,B036,13,0,0,0,Rain,0.44,8.0,63.6,11.3,Completed
T001461,2026-06-15,R09,B034,14,0,0,0,Rain,0.408,10.0,63.6,11.3,Completed
T001462,2026-06-15,R09,B036,15,0,0,0,Rain,0.409,8.0,63.6,7.4,Completed
T001463,2026-06-15,R09,B036,16,0,0,0,Rain,0.401,13.0,63.6,7.1,Completed
T001464,2026-06-15,R09,B036,17,0,0,0,Rain,0.923,15.0,63.6,18.5,Completed
T001465,2026-06-15,R09,B036,18,0,0,0,Rain,0.989,15.0,63.6,20.7,Completed
T001466,2026-06-15,R09,B033,19,0,0,0,Rain,0.428,14.0,63.6,14.4,Completed
T001467,2026-06-15,R10,B038,7,0,0,0,Rain,0.405,16.0,38.0,7.3,Completed
T001468,2026-06-15,R10,B040,8,0,0,0,Rain,0.942,26.0,38.0,13.1,Completed
T001469,2026-06-15,R10,B037,9,0,0,0,Rain,0.984,25.0,38.0,16.6,Completed
T001470,2026-06-15,R10,B038,11,0,0,0,Rain,0.402,,38.0,9.4,Completed
T001471,2026-06-15,R10,B037,12,0,0,0,Rain,0.469,12.0,38.0,4.8,Completed
T001472,2026-06-15,R10,B039,13,0,0,0,Rain,0.428,10.0,38.0,10.6,Completed
T001473,2026-06-15,R10,B037,14,0,0,0,Rain,0.426,8.0,38.0,10.9,Completed
T001474,2026-06-15,R10,B038,15,0,0,0,Rain,0.408,13.0,38.0,13.6,Completed
T001475,2026-06-15,R10,B040,17,0,0,0,Rain,0.917,31.0,38.0,17.3,Completed
T001476,2026-06-15,R10,B037,18,0,0,0,Rain,0.993,17.0,38.0,16.0,Completed
T001477,2026-06-15,R10,B038,19,0,0,0,Rain,0.401,18.0,38.0,13.3,Completed
T001478,2026-06-15,R10,B040,21,0,0,0,Rain,0.467,8.0,38.0,15.2,Completed
T001479,2026-06-16,R01,B001,5,1,0,0,Rain,0.453,11.0,50.8,12.7,Completed
T001480,2026-06-16,R01,B001,8,1,0,0,Rain,0.965,33.0,50.8,25.4,Completed
T001481,2026-06-16,R01,B004,9,1,0,0,Rain,0.956,49.0,50.8,16.8,Completed
T001482,2026-06-16,R01,B004,10,1,0,0,Rain,0.406,29.0,50.8,10.2,Completed
T001483,2026-06-16,R01,B004,11,1,0,0,Rain,0.414,20.0,50.8,15.7,Completed
T001484,2026-06-16,R01,B003,14,1,0,0,Rain,0.445,27.0,50.8,9.2,Completed
T001485,2026-06-16,R01,B004,15,1,0,0,Rain,0.418,24.0,50.8,10.9,Completed
T001486,2026-06-16,R01,B003,17,1,0,0,Rain,0.928,54.0,50.8,16.9,Completed
T001487,2026-06-16,R01,B001,18,1,0,0,Rain,0.925,50.0,50.8,22.1,Completed
T001488,2026-06-16,R02,B006,5,1,0,0,Rain,0.497,9.0,36.4,11.8,Completed
T001489,2026-06-16,R02,B006,7,1,0,0,Rain,0.42,25.0,36.4,14.2,Completed
T001490,2026-06-16,R02,B008,8,1,0,0,Rain,0.91,34.0,36.4,18.9,Completed
T001491,2026-06-16,R02,B006,9,1,0,0,Rain,0.975,57.0,36.4,14.8,Completed
T001492,2026-06-16,R02,B007,11,1,0,0,Rain,0.464,15.0,36.4,10.3,Completed
T001493,2026-06-16,R02,B007,13,1,0,0,Rain,0.44,24.0,36.4,9.6,Completed
T001494,2026-06-16,R02,B006,17,1,0,0,Rain,0.998,30.0,36.4,23.5,Completed
T001495,2026-06-16,R02,B005,18,1,0,0,Rain,0.958,29.0,36.4,16.4,Completed
T001496,2026-06-16,R02,B008,19,1,0,0,Rain,0.407,21.0,36.4,11.5,Completed
T001497,2026-06-16,R02,B008,20,1,0,0,Rain,0.493,16.0,36.4,8.6,Completed
T001498,2026-06-16,R03,B010,5,1,0,0,Rain,0.463,8.0,58.8,13.6,Completed
T001499,2026-06-16,R03,B009,6,1,0,0,Rain,0.408,10.0,58.8,12.7,Completed
T001500,2026-06-16,R03,B010,7,1,0,0,Rain,0.496,23.0,58.8,16.3,Completed
T001501,2026-06-16,R03,B012,8,1,0,0,Rain,0.971,42.0,58.8,26.6,Completed
T001502,2026-06-16,R03,B009,9,1,0,0,Rain,0.952,24.0,58.8,20.4,Completed
T001503,2026-06-16,R03,B009,10,1,0,0,Rain,0.415,25.0,58.8,7.6,Completed
T001504,2026-06-16,R03,B011,15,1,0,0,Rain,0.452,20.0,58.8,11.1,Completed
T001505,2026-06-16,R03,B012,17,1,0,0,Rain,0.956,56.0,58.8,21.2,Completed
T001506,2026-06-16,R03,B012,18,1,0,0,Rain,0.912,45.0,58.8,18.5,Completed
T001507,2026-06-16,R03,B012,20,1,0,0,Rain,0.468,30.0,58.8,12.1,Completed
T001508,2026-06-16,R04,B016,6,1,0,0,Rain,0.481,11.0,28.4,13.2,Completed
T001509,2026-06-16,R04,B015,7,1,0,0,Rain,0.472,21.0,28.4,11.3,Completed
T001510,2026-06-16,R04,B016,8,1,0,0,Rain,0.948,20.0,28.4,19.2,Completed
T001511,2026-06-16,R04,B014,9,1,0,0,Rain,0.92,46.0,28.4,17.4,Completed
T001512,2026-06-16,R04,B013,10,1,0,0,Rain,0.453,31.0,28.4,8.5,Completed
T001513,2026-06-16,R04,B013,11,1,0,0,Rain,0.463,22.0,28.4,10.4,Completed
T001514,2026-06-16,R04,B013,14,1,0,0,Rain,0.417,17.0,28.4,8.7,Completed
T001515,2026-06-16,R04,B013,15,1,0,0,Rain,0.422,14.0,28.4,9.6,Completed
T001516,2026-06-16,R04,B016,16,1,0,0,Rain,0.497,23.0,28.4,8.2,Completed
T001517,2026-06-16,R04,B015,17,1,0,0,Rain,0.981,33.0,28.4,20.8,Completed
T001518,2026-06-16,R04,B013,18,1,0,0,Rain,0.989,36.0,28.4,16.1,Completed
T001519,2026-06-16,R05,B020,6,1,0,0,Rain,0.416,9.0,44.4,12.2,Completed
T001520,2026-06-16,R05,B018,7,1,0,0,Rain,0.436,15.0,44.4,12.5,Completed
T001521,2026-06-16,R05,B018,8,1,0,0,Rain,0.974,26.0,44.4,20.9,Completed
T001522,2026-06-16,R05,B019,9,1,0,0,Rain,0.993,40.0,44.4,18.3,Completed
T001523,2026-06-16,R05,B018,10,1,0,0,Rain,0.47,17.0,44.4,12.0,Completed
T001524,2026-06-16,R05,B019,12,1,0,0,Rain,0.414,19.0,44.4,17.4,Completed
T001525,2026-06-16,R05,B017,17,1,0,0,Rain,0.906,23.0,44.4,16.9,Completed
T001526,2026-06-16,R05,B017,18,1,0,0,Rain,0.922,27.0,44.4,24.3,Completed
T001527,2026-06-16,R06,B024,5,1,0,0,Rain,0.492,9.0,41.2,7.7,Completed
T001528,2026-06-16,R06,B023,7,1,0,0,Rain,0.4,18.0,41.2,13.0,Completed
T001529,2026-06-16,R06,B022,8,1,0,0,Rain,0.901,41.0,41.2,19.4,Completed
T001530,2026-06-16,R06,B022,9,1,0,0,Rain,0.98,46.0,41.2,17.1,Completed
T001531,2026-06-16,R06,B021,10,1,0,0,Rain,0.43,23.0,41.2,16.3,Completed
T001532,2026-06-16,R06,B021,12,1,0,0,Rain,0.418,10.0,41.2,14.7,Completed
T001533,2026-06-16,R06,B021,14,1,0,0,Rain,0.464,16.0,41.2,240.0,Completed
T001534,2026-06-16,R06,B022,15,1,0,0,Rain,0.413,17.0,41.2,10.9,Completed
T001535,2026-06-16,R06,B024,17,1,0,0,Rain,0.944,26.0,41.2,15.5,Completed
T001536,2026-06-16,R06,B024,18,1,0,0,Rain,0.974,43.0,41.2,14.1,Completed
T001537,2026-06-16,R06,B022,20,1,0,0,Rain,0.469,17.0,41.2,14.1,Completed
T001538,2026-06-16,R06,B023,21,1,0,0,Rain,0.478,13.0,41.2,21.7,Completed
T001539,2026-06-16,R07,B027,5,1,0,0,Rain,0.481,4.0,33.2,12.9,Completed
T001540,2026-06-16,R07,B025,8,1,0,0,Rain,0.938,18.0,33.2,18.0,Completed
T001541,2026-06-16,R07,B027,9,1,0,0,Rain,0.904,25.0,33.2,21.1,Completed
T001542,2026-06-16,R07,B025,15,1,0,0,Rain,0.473,11.0,33.2,10.0,Completed
T001543,2026-06-16,R07,B026,17,1,0,0,Rain,0.977,21.0,33.2,19.1,Completed
T001544,2026-06-16,R07,B028,18,1,0,0,Rain,0.917,21.0,33.2,17.7,Completed
T001545,2026-06-16,R07,B028,19,1,0,0,Rain,0.482,12.0,33.2,11.2,Completed
T001546,2026-06-16,R08,B030,5,1,0,0,Rain,0.446,6.0,26.8,15.1,Completed
T001547,2026-06-16,R08,B031,6,1,0,0,Rain,0.471,12.0,26.8,10.3,Completed
T001548,2026-06-16,R08,B030,8,1,0,0,Rain,0.959,,26.8,20.3,Completed
T001549,2026-06-16,R08,B030,9,1,0,0,Rain,0.955,27.0,26.8,19.0,Completed
T001550,2026-06-16,R08,B032,12,1,0,0,Rain,0.416,21.0,26.8,17.9,Completed
T001551,2026-06-16,R08,B031,13,1,0,0,Rain,0.452,15.0,26.8,12.2,Completed
T001552,2026-06-16,R08,B030,15,1,0,0,Rain,0.442,15.0,26.8,11.2,Completed
T001553,2026-06-16,R08,B030,16,1,0,0,Rain,0.404,,26.8,14.1,Completed
T001554,2026-06-16,R08,B030,17,1,0,0,Rain,0.983,20.0,26.8,20.4,Completed
T001555,2026-06-16,R08,B032,18,1,0,0,Rain,0.912,34.0,26.8,20.4,Completed
T001556,2026-06-16,R08,B031,19,1,0,0,Rain,0.477,21.0,26.8,9.9,Completed
T001557,2026-06-16,R09,B033,5,1,0,0,Rain,0.454,4.0,63.6,13.9,Completed
T001558,2026-06-16,R09,B036,6,1,0,0,Rain,0.423,5.0,63.6,7.6,Completed
T001559,2026-06-16,R09,B033,7,1,0,0,Rain,0.471,12.0,63.6,14.5,Completed
T001560,2026-06-16,R09,B036,8,1,0,0,Rain,0.963,16.0,63.6,19.2,Completed
T001561,2026-06-16,R09,B033,9,1,0,0,Rain,0.956,24.0,63.6,13.0,Completed
T001562,2026-06-16,R09,B035,12,1,0,0,Rain,0.41,0.0,63.6,,Cancelled
T001563,2026-06-16,R09,B034,13,1,0,0,Rain,0.451,15.0,63.6,11.1,Completed
T001564,2026-06-16,R09,B033,15,1,0,0,Rain,0.428,12.0,63.6,12.1,Completed
T001565,2026-06-16,R09,B034,16,1,0,0,Rain,0.479,0.0,63.6,,Cancelled
T001566,2026-06-16,R09,B033,17,1,0,0,Rain,0.924,0.0,63.6,,Cancelled
T001567,2026-06-16,R09,B035,18,1,0,0,Rain,0.949,24.0,63.6,17.4,Completed
T001568,2026-06-16,R10,B037,8,1,0,0,Rain,0.902,19.0,38.0,10.9,Completed
T001569,2026-06-16,R10,B039,9,1,0,0,Rain,0.972,28.0,38.0,20.3,Completed
T001570,2026-06-16,R10,B039,10,1,0,0,Rain,0.411,16.0,38.0,5.3,Completed
T001571,2026-06-16,R10,B039,14,1,0,0,Rain,0.461,8.0,38.0,15.9,Completed
T001572,2026-06-16,R10,B037,17,1,0,0,Rain,0.935,10.0,38.0,15.2,Completed
T001573,2026-06-16,R10,B038,18,1,0,0,Rain,0.917,16.0,38.0,17.1,Completed
T001574,2026-06-16,R10,B039,19,1,0,0,Rain,,,38.0,9.4,Completed
T001575,2026-06-16,R10,B039,20,1,0,0,Rain,,6.0,38.0,10.1,Completed
T001576,2026-06-17,R01,B004,6,2,0,0,Heat,0.329,18.0,50.8,11.1,Completed
T001577,2026-06-17,R01,B003,8,2,0,0,Heat,0.771,54.0,50.8,10.0,Completed
T001578,2026-06-17,R01,B004,9,2,0,0,Heat,0.815,42.0,50.8,13.9,Completed
T001579,2026-06-17,R01,B002,11,2,0,0,Heat,0.34,19.0,50.8,5.7,Completed
T001580,2026-06-17,R01,B001,14,2,0,0,Heat,0.316,18.0,50.8,3.6,Completed
T001581,2026-06-17,R01,B002,16,2,0,0,Heat,0.25,,50.8,2.6,Completed
T001582,2026-06-17,R01,B004,17,2,0,0,Heat,0.767,46.0,50.8,13.0,Completed
T001583,2026-06-17,R01,B003,18,2,0,0,Heat,0.798,55.0,50.8,9.9,Completed
T001584,2026-06-17,R01,B003,19,2,0,0,Heat,0.29,37.0,50.8,0.7,Completed
T001585,2026-06-17,R01,B001,21,2,0,0,Heat,0.33,13.0,50.8,3.7,Completed
T001586,2026-06-17,R02,B005,6,2,0,0,Heat,0.321,11.0,36.4,3.7,Completed
T001587,2026-06-17,R02,B007,7,2,0,0,Heat,0.331,27.0,36.4,6.3,Completed
T001588,2026-06-17,R02,B006,8,2,0,0,Heat,0.817,40.0,36.4,13.7,Completed
T001589,2026-06-17,R02,B006,9,2,0,0,Heat,0.754,56.0,36.4,12.7,Completed
T001590,2026-06-17,R02,B008,10,2,0,0,Heat,0.327,22.0,36.4,3.1,Completed
T001591,2026-06-17,R02,B006,13,2,0,0,Heat,0.286,18.0,36.4,4.0,Completed
T001592,2026-06-17,R02,B007,14,2,0,0,Heat,0.294,,36.4,5.8,Completed
T001593,2026-06-17,R02,B007,17,2,0,0,Heat,0.759,38.0,36.4,10.8,Completed
T001594,2026-06-17,R02,B005,18,2,0,0,Heat,0.762,31.0,36.4,12.0,Completed
T001595,2026-06-17,R02,B008,20,2,0,0,Heat,0.306,20.0,36.4,6.3,Completed
T001596,2026-06-17,R03,B011,7,2,0,0,Heat,0.264,0.0,58.8,,Cancelled
T001597,2026-06-17,R03,B010,8,2,0,0,Heat,0.792,35.0,58.8,9.0,Completed
T001598,2026-06-17,R03,B012,9,2,0,0,Heat,0.785,60.0,58.8,11.1,Completed
T001599,2026-06-17,R03,B012,11,2,0,0,Heat,0.265,31.0,58.8,7.7,Completed
T001600,2026-06-17,R03,B011,13,2,0,0,Heat,0.333,25.0,58.8,7.6,Completed
T001601,2026-06-17,R03,B010,15,2,0,0,Heat,0.269,26.0,58.8,5.3,Completed
T001602,2026-06-17,R03,B010,16,2,0,0,Heat,0.316,20.0,58.8,7.1,Completed
T001603,2026-06-17,R03,B010,17,2,0,0,Heat,0.754,47.0,58.8,15.9,Completed
T001604,2026-06-17,R03,B010,18,2,0,0,Heat,0.845,50.0,58.8,12.3,Completed
T001605,2026-06-17,R03,B012,20,2,0,0,Heat,0.26,26.0,58.8,7.3,Completed
T001606,2026-06-17,R03,B011,21,2,0,0,Heat,0.292,14.0,58.8,10.4,Completed
T001607,2026-06-17,R04,B015,8,2,0,0,Heat,0.792,33.0,28.4,10.1,Completed
T001608,2026-06-17,R04,B013,9,2,0,0,Heat,0.819,37.0,28.4,16.4,Completed
T001609,2026-06-17,R04,B016,10,2,0,0,Heat,0.316,23.0,28.4,6.3,Completed
T001610,2026-06-17,R04,B013,11,2,0,0,Heat,0.257,16.0,28.4,11.6,Completed
T001611,2026-06-17,R04,B014,12,2,0,0,Heat,0.278,23.0,28.4,7.6,Completed
T001612,2026-06-17,R04,B013,17,2,0,0,Heat,0.781,37.0,28.4,15.7,Completed
T001613,2026-06-17,R04,B013,18,2,0,0,Heat,0.829,31.0,28.4,14.2,Completed
T001614,2026-06-17,R04,B015,19,2,0,0,Heat,0.339,25.0,28.4,7.7,Completed
T001615,2026-06-17,R04,B015,20,2,0,0,Heat,0.347,14.0,28.4,3.1,Completed
T001616,2026-06-17,R05,B017,7,2,0,0,Heat,0.32,15.0,44.4,2.2,Completed
T001617,2026-06-17,R05,B017,8,2,0,0,Heat,0.763,35.0,44.4,15.3,Completed
T001618,2026-06-17,R05,B017,9,2,0,0,Heat,0.834,39.0,44.4,6.0,Completed
T001619,2026-06-17,R05,B018,11,2,0,0,Heat,0.339,10.0,44.4,7.6,Completed
T001620,2026-06-17,R05,B020,12,2,0,0,Heat,0.285,14.0,44.4,5.7,Completed
T001621,2026-06-17,R05,B018,14,2,0,0,Heat,0.349,13.0,44.4,5.1,Completed
T001622,2026-06-17,R05,B017,15,2,0,0,Heat,0.301,24.0,44.4,7.3,Completed
T001623,2026-06-17,R05,B017,17,2,0,0,Heat,0.807,18.0,44.4,16.4,Completed
T001624,2026-06-17,R05,B019,18,2,0,0,Heat,0.847,37.0,44.4,18.8,Completed
T001625,2026-06-17,R05,B018,20,2,0,0,Heat,0.272,11.0,44.4,1.6,Completed
T001626,2026-06-17,R06,B023,5,2,0,0,Heat,0.335,10.0,41.2,8.1,Completed
T001627,2026-06-17,R06,B021,6,2,0,0,Heat,0.31,12.0,41.2,4.8,Completed
T001628,2026-06-17,R06,B021,7,2,0,0,,0.252,16.0,41.2,7.3,Completed
T001629,2026-06-17,R06,B021,8,2,0,0,Heat,0.806,46.0,41.2,10.3,Completed
T001630,2026-06-17,R06,B022,9,2,0,0,Heat,0.824,44.0,41.2,9.8,Completed
T001631,2026-06-17,R06,B022,10,2,0,0,Heat,0.317,24.0,41.2,2.8,Completed
T001632,2026-06-17,R06,B021,13,2,0,0,Heat,0.3,0.0,41.2,,Cancelled
T001633,2026-06-17,R06,B023,16,2,0,0,Heat,0.328,25.0,41.2,7.6,Completed
T001634,2026-06-17,R06,B022,17,2,0,0,,0.811,35.0,41.2,9.8,Completed
T001635,2026-06-17,R06,B021,18,2,0,0,Heat,0.814,50.0,41.2,14.1,Completed
T001636,2026-06-17,R06,B022,19,2,0,0,Heat,0.308,28.0,41.2,5.7,Completed
T001637,2026-06-17,R07,B025,5,2,0,0,Heat,0.33,5.0,33.2,5.3,Completed
T001638,2026-06-17,R07,B026,6,2,0,0,Heat,0.27,7.0,33.2,3.9,Completed
T001639,2026-06-17,R07,B027,8,2,0,0,Heat,0.752,25.0,33.2,12.4,Completed
T001640,2026-06-17,R07,B026,9,2,0,0,Heat,0.758,22.0,33.2,11.2,Completed
T001641,2026-06-17,R07,B025,13,2,0,0,Heat,0.261,14.0,33.2,9.3,Completed
T001642,2026-06-17,R07,B026,15,2,0,0,Heat,0.278,17.0,33.2,5.6,Completed
T001643,2026-06-17,R07,B027,17,2,0,0,Heat,0.792,23.0,33.2,12.9,Completed
T001644,2026-06-17,R07,B027,18,2,0,0,Heat,0.804,24.0,33.2,5.9,Completed
T001645,2026-06-17,R08,B029,5,2,0,0,Heat,0.27,4.0,26.8,4.6,Completed
T001646,2026-06-17,R08,B032,8,2,0,0,Heat,0.816,34.0,26.8,19.0,Completed
T001647,2026-06-17,R08,B030,9,2,0,0,Heat,0.788,30.0,26.8,13.7,Completed
T001648,2026-06-17,R08,B030,11,2,0,0,Heat,0.333,15.0,26.8,9.4,Completed
T001649,2026-06-17,R08,B029,14,2,0,0,Heat,0.347,13.0,26.8,8.3,Completed
T001650,2026-06-17,R08,B031,16,2,0,0,Heat,0.257,13.0,26.8,4.4,Completed
T001651,2026-06-17,R08,B030,17,2,0,0,Heat,0.845,25.0,26.8,12.0,Completed
T001652,2026-06-17,R08,B030,18,2,0,0,Heat,0.816,,26.8,18.7,Completed
T001653,2026-06-17,R08,B030,20,2,0,0,Heat,0.326,0.0,26.8,,Cancelled
T001654,2026-06-17,R08,B029,21,2,0,0,Heat,0.305,6.0,26.8,7.4,Completed
T001655,2026-06-17,R09,B033,5,2,0,0,Heat,0.256,4.0,63.6,10.8,Completed
T001656,2026-06-17,R09,B034,6,2,0,0,Heat,0.325,8.0,63.6,10.3,Completed
T001657,2026-06-17,R09,B033,8,2,0,0,Heat,0.761,,63.6,16.6,Completed
T001658,2026-06-17,R09,B035,9,2,0,0,Heat,0.822,27.0,63.6,15.9,Completed
T001659,2026-06-17,R09,B035,10,2,0,0,Heat,0.346,15.0,63.6,4.4,Completed
T001660,2026-06-17,R09,B034,11,2,0,0,Heat,0.274,14.0,63.6,2.5,Completed
T001661,2026-06-17,R09,B034,12,2,0,0,Heat,0.342,11.0,63.6,3.1,Completed
T001662,2026-06-17,R09,B035,13,2,0,0,Heat,0.342,12.0,63.6,11.1,Completed
T001663,2026-06-17,R09,B033,14,2,0,0,Heat,0.302,12.0,63.6,8.4,Completed
T001664,2026-06-17,R09,B033,17,2,0,0,Heat,0.782,18.0,63.6,16.9,Completed
T001665,2026-06-17,R09,B033,18,2,0,0,Heat,0.832,25.0,63.6,12.8,Completed
T001666,2026-06-17,R09,B034,21,2,0,0,Heat,0.292,6.0,63.6,2.6,Completed
T001667,2026-06-17,R10,B039,5,2,0,0,Heat,0.347,4.0,38.0,3.3,Completed
T001668,2026-06-17,R10,B038,6,2,0,0,Heat,0.293,9.0,38.0,-1.1,Completed
T001669,2026-06-17,R10,B037,8,2,0,0,Heat,0.823,21.0,38.0,13.5,Completed
T001670,2026-06-17,R10,B037,9,2,0,0,Heat,0.843,21.0,38.0,11.1,Completed
T001671,2026-06-17,R10,B039,11,2,0,0,Heat,0.308,11.0,38.0,6.2,Completed
T001672,2026-06-17,R10,B038,12,2,0,0,Heat,0.328,20.0,38.0,6.7,Completed
T001673,2026-06-17,R10,B040,13,2,0,0,Heat,0.318,12.0,38.0,3.0,Completed
T001674,2026-06-17,R10,B040,14,2,0,0,Heat,0.266,12.0,38.0,-0.8,Completed
T001675,2026-06-17,R10,B039,15,2,0,0,Heat,0.347,12.0,38.0,7.1,Completed
T001676,2026-06-17,R10,B038,16,2,0,0,Heat,0.333,,38.0,6.0,Completed
T001677,2026-06-17,R10,B039,17,2,0,0,Heat,0.832,20.0,38.0,6.9,Completed
T001678,2026-06-17,R10,B038,18,2,0,0,Heat,0.832,29.0,38.0,14.0,Completed
T001679,2026-06-17,R10,B037,19,2,0,0,Heat,0.296,18.0,38.0,3.7,Completed
T001680,2026-06-17,R10,B038,20,2,0,0,Heat,0.328,8.0,38.0,10.2,Completed
T001681,2026-06-18,R01,B003,7,3,0,0,Clear,0.326,43.0,50.8,8.9,Completed
T001682,2026-06-18,R01,B004,8,3,0,0,Clear,0.76,44.0,50.8,7.8,Completed
T001683,2026-06-18,R01,B003,9,3,0,0,Clear,0.82,60.0,50.8,13.1,Completed
T001684,2026-06-18,R01,B001,11,3,0,0,,0.337,27.0,50.8,6.6,Completed
T001685,2026-06-18,R01,B002,12,3,0,0,Clear,0.297,32.0,50.8,6.3,Completed
T001686,2026-06-18,R01,B001,13,3,0,0,Clear,0.291,28.0,50.8,6.8,Completed
T001687,2026-06-18,R01,B001,14,3,0,0,Clear,0.305,28.0,50.8,7.0,Completed
T001688,2026-06-18,R01,B003,17,3,0,0,Clear,0.811,60.0,50.8,10.8,Completed
T001689,2026-06-18,R01,B001,18,3,0,0,Clear,0.767,50.0,50.8,12.7,Completed
T001690,2026-06-18,R01,B003,19,3,0,0,Clear,0.322,50.0,50.8,6.1,Completed
T001691,2026-06-18,R02,B005,5,3,0,0,Clear,0.276,8.0,36.4,10.4,Completed
T001692,2026-06-18,R02,B005,6,3,0,0,Clear,0.288,10.0,36.4,5.8,Completed
T001693,2026-06-18,R02,B005,7,3,0,0,Clear,0.302,28.0,36.4,1.1,Completed
T001694,2026-06-18,R02,B007,8,3,0,0,Clear,0.781,39.0,36.4,12.2,Completed
T001695,2026-06-18,R02,B008,9,3,0,0,Clear,0.834,50.0,36.4,9.9,Completed
T001696,2026-06-18,R02,B007,11,3,0,0,Clear,0.332,22.0,36.4,5.7,Completed
T001697,2026-06-18,R02,B007,13,3,0,0,Clear,0.253,20.0,36.4,5.3,Completed
T001698,2026-06-18,R02,B008,16,3,0,0,Clear,0.324,28.0,36.4,10.6,Completed
T001699,2026-06-18,R02,B008,17,3,0,0,Clear,0.775,48.0,36.4,15.1,Completed
T001700,2026-06-18,R02,B007,18,3,0,0,Clear,0.768,45.0,36.4,6.2,Completed
T001701,2026-06-18,R02,B007,19,3,0,0,Clear,0.265,25.0,36.4,7.1,Completed
T001702,2026-06-18,R02,B006,20,3,0,0,Clear,0.26,24.0,36.4,7.2,Completed
T001703,2026-06-18,R03,B012,7,3,0,0,Clear,0.289,27.0,58.8,6.2,Completed
T001704,2026-06-18,R03,B012,8,3,0,0,Clear,0.824,49.0,58.8,13.9,Completed
T001705,2026-06-18,R03,B010,9,3,0,0,Clear,0.76,50.0,58.8,11.4,Completed
T001706,2026-06-18,R03,B009,10,3,0,0,Clear,0.303,31.0,58.8,9.7,Completed
T001707,2026-06-18,R03,B011,13,3,0,0,Clear,0.258,32.0,58.8,8.2,Completed
T001708,2026-06-18,R03,B011,14,3,0,0,Clear,0.328,24.0,58.8,1.7,Completed
T001709,2026-06-18,R03,B012,16,3,0,0,Clear,0.255,41.0,58.8,7.1,Completed
T001710,2026-06-18,R03,B011,17,3,0,0,Clear,0.811,37.0,58.8,13.5,Completed
T001711,2026-06-18,R03,B010,18,3,0,0,Clear,0.817,50.0,58.8,15.6,Completed
T001712,2026-06-18,R04,B015,8,3,0,0,Clear,0.847,44.0,28.4,14.7,Completed
T001713,2026-06-18,R04,B016,9,3,0,0,Clear,0.806,25.0,28.4,15.8,Completed
T001714,2026-06-18,R04,B013,10,3,0,0,Clear,0.261,30.0,28.4,8.2,Completed
T001715,2026-06-18,R04,B014,12,3,0,0,Clear,0.256,20.0,28.4,10.0,Completed
T001716,2026-06-18,R04,B013,14,3,0,0,Clear,0.346,0.0,28.4,,Cancelled
T001717,2026-06-18,R04,B013,17,3,0,0,Clear,0.798,23.0,28.4,15.8,Completed
T001718,2026-06-18,R04,B014,18,3,0,0,Clear,0.831,55.0,28.4,13.2,Completed
T001719,2026-06-18,R04,B016,19,3,0,0,Clear,0.343,17.0,28.4,8.2,Completed
T001720,2026-06-18,R04,B015,20,3,0,0,Clear,0.25,14.0,28.4,5.3,Completed
T001721,2026-06-18,R05,B019,7,3,0,0,Clear,0.34,18.0,44.4,7.6,Completed
T001722,2026-06-18,R05,B020,8,3,0,0,Clear,0.801,30.0,44.4,16.7,Completed
T001723,2026-06-18,R05,B020,9,3,0,0,Clear,0.843,28.0,44.4,9.9,Completed
T001724,2026-06-18,R05,B019,10,3,0,0,Clear,0.346,26.0,44.4,9.5,Completed
T001725,2026-06-18,R05,B017,12,3,0,0,Clear,0.326,20.0,44.4,10.9,Completed
T001726,2026-06-18,R05,B019,13,3,0,0,Clear,0.299,27.0,44.4,10.2,Completed
T001727,2026-06-18,R05,B018,14,3,0,0,Clear,0.304,13.0,44.4,7.8,Completed
T001728,2026-06-18,R05,B017,15,3,0,0,Clear,0.29,21.0,44.4,5.5,Completed
T001729,2026-06-18,R05,B018,17,3,0,0,Clear,0.795,30.0,44.4,14.4,Completed
T001730,2026-06-18,R05,B017,18,3,0,0,Clear,0.777,35.0,44.4,10.4,Completed
T001731,2026-06-18,R05,B019,21,3,0,0,Clear,0.34,15.0,44.4,12.7,Completed
T001732,2026-06-18,R06,B024,6,3,0,0,Clear,0.333,14.0,41.2,4.0,Completed
T001733,2026-06-18,R06,B021,7,3,0,0,Clear,0.254,25.0,41.2,3.6,Completed
T001734,2026-06-18,R06,B022,8,3,0,0,Clear,0.831,35.0,41.2,5.7,Completed
T001735,2026-06-18,R06,B022,9,3,0,0,Clear,0.817,47.0,41.2,14.4,Completed
T001736,2026-06-18,R06,B024,13,3,0,0,Clear,0.293,29.0,41.2,2.7,Completed
T001737,2026-06-18,R06,B023,15,3,0,0,Clear,0.333,30.0,41.2,12.3,Completed
T001738,2026-06-18,R06,B023,17,3,0,0,Clear,0.803,36.0,41.2,14.9,Completed
T001739,2026-06-18,R06,B024,18,3,0,0,Clear,0.835,36.0,41.2,13.8,Completed
T001740,2026-06-18,R06,B021,20,3,0,0,Clear,0.33,17.0,41.2,10.1,Completed
T001741,2026-06-18,R07,B026,7,3,0,0,Clear,0.282,12.0,33.2,10.3,Completed
T001742,2026-06-18,R07,B027,8,3,0,0,Clear,0.758,25.0,33.2,11.2,Completed
T001743,2026-06-18,R07,B025,9,3,0,0,Clear,0.785,31.0,33.2,240.0,Completed
T001744,2026-06-18,R07,B025,11,3,0,0,Clear,0.262,12.0,33.2,3.9,Completed
T001745,2026-06-18,R07,B028,16,3,0,0,Clear,0.319,14.0,33.2,9.8,Completed
T001746,2026-06-18,R07,B027,17,3,0,0,Clear,0.823,25.0,33.2,10.1,Completed
T001747,2026-06-18,R07,B026,18,3,0,0,Clear,0.818,21.0,33.2,15.7,Completed
T001748,2026-06-18,R07,B026,19,3,0,0,,0.266,15.0,33.2,11.2,Completed
T001749,2026-06-18,R07,B026,20,3,0,0,Clear,0.337,10.0,33.2,8.2,Completed
T001750,2026-06-18,R08,B030,8,3,0,0,Clear,0.793,31.0,26.8,14.4,Completed
T001751,2026-06-18,R08,B029,9,3,0,0,Clear,0.84,25.0,26.8,15.5,Completed
T001752,2026-06-18,R08,B031,10,3,0,0,Clear,0.282,12.0,26.8,6.6,Completed
T001753,2026-06-18,R08,B030,11,3,0,0,Clear,0.278,18.0,26.8,0.7,Completed
T001754,2026-06-18,R08,B032,12,3,0,0,Clear,0.336,22.0,26.8,3.8,Completed
T001755,2026-06-18,R08,B029,15,3,0,0,Clear,0.264,13.0,26.8,-0.1,Completed
T001756,2026-06-18,R08,B029,17,3,0,0,Clear,0.764,25.0,26.8,17.7,Completed
T001757,2026-06-18,R08,B031,18,3,0,0,Clear,0.841,33.0,26.8,8.9,Completed
T001758,2026-06-18,R08,B032,20,3,0,0,Clear,0.275,19.0,26.8,4.1,Completed
T001759,2026-06-18,R09,B033,5,3,0,0,Clear,0.329,5.0,63.6,12.8,Completed
T001760,2026-06-18,R09,B033,6,3,0,0,Clear,0.308,9.0,63.6,11.0,Completed
T001761,2026-06-18,R09,B035,7,3,0,0,Clear,0.273,15.0,63.6,3.9,Completed
T001762,2026-06-18,R09,B034,8,3,0,0,Clear,0.79,22.0,63.6,12.9,Completed
T001763,2026-06-18,R09,B035,9,3,0,0,Clear,0.762,24.0,63.6,8.4,Completed
T001764,2026-06-18,R09,B036,10,3,0,0,Clear,0.252,13.0,63.6,8.1,Completed
T001765,2026-06-18,R09,B033,11,3,0,0,Clear,0.317,13.0,63.6,3.2,Completed
T001766,2026-06-18,R09,B033,13,3,0,0,Clear,0.331,14.0,63.6,10.1,Completed
T001767,2026-06-18,R09,B035,17,3,0,0,Clear,0.788,24.0,63.6,13.3,Completed
T001768,2026-06-18,R09,B035,18,3,0,0,Clear,0.758,31.0,63.6,17.5,Completed
T001769,2026-06-18,R09,B036,20,3,0,0,Clear,0.325,8.0,63.6,0.4,Completed
T001770,2026-06-18,R09,B034,21,3,0,0,Clear,0.324,8.0,63.6,10.8,Completed
T001771,2026-06-18,R10,B040,5,3,0,0,Clear,0.329,6.0,38.0,4.3,Completed
T001772,2026-06-18,R10,B040,8,3,0,0,Clear,0.775,30.0,38.0,7.3,Completed
T001773,2026-06-18,R10,B040,9,3,0,0,Clear,0.797,35.0,38.0,12.1,Completed
T001774,2026-06-18,R10,B039,12,3,0,0,Clear,0.304,13.0,38.0,6.9,Completed
T001775,2026-06-18,R10,B037,13,3,0,0,Clear,0.318,13.0,38.0,1.8,Completed
T001776,2026-06-18,R10,B038,15,3,0,0,Clear,0.256,21.0,38.0,3.5,Completed
T001777,2026-06-18,R10,B040,17,3,0,0,Clear,0.81,29.0,38.0,8.0,Completed
T001778,2026-06-18,R10,B040,18,3,0,0,Clear,0.846,37.0,38.0,9.4,Completed
T001779,2026-06-18,R10,B040,19,3,0,0,Clear,0.266,23.0,38.0,11.9,Completed
T001780,2026-06-18,R10,B037,20,3,0,0,Clear,0.338,8.0,38.0,4.2,Completed
T001781,2026-06-18,R10,B040,21,3,0,0,Clear,0.335,9.0,38.0,3.3,Completed
T001782,2026-06-19,R01,B004,8,4,0,0,Heat,0.806,46.0,50.8,17.2,Completed
T001783,2026-06-19,R01,B003,9,4,0,0,Heat,0.819,48.0,50.8,12.5,Completed
T001784,2026-06-19,R01,B001,11,4,0,0,Heat,0.265,21.0,50.8,9.3,Completed
T001785,2026-06-19,R01,B004,12,4,0,0,Heat,0.311,27.0,50.8,6.7,Completed
T001786,2026-06-19,R01,B004,17,4,0,0,Heat,0.772,50.0,50.8,14.8,Completed
T001787,2026-06-19,R01,B001,18,4,0,0,Heat,0.802,50.0,50.8,12.6,Completed
T001788,2026-06-19,R01,B003,19,4,0,0,Heat,0.255,37.0,50.8,3.3,Completed
T001789,2026-06-19,R02,B008,6,4,0,0,Heat,0.261,18.0,36.4,7.4,Completed
T001790,2026-06-19,R02,B008,8,4,0,0,Heat,0.842,42.0,36.4,13.5,Completed
T001791,2026-06-19,R02,B006,9,4,0,0,Heat,0.793,51.0,36.4,10.3,Completed
T001792,2026-06-19,R02,B008,11,4,0,0,Heat,0.28,15.0,36.4,3.4,Completed
T001793,2026-06-19,R02,B007,17,4,0,0,Heat,0.767,40.0,36.4,7.8,Completed
T001794,2026-06-19,R02,B008,18,4,0,0,Heat,0.793,32.0,36.4,10.0,Completed
T001795,2026-06-19,R02,B007,19,4,0,0,Heat,0.348,29.0,36.4,3.9,Completed
T001796,2026-06-19,R02,B007,21,4,0,0,Heat,0.292,10.0,36.4,0.2,Completed
T001797,2026-06-19,R03,B009,8,4,0,0,Heat,0.845,24.0,58.8,15.0,Completed
T001798,2026-06-19,R03,B011,9,4,0,0,Heat,0.761,45.0,58.8,21.8,Completed
T001799,2026-06-19,R03,B010,10,4,0,0,Heat,0.333,29.0,58.8,4.4,Completed
T001800,2026-06-19,R03,B010,13,4,0,0,Heat,0.301,27.0,58.8,3.6,Completed
T001801,2026-06-19,R03,B010,14,4,0,0,Heat,0.282,21.0,58.8,6.9,Completed
T001802,2026-06-19,R03,B012,17,4,0,0,Heat,0.776,53.0,58.8,12.1,Completed
T001803,2026-06-19,R03,B012,18,4,0,0,Heat,0.759,43.0,58.8,17.2,Completed
T001804,2026-06-19,R03,B011,19,4,0,0,Heat,0.251,27.0,58.8,4.9,Completed
T001805,2026-06-19,R03,B011,21,4,0,0,Heat,0.293,10.0,58.8,3.1,Completed
T001806,2026-06-19,R04,B016,8,4,0,0,Heat,0.755,27.0,28.4,12.2,Completed
T001807,2026-06-19,R04,B013,9,4,0,0,Heat,0.812,47.0,28.4,18.7,Completed
T001808,2026-06-19,R04,B015,12,4,0,0,Heat,0.337,13.0,28.4,14.2,Completed
T001809,2026-06-19,R04,B014,16,4,0,0,Heat,0.252,19.0,28.4,3.7,Completed
T001810,2026-06-19,R04,B015,17,4,0,0,Heat,0.802,28.0,28.4,7.8,Completed
T001811,2026-06-19,R04,B014,18,4,0,0,Heat,0.75,40.0,28.4,9.2,Completed
T001812,2026-06-19,R04,B015,19,4,0,0,Heat,0.262,24.0,28.4,4.4,Completed
T001813,2026-06-19,R05,B018,5,4,0,0,Heat,0.255,4.0,44.4,5.7,Completed
T001814,2026-06-19,R05,B019,6,4,0,0,Heat,0.322,14.0,44.4,10.6,Completed
T001815,2026-06-19,R05,B020,8,4,0,0,Heat,0.761,19.0,44.4,12.6,Completed
T001816,2026-06-19,R05,B020,9,4,0,0,Heat,0.834,31.0,44.4,10.8,Completed
T001817,2026-06-19,R05,B019,11,4,0,0,Heat,0.285,18.0,44.4,5.5,Completed
T001818,2026-06-19,R05,B018,12,4,0,0,Heat,0.261,15.0,44.4,8.4,Completed
T001819,2026-06-19,R05,B020,13,4,0,0,Heat,0.322,13.0,44.4,1.4,Completed
T001820,2026-06-19,R05,B020,17,4,0,0,Heat,0.823,33.0,44.4,15.1,Completed
T001821,2026-06-19,R05,B020,18,4,0,0,Heat,0.782,34.0,44.4,9.4,Completed
T001822,2026-06-19,R05,B018,21,4,0,0,Heat,0.299,7.0,44.4,3.2,Completed
T001823,2026-06-19,R06,B021,5,4,0,0,Heat,0.347,7.0,41.2,15.1,Completed
T001824,2026-06-19,R06,B023,8,4,0,0,Heat,0.817,39.0,41.2,12.1,Completed
T001825,2026-06-19,R06,B021,9,4,0,0,Heat,0.821,29.0,41.2,16.3,Completed
T001826,2026-06-19,R06,B022,11,4,0,0,Heat,0.26,17.0,41.2,5.3,Completed
T001827,2026-06-19,R06,B022,16,4,0,0,Heat,0.336,24.0,41.2,7.0,Completed
T001828,2026-06-19,R06,B024,17,4,0,0,Heat,0.829,48.0,41.2,7.2,Completed
T001829,2026-06-19,R06,B024,18,4,0,0,Heat,0.78,36.0,41.2,4.1,Completed
T001830,2026-06-19,R06,B021,19,4,0,0,Heat,0.301,19.0,41.2,6.7,Completed
T001831,2026-06-19,R06,B021,21,4,0,0,Heat,0.321,9.0,41.2,4.9,Completed
T001832,2026-06-19,R07,B027,7,4,0,0,Heat,0.268,14.0,33.2,11.2,Completed
T001833,2026-06-19,R07,B027,8,4,0,0,Heat,0.792,27.0,33.2,8.9,Completed
T001834,2026-06-19,R07,B027,9,4,0,0,Heat,0.783,26.0,33.2,13.3,Completed
T001835,2026-06-19,R07,B028,10,4,0,0,Heat,0.292,15.0,33.2,6.6,Completed
T001836,2026-06-19,R07,B025,11,4,0,0,Heat,0.339,11.0,33.2,10.8,Completed
T001837,2026-06-19,R07,B027,12,4,0,0,Heat,0.297,15.0,33.2,6.9,Completed
T001838,2026-06-19,R07,B025,14,4,0,0,Heat,0.286,14.0,33.2,5.3,Completed
T001839,2026-06-19,R07,B027,15,4,0,0,Heat,0.334,,33.2,5.0,Completed
T001840,2026-06-19,R07,B027,16,4,0,0,Heat,0.27,22.0,33.2,2.7,Completed
T001841,2026-06-19,R07,B026,17,4,0,0,Heat,0.835,22.0,33.2,12.0,Completed
T001842,2026-06-19,R07,B025,18,4,0,0,Heat,0.828,31.0,33.2,13.3,Completed
T001843,2026-06-19,R08,B032,6,4,0,0,Heat,0.311,11.0,26.8,11.2,Completed
T001844,2026-06-19,R08,B031,7,4,0,0,Heat,0.281,13.0,26.8,2.8,Completed
T001845,2026-06-19,R08,B029,8,4,0,0,Heat,0.805,19.0,26.8,15.2,Completed
T001846,2026-06-19,R08,B029,9,4,0,0,Heat,0.82,21.0,26.8,15.2,Completed
T001847,2026-06-19,R08,B032,10,4,0,0,Heat,0.262,20.0,26.8,2.7,Completed
T001848,2026-06-19,R08,B032,11,4,0,0,Heat,0.292,22.0,26.8,6.0,Completed
T001849,2026-06-19,R08,B032,12,4,0,0,Heat,0.279,20.0,26.8,7.5,Completed
T001850,2026-06-19,R08,B029,13,4,0,0,Heat,0.312,14.0,26.8,3.3,Completed
T001851,2026-06-19,R08,B030,14,4,0,0,Heat,0.285,15.0,26.8,9.3,Completed
T001852,2026-06-19,R08,B032,17,4,0,0,Heat,0.757,0.0,26.8,,Cancelled
T001853,2026-06-19,R08,B032,18,4,0,0,Heat,0.801,39.0,26.8,12.6,Completed
T001854,2026-06-19,R09,B036,6,4,0,0,Heat,0.254,7.0,63.6,10.6,Completed
T001855,2026-06-19,R09,B036,7,4,0,0,Heat,0.313,10.0,63.6,9.1,Completed
T001856,2026-06-19,R09,B034,8,4,0,0,Heat,0.813,20.0,63.6,15.4,Completed
T001857,2026-06-19,R09,B034,9,4,0,0,Heat,0.784,26.0,63.6,11.2,Completed
T001858,2026-06-19,R09,B036,11,4,0,0,Heat,0.324,10.0,63.6,4.8,Completed
T001859,2026-06-19,R09,B036,14,4,0,0,Heat,0.297,10.0,63.6,11.1,Completed
T001860,2026-06-19,R09,B035,15,4,0,0,Heat,0.314,14.0,63.6,9.6,Completed
T001861,2026-06-19,R09,B035,16,4,0,0,Heat,0.328,15.0,63.6,9.0,Completed
T001862,2026-06-19,R09,B036,17,4,0,0,Heat,0.768,16.0,63.6,12.9,Completed
T001863,2026-06-19,R09,B035,18,4,0,0,Heat,0.777,19.0,63.6,11.9,Completed
T001864,2026-06-19,R09,B035,19,4,0,0,Heat,0.252,16.0,63.6,8.9,Completed
T001865,2026-06-19,R10,B040,6,4,0,0,Heat,0.268,10.0,38.0,4.1,Completed
T001866,2026-06-19,R10,B038,8,4,0,0,Heat,0.774,33.0,38.0,12.6,Completed
T001867,2026-06-19,R10,B039,9,4,0,0,Heat,0.845,39.0,38.0,15.0,Completed
T001868,2026-06-19,R10,B039,11,4,0,0,Heat,0.267,9.0,38.0,0.8,Completed
T001869,2026-06-19,R10,B037,12,4,0,0,Heat,0.301,12.0,38.0,0.8,Completed
T001870,2026-06-19,R10,B037,14,4,0,0,Heat,0.309,9.0,38.0,6.0,Completed
T001871,2026-06-19,R10,B037,17,4,0,0,Heat,0.83,21.0,38.0,13.8,Completed
T001872,2026-06-19,R10,B037,18,4,0,0,Heat,0.83,21.0,38.0,10.7,Completed
T001873,2026-06-19,R10,B038,20,4,0,0,Heat,0.292,10.0,38.0,3.5,Completed
T001874,2026-06-19,R10,B038,21,4,0,0,Heat,0.312,7.0,38.0,3.6,Completed
T001875,2026-06-20,R01,B004,5,5,1,0,Heat,0.127,5.0,50.8,7.8,Completed
T001876,2026-06-20,R01,B003,6,5,1,0,Heat,0.198,13.0,50.8,-3.0,Completed
T001877,2026-06-20,R01,B003,7,5,1,0,Heat,0.119,20.0,50.8,1.7,Completed
T001878,2026-06-20,R01,B001,8,5,1,0,Heat,0.683,29.0,50.8,10.8,Completed
T001879,2026-06-20,R01,B004,9,5,1,0,Heat,0.664,35.0,50.8,9.1,Completed
T001880,2026-06-20,R01,B003,14,5,1,0,Heat,0.114,23.0,50.8,1.8,Completed
T001881,2026-06-20,R01,B002,15,5,1,0,Heat,0.108,18.0,50.8,3.9,Completed
T001882,2026-06-20,R01,B004,16,5,1,0,Heat,0.121,26.0,50.8,6.2,Completed
T001883,2026-06-20,R01,B001,17,5,1,0,Heat,0.611,29.0,50.8,10.5,Completed
T001884,2026-06-20,R01,B001,18,5,1,0,Heat,0.677,41.0,50.8,14.9,Completed
T001885,2026-06-20,R02,B008,7,5,1,0,Heat,0.123,22.0,36.4,-0.3,Completed
T001886,2026-06-20,R02,B006,8,5,1,0,Heat,0.619,28.0,36.4,12.4,Completed
T001887,2026-06-20,R02,B008,9,5,1,0,Heat,0.636,30.0,36.4,10.7,Completed
T001888,2026-06-20,R02,B005,11,5,1,0,Heat,0.162,11.0,36.4,1.2,Completed
T001889,2026-06-20,R02,B006,12,5,1,0,Heat,0.126,11.0,36.4,3.8,Completed
T001890,2026-06-20,R02,B008,14,5,1,0,Heat,0.105,13.0,36.4,1.0,Completed
T001891,2026-06-20,R02,B005,16,5,1,0,Heat,0.158,19.0,36.4,5.6,Completed
T001892,2026-06-20,R02,B007,17,5,1,0,Heat,0.602,27.0,36.4,2.6,Completed
T001893,2026-06-20,R02,B008,18,5,1,0,Heat,0.651,23.0,36.4,9.3,Completed
T001894,2026-06-20,R02,B008,21,5,1,0,Heat,0.151,8.0,36.4,-0.2,Completed
T001895,2026-06-20,R03,B010,6,5,1,0,Heat,0.105,9.0,58.8,3.8,Completed
T001896,2026-06-20,R03,B010,8,5,1,0,Heat,0.67,28.0,58.8,11.9,Completed
T001897,2026-06-20,R03,B009,9,5,1,0,Heat,0.656,21.0,58.8,13.9,Completed
T001898,2026-06-20,R03,B012,12,5,1,0,Heat,0.17,21.0,58.8,7.2,Completed
T001899,2026-06-20,R03,B009,14,5,1,0,Heat,0.165,10.0,58.8,4.7,Completed
T001900,2026-06-20,R03,B012,16,5,1,0,Heat,0.199,28.0,58.8,10.7,Completed
T001901,2026-06-20,R03,B012,17,5,1,0,Heat,0.688,28.0,58.8,10.8,Completed
T001902,2026-06-20,R03,B009,18,5,1,0,Heat,0.663,25.0,58.8,7.9,Completed
T001903,2026-06-20,R04,B013,8,5,1,0,Heat,0.687,19.0,28.4,13.2,Completed
T001904,2026-06-20,R04,B016,9,5,1,0,Heat,0.66,25.0,28.4,8.3,Completed
T001905,2026-06-20,R04,B015,15,5,1,0,Heat,0.163,13.0,28.4,5.3,Completed
T001906,2026-06-20,R04,B014,17,5,1,0,Heat,0.639,28.0,28.4,12.5,Completed
T001907,2026-06-20,R04,B016,18,5,1,0,Heat,0.666,16.0,28.4,4.9,Completed
T001908,2026-06-20,R04,B016,21,5,1,0,Heat,0.187,5.0,28.4,1.4,Completed
T001909,2026-06-20,R05,B017,5,5,1,0,Heat,0.138,5.0,44.4,-1.9,Completed
T001910,2026-06-20,R05,B020,8,5,1,0,Heat,0.677,24.0,44.4,8.4,Completed
T001911,2026-06-20,R05,B018,9,5,1,0,Heat,0.652,23.0,44.4,17.5,Completed
T001912,2026-06-20,R05,B017,10,5,1,0,Heat,0.112,12.0,44.4,1.9,Completed
T001913,2026-06-20,R05,B019,12,5,1,0,Heat,0.108,17.0,44.4,7.8,Completed
T001914,2026-06-20,R05,B020,13,5,1,0,Heat,0.152,16.0,44.4,1.9,Completed
T001915,2026-06-20,R05,B020,14,5,1,0,Heat,0.144,10.0,44.4,1.4,Completed
T001916,2026-06-20,R05,B018,16,5,1,0,Heat,0.193,12.0,44.4,12.9,Completed
T001917,2026-06-20,R05,B020,17,5,1,0,Heat,0.615,15.0,44.4,7.8,Completed
T001918,2026-06-20,R05,B017,18,5,1,0,Heat,0.638,15.0,44.4,8.1,Completed
T001919,2026-06-20,R05,B020,21,5,1,0,Heat,0.175,6.0,44.4,0.5,Completed
T001920,2026-06-20,R06,B021,5,5,1,0,Heat,0.141,7.0,41.2,5.1,Completed
T001921,2026-06-20,R06,B022,7,5,1,0,Heat,0.15,14.0,41.2,1.6,Completed
T001922,2026-06-20,R06,B021,8,5,1,0,Heat,0.669,27.0,41.2,12.4,Completed
T001923,2026-06-20,R06,B024,9,5,1,0,Heat,0.622,32.0,41.2,8.3,Completed
T001924,2026-06-20,R06,B022,10,5,1,0,Heat,0.15,16.0,41.2,4.9,Completed
T001925,2026-06-20,R06,B023,11,5,1,0,Heat,0.168,16.0,41.2,1.4,Completed
T001926,2026-06-20,R06,B023,12,5,1,0,Heat,0.122,,41.2,3.5,Completed
T001927,2026-06-20,R06,B024,13,5,1,0,Heat,0.17,18.0,41.2,4.7,Completed
T001928,2026-06-20,R06,B022,15,5,1,0,Heat,0.102,15.0,41.2,3.9,Completed
T001929,2026-06-20,R06,B024,17,5,1,0,Heat,0.642,21.0,41.2,3.0,Completed
T001930,2026-06-20,R06,B024,18,5,1,0,Heat,0.61,31.0,41.2,6.8,Completed
T001931,2026-06-20,R06,B021,20,5,1,0,Heat,0.128,11.0,41.2,2.0,Completed
T001932,2026-06-20,R06,B024,21,5,1,0,Heat,0.166,9.0,41.2,2.3,Completed
T001933,2026-06-20,R07,B028,5,5,1,0,Heat,0.128,3.0,33.2,0.6,Completed
T001934,2026-06-20,R07,B026,6,5,1,0,Heat,0.194,4.0,33.2,8.7,Completed
T001935,2026-06-20,R07,B028,8,5,1,0,Heat,0.676,8.0,33.2,7.5,Completed
T001936,2026-06-20,R07,B025,9,5,1,0,Heat,0.688,16.0,33.2,12.5,Completed
T001937,2026-06-20,R07,B026,11,5,1,0,Heat,0.166,8.0,33.2,4.5,Completed
T001938,2026-06-20,R07,B025,14,5,1,0,Heat,0.184,10.0,33.2,7.8,Completed
T001939,2026-06-20,R07,B026,17,5,1,0,Heat,0.636,14.0,33.2,9.5,Completed
T001940,2026-06-20,R07,B027,18,5,1,0,Heat,0.656,18.0,33.2,10.9,Completed
T001941,2026-06-20,R08,B032,7,5,1,0,Heat,0.162,8.0,26.8,5.4,Completed
T001942,2026-06-20,R08,B031,8,5,1,0,Heat,0.616,21.0,26.8,5.1,Completed
T001943,2026-06-20,R08,B031,9,5,1,0,Heat,0.646,26.0,26.8,4.3,Completed
T001944,2026-06-20,R08,B031,10,5,1,0,Heat,0.192,9.0,26.8,1.7,Completed
T001945,2026-06-20,R08,B029,12,5,1,0,Heat,0.199,9.0,26.8,1.6,Completed
T001946,2026-06-20,R08,B032,15,5,1,0,Heat,0.115,13.0,26.8,6.9,Completed
T001947,2026-06-20,R08,B032,17,5,1,0,Heat,0.678,24.0,26.8,9.8,Completed
T001948,2026-06-20,R08,B031,18,5,1,0,Heat,0.656,21.0,26.8,11.9,Completed
T001949,2026-06-20,R08,B032,19,5,1,0,Heat,0.136,17.0,26.8,5.0,Completed
T001950,2026-06-20,R09,B035,8,5,1,0,Heat,0.667,16.0,63.6,10.2,Completed
T001951,2026-06-20,R09,B035,9,5,1,0,Heat,0.653,19.0,63.6,12.3,Completed
T001952,2026-06-20,R09,B035,10,5,1,0,Heat,,12.0,63.6,4.9,Completed
T001953,2026-06-20,R09,B034,11,5,1,0,Heat,0.1,8.0,63.6,3.8,Completed
T001954,2026-06-20,R09,B036,17,5,1,0,Heat,0.689,8.0,63.6,13.6,Completed
T001955,2026-06-20,R09,B035,18,5,1,0,Heat,0.697,19.0,63.6,11.8,Completed
T001956,2026-06-20,R10,B037,5,5,1,0,Heat,0.164,3.0,38.0,-3.0,Completed
T001957,2026-06-20,R10,B039,7,5,1,0,Heat,0.181,8.0,38.0,3.8,Completed
T001958,2026-06-20,R10,B037,8,5,1,0,Heat,0.671,13.0,38.0,8.6,Completed
T001959,2026-06-20,R10,B039,9,5,1,0,Heat,0.613,19.0,38.0,3.6,Completed
T001960,2026-06-20,R10,B039,11,5,1,0,Heat,0.178,7.0,38.0,-0.3,Completed
T001961,2026-06-20,R10,B039,13,5,1,0,Heat,0.122,8.0,38.0,7.2,Completed
T001962,2026-06-20,R10,B038,14,5,1,0,Heat,0.157,10.0,38.0,-1.0,Completed
T001963,2026-06-20,R10,B037,15,5,1,0,Heat,0.181,12.0,38.0,2.1,Completed
T001964,2026-06-20,R10,B040,17,5,1,0,Heat,0.622,18.0,38.0,8.5,Completed
T001965,2026-06-20,R10,B037,18,5,1,0,Heat,0.692,15.0,38.0,8.3,Completed
T001966,2026-06-20,R10,B039,20,5,1,0,Heat,0.108,5.0,38.0,2.9,Completed
T001967,2026-06-21,R01,B002,6,6,1,0,Rain,0.25,13.0,50.8,10.2,Completed
T001968,2026-06-21,R01,B002,8,6,1,0,Rain,0.801,27.0,50.8,13.6,Completed
T001969,2026-06-21,R01,B002,9,6,1,0,Rain,0.844,28.0,50.8,15.4,Completed
T001970,2026-06-21,R01,B002,10,6,1,0,Rain,0.251,22.0,50.8,11.4,Completed
T001971,2026-06-21,R01,B003,11,6,1,0,Rain,0.297,18.0,50.8,12.6,Completed
T001972,2026-06-21,R01,B001,13,6,1,0,Rain,0.316,19.0,50.8,10.1,Completed
T001973,2026-06-21,R01,B003,16,6,1,0,Rain,0.258,24.0,50.8,10.1,Completed
T001974,2026-06-21,R01,B004,17,6,1,0,Rain,0.801,25.0,50.8,18.8,Completed
T001975,2026-06-21,R01,B001,18,6,1,0,Rain,0.776,30.0,50.8,22.2,Completed
T001976,2026-06-21,R01,B003,19,6,1,0,Rain,0.285,26.0,50.8,7.0,Completed
T001977,2026-06-21,R01,B001,20,6,1,0,Rain,0.318,14.0,50.8,12.9,Completed
T001978,2026-06-21,R01,B003,21,6,1,0,Rain,0.29,9.0,50.8,1.8,Completed
T001979,2026-06-21,R02,B005,8,6,1,0,Rain,0.814,14.0,36.4,14.6,Completed
T001980,2026-06-21,R02,B008,9,6,1,0,Rain,0.827,28.0,36.4,22.0,Completed
T001981,2026-06-21,R02,B008,11,6,1,0,Rain,0.346,13.0,36.4,8.5,Completed
T001982,2026-06-21,R02,B007,12,6,1,0,Rain,0.342,12.0,36.4,6.5,Completed
T001983,2026-06-21,R02,B006,13,6,1,0,Rain,0.341,15.0,36.4,15.0,Completed
T001984,2026-06-21,R02,B006,16,6,1,0,Rain,0.329,22.0,36.4,17.0,Completed
T001985,2026-06-21,R02,B007,17,6,1,0,Rain,0.822,25.0,36.4,15.3,Completed
T001986,2026-06-21,R02,B006,18,6,1,0,Rain,0.802,30.0,36.4,15.7,Completed
T001987,2026-06-21,R02,B008,20,6,1,0,Rain,0.345,9.0,36.4,3.9,Completed
T001988,2026-06-21,R03,B010,5,6,1,0,Rain,0.299,5.0,58.8,11.3,Completed
T001989,2026-06-21,R03,B011,8,6,1,0,Rain,0.764,28.0,58.8,17.7,Completed
T001990,2026-06-21,R03,B009,9,6,1,0,Rain,0.76,26.0,58.8,18.1,Completed
T001991,2026-06-21,R03,B009,11,6,1,0,Rain,0.345,12.0,58.8,8.4,Completed
T001992,2026-06-21,R03,B009,12,6,1,0,Rain,0.27,13.0,58.8,14.6,Completed
T001993,2026-06-21,R03,B011,14,6,1,0,Rain,0.342,14.0,58.8,9.6,Completed
T001994,2026-06-21,R03,B011,17,6,1,0,Rain,0.807,0.0,58.8,,Cancelled
T001995,2026-06-21,R03,B012,18,6,1,0,Rain,0.796,26.0,58.8,16.7,Completed
T001996,2026-06-21,R03,B009,19,6,1,0,Rain,0.28,17.0,58.8,7.0,Completed
T001997,2026-06-21,R03,B010,21,6,1,0,Rain,0.325,8.0,58.8,10.3,Completed
T001998,2026-06-21,R04,B016,5,6,1,0,Rain,0.32,3.0,28.4,8.9,Completed
T001999,2026-06-21,R04,B016,8,6,1,0,Rain,0.816,11.0,28.4,16.4,Completed
T002000,2026-06-21,R04,B015,9,6,1,0,Rain,0.776,24.0,28.4,13.8,Completed
T002001,2026-06-21,R04,B015,14,6,1,0,Rain,0.262,14.0,28.4,12.6,Completed
T002002,2026-06-21,R04,B016,15,6,1,0,Rain,0.343,9.0,28.4,13.9,Completed
T002003,2026-06-21,R04,B013,16,6,1,0,Rain,0.281,12.0,28.4,7.2,Completed
T002004,2026-06-21,R04,B014,17,6,1,0,Rain,0.767,20.0,28.4,12.2,Completed
T002005,2026-06-21,R04,B014,18,6,1,0,Rain,0.784,23.0,28.4,11.6,Completed
T002006,2026-06-21,R04,B016,20,6,1,0,Rain,0.265,7.0,28.4,9.3,Completed
T002007,2026-06-21,R05,B018,7,6,1,0,Rain,0.293,9.0,44.4,14.7,Completed
T002008,2026-06-21,R05,B020,8,6,1,0,Rain,0.783,18.0,44.4,11.7,Completed
T002009,2026-06-21,R05,B019,9,6,1,0,Rain,0.797,0.0,44.4,,Cancelled
T002010,2026-06-21,R05,B017,11,6,1,0,Rain,0.324,8.0,44.4,9.2,Completed
T002011,2026-06-21,R05,B019,13,6,1,0,Rain,0.328,12.0,44.4,11.7,Completed
T002012,2026-06-21,R05,B019,17,6,1,0,Rain,0.837,26.0,44.4,19.0,Completed
T002013,2026-06-21,R05,B020,18,6,1,0,Rain,0.816,16.0,44.4,14.1,Completed
T002014,2026-06-21,R05,B019,20,6,1,0,Rain,0.345,10.0,44.4,13.8,Completed
T002015,2026-06-21,R06,B024,8,6,1,0,Rain,0.835,30.0,41.2,13.9,Completed
T002016,2026-06-21,R06,B023,9,6,1,0,Rain,0.814,32.0,41.2,20.8,Completed
T002017,2026-06-21,R06,B024,11,6,1,0,Rain,0.263,16.0,41.2,9.1,Completed
T002018,2026-06-21,R06,B021,15,6,1,0,Rain,0.3,7.0,41.2,16.5,Completed
T002019,2026-06-21,R06,B021,16,6,1,0,Rain,0.272,15.0,41.2,9.4,Completed
T002020,2026-06-21,R06,B022,17,6,1,0,Rain,0.812,25.0,41.2,18.5,Completed
T002021,2026-06-21,R06,B022,18,6,1,0,Rain,0.843,24.0,41.2,16.8,Completed
T002022,2026-06-21,R06,B021,19,6,1,0,Rain,0.307,16.0,41.2,7.9,Completed
T002023,2026-06-21,R06,B023,20,6,1,0,Rain,0.338,13.0,41.2,11.1,Completed
T002024,2026-06-21,R07,B027,5,6,1,0,Rain,0.252,4.0,33.2,15.3,Completed
T002025,2026-06-21,R07,B025,6,6,1,0,Rain,0.315,7.0,33.2,14.9,Completed
T002026,2026-06-21,R07,B026,8,6,1,0,Rain,0.842,17.0,33.2,19.9,Completed
T002027,2026-06-21,R07,B028,9,6,1,0,Rain,0.821,12.0,33.2,16.2,Completed
T002028,2026-06-21,R07,B027,10,6,1,0,Rain,0.277,10.0,33.2,10.2,Completed
T002029,2026-06-21,R07,B025,12,6,1,0,Rain,0.329,10.0,33.2,10.4,Completed
T002030,2026-06-21,R07,B028,13,6,1,0,Rain,0.281,8.0,33.2,10.5,Completed
T002031,2026-06-21,R07,B028,15,6,1,0,Rain,0.265,8.0,33.2,9.8,Completed
T002032,2026-06-21,R07,B026,17,6,1,0,Rain,0.842,11.0,33.2,23.4,Completed
T002033,2026-06-21,R07,B025,18,6,1,0,Rain,0.756,20.0,33.2,19.2,Completed
T002034,2026-06-21,R07,B025,19,6,1,0,Rain,0.297,10.0,33.2,17.4,Completed
T002035,2026-06-21,R08,B029,5,6,1,0,Rain,0.318,,26.8,6.5,Completed
T002036,2026-06-21,R08,B032,8,6,1,0,Rain,0.802,22.0,26.8,14.8,Completed
T002037,2026-06-21,R08,B031,9,6,1,0,Rain,0.803,22.0,26.8,16.5,Completed
T002038,2026-06-21,R08,B029,11,6,1,0,Rain,0.335,7.0,26.8,14.4,Completed
T002039,2026-06-21,R08,B030,12,6,1,0,Rain,0.323,12.0,26.8,17.5,Completed
T002040,2026-06-21,R08,B031,16,6,1,0,Rain,0.334,14.0,26.8,10.6,Completed
T002041,2026-06-21,R08,B031,17,6,1,0,Rain,0.831,21.0,26.8,10.1,Completed
T002042,2026-06-21,R08,B030,18,6,1,0,Rain,0.789,0.0,26.8,,Cancelled
T002043,2026-06-21,R08,B032,19,6,1,0,Rain,0.297,17.0,26.8,10.3,Completed
T002044,2026-06-21,R08,B030,20,6,1,0,Rain,0.288,8.0,26.8,7.4,Completed
T002045,2026-06-21,R09,B036,6,6,1,0,Rain,0.298,4.0,63.6,14.3,Completed
T002046,2026-06-21,R09,B033,8,6,1,0,Rain,0.79,12.0,63.6,22.0,Completed
T002047,2026-06-21,R09,B034,9,6,1,0,Rain,0.768,13.0,63.6,14.3,Completed
T002048,2026-06-21,R09,B035,11,6,1,0,Rain,0.294,6.0,63.6,14.6,Completed
T002049,2026-06-21,R09,B035,17,6,1,0,Rain,0.762,14.0,63.6,16.7,Completed
T002050,2026-06-21,R09,B033,18,6,1,0,Rain,0.812,11.0,63.6,12.2,Completed
T002051,2026-06-21,R09,B035,21,6,1,0,Rain,0.328,3.0,63.6,15.4,Completed
T002052,2026-06-21,R10,B037,7,6,1,0,Rain,0.265,9.0,38.0,6.7,Completed
T002053,2026-06-21,R10,B037,8,6,1,0,Rain,0.79,13.0,38.0,11.2,Completed
T002054,2026-06-21,R10,B038,9,6,1,0,Rain,0.846,21.0,38.0,15.2,Completed
T002055,2026-06-21,R10,B037,10,6,1,0,Rain,0.313,9.0,38.0,9.3,Completed
T002056,2026-06-21,R10,B040,13,6,1,0,Rain,0.299,10.0,38.0,14.5,Completed
T002057,2026-06-21,R10,B038,17,6,1,0,Rain,0.823,19.0,38.0,15.0,Completed
T002058,2026-06-21,R10,B040,18,6,1,0,Rain,0.785,14.0,38.0,18.7,Completed
T002059,2026-06-22,R01,B003,5,0,0,0,Clear,0.254,14.0,50.8,3.1,Completed
T002060,2026-06-22,R01,B002,7,0,0,0,Clear,0.336,39.0,50.8,4.8,Completed
T002061,2026-06-22,R01,B001,8,0,0,0,Clear,0.755,50.0,50.8,16.5,Completed
T002062,2026-06-22,R01,B002,9,0,0,0,Clear,0.845,50.0,50.8,13.2,Completed
T002063,2026-06-22,R01,B002,12,0,0,0,Clear,0.27,21.0,50.8,5.7,Completed
T002064,2026-06-22,R01,B001,14,0,0,0,Clear,0.33,400.0,50.8,8.0,Completed
T002065,2026-06-22,R01,B001,15,0,0,0,Clear,0.271,26.0,50.8,10.2,Completed
T002066,2026-06-22,R01,B004,17,0,0,0,Clear,0.825,45.0,50.8,13.4,Completed
T002067,2026-06-22,R01,B003,18,0,0,0,Clear,0.775,,50.8,10.1,Completed
T002068,2026-06-22,R01,B003,19,0,0,0,Clear,0.331,41.0,50.8,8.5,Completed
T002069,2026-06-22,R02,B007,6,0,0,0,Clear,0.265,14.0,36.4,3.9,Completed
T002070,2026-06-22,R02,B006,8,0,0,0,Clear,0.849,44.0,36.4,19.2,Completed
T002071,2026-06-22,R02,B005,9,0,0,0,Clear,0.762,37.0,36.4,17.8,Completed
T002072,2026-06-22,R02,B007,10,0,0,0,Clear,0.343,26.0,36.4,180.0,Completed
T002073,2026-06-22,R02,B008,15,0,0,0,Clear,0.278,21.0,36.4,3.0,Completed
T002074,2026-06-22,R02,B006,17,0,0,0,Clear,0.833,50.0,36.4,12.5,Completed
T002075,2026-06-22,R02,B005,18,0,0,0,Clear,0.803,34.0,36.4,13.8,Completed
T002076,2026-06-22,R02,B006,20,0,0,0,Clear,0.34,25.0,36.4,2.1,Completed
T002077,2026-06-22,R03,B012,5,0,0,0,Clear,0.269,11.0,58.8,5.0,Completed
T002078,2026-06-22,R03,B012,7,0,0,0,Clear,0.316,,58.8,7.1,Completed
T002079,2026-06-22,R03,B012,8,0,0,0,Clear,0.805,48.0,58.8,5.1,Completed
T002080,2026-06-22,R03,B012,9,0,0,0,Clear,0.815,39.0,58.8,9.4,Completed
T002081,2026-06-22,R03,B010,10,0,0,0,Clear,0.274,29.0,58.8,7.7,Completed
T002082,2026-06-22,R03,B009,11,0,0,0,Clear,0.28,20.0,58.8,10.5,Completed
T002083,2026-06-22,R03,B011,12,0,0,0,Clear,0.264,24.0,58.8,5.6,Completed
T002084,2026-06-22,R03,B011,14,0,0,0,Clear,0.296,25.0,58.8,5.3,Completed
T002085,2026-06-22,R03,B011,17,0,0,0,Clear,0.784,50.0,58.8,12.0,Completed
T002086,2026-06-22,R03,B012,18,0,0,0,Clear,0.828,59.0,58.8,9.8,Completed
T002087,2026-06-22,R03,B009,20,0,0,0,Clear,0.345,17.0,58.8,3.8,Completed
T002088,2026-06-22,R03,B010,21,0,0,0,Clear,0.25,8.0,58.8,2.9,Completed
T002089,2026-06-22,R04,B013,5,0,0,0,Clear,0.34,7.0,28.4,4.5,Completed
T002090,2026-06-22,R04,B013,6,0,0,0,,0.315,17.0,28.4,6.9,Completed
T002091,2026-06-22,R04,B014,8,0,0,0,Clear,0.801,40.0,28.4,9.7,Completed
T002092,2026-06-22,R04,B014,9,0,0,0,Clear,0.812,53.0,28.4,14.6,Completed
T002093,2026-06-22,R04,B015,12,0,0,0,Clear,0.318,20.0,28.4,10.1,Completed
T002094,2026-06-22,R04,B015,16,0,0,0,Clear,0.27,27.0,28.4,7.8,Completed
T002095,2026-06-22,R04,B015,17,0,0,0,Clear,0.841,36.0,28.4,11.6,Completed
T002096,2026-06-22,R04,B015,18,0,0,0,Clear,0.795,41.0,28.4,10.9,Completed
T002097,2026-06-22,R04,B015,21,0,0,0,Clear,0.254,12.0,28.4,5.5,Completed
T002098,2026-06-22,R05,B020,7,0,0,0,Clear,0.333,22.0,44.4,12.3,Completed
T002099,2026-06-22,R05,B018,8,0,0,0,Clear,0.823,33.0,44.4,17.3,Completed
T002100,2026-06-22,R05,B018,9,0,0,0,Clear,0.758,26.0,44.4,17.2,Completed
T002101,2026-06-22,R05,B017,12,0,0,0,Clear,0.274,17.0,44.4,3.0,Completed
T002102,2026-06-22,R05,B020,13,0,0,0,Clear,0.253,18.0,44.4,5.3,Completed
T002103,2026-06-22,R05,B017,14,0,0,0,Clear,0.271,15.0,44.4,4.0,Completed
T002104,2026-06-22,R05,B020,17,0,0,0,Clear,0.752,34.0,44.4,8.4,Completed
T002105,2026-06-22,R05,B019,18,0,0,0,Clear,0.849,39.0,44.4,17.6,Completed
T002106,2026-06-22,R05,B020,21,0,0,0,Clear,0.264,10.0,44.4,10.0,Completed
T002107,2026-06-22,R06,B021,8,0,0,0,Clear,0.799,41.0,41.2,15.0,Completed
T002108,2026-06-22,R06,B022,9,0,0,0,Clear,0.83,50.0,41.2,13.0,Completed
T002109,2026-06-22,R06,B022,12,0,0,0,Clear,0.274,20.0,41.2,240.0,Completed
T002110,2026-06-22,R06,B021,13,0,0,0,Clear,,19.0,41.2,2.0,Completed
T002111,2026-06-22,R06,B021,16,0,0,0,Clear,0.294,33.0,41.2,10.4,Completed
T002112,2026-06-22,R06,B024,17,0,0,0,Clear,0.783,48.0,41.2,11.3,Completed
T002113,2026-06-22,R06,B024,18,0,0,0,Clear,0.79,49.0,41.2,9.1,Completed
T002114,2026-06-22,R06,B021,20,0,0,0,Clear,0.256,19.0,41.2,7.2,Completed
T002115,2026-06-22,R07,B027,6,0,0,0,Clear,0.33,8.0,33.2,12.8,Completed
T002116,2026-06-22,R07,B027,8,0,0,0,Clear,0.818,31.0,33.2,10.0,Completed
T002117,2026-06-22,R07,B025,9,0,0,0,,0.775,30.0,33.2,17.6,Completed
T002118,2026-06-22,R07,B027,12,0,0,0,Clear,0.315,15.0,33.2,11.0,Completed
T002119,2026-06-22,R07,B025,17,0,0,0,Clear,0.785,28.0,33.2,12.6,Completed
T002120,2026-06-22,R07,B028,18,0,0,0,Clear,0.832,20.0,33.2,18.7,Completed
T002121,2026-06-22,R08,B031,5,0,0,0,Clear,0.333,6.0,26.8,3.0,Completed
T002122,2026-06-22,R08,B030,7,0,0,0,Clear,0.328,19.0,26.8,9.6,Completed
T002123,2026-06-22,R08,B029,8,0,0,0,Clear,0.825,24.0,26.8,9.7,Completed
T002124,2026-06-22,R08,B030,9,0,0,0,Clear,0.792,30.0,26.8,7.8,Completed
T002125,2026-06-22,R08,B032,14,0,0,0,Clear,0.261,14.0,26.8,3.8,Completed
T002126,2026-06-22,R08,B030,17,0,0,0,Clear,0.796,35.0,26.8,11.2,Completed
T002127,2026-06-22,R08,B031,18,0,0,0,Clear,0.761,40.0,26.8,12.5,Completed
T002128,2026-06-22,R08,B029,20,0,0,0,Clear,0.28,9.0,26.8,4.6,Completed
T002129,2026-06-22,R08,B031,21,0,0,0,Clear,0.347,10.0,26.8,3.0,Completed
T002130,2026-06-22,R09,B033,5,0,0,0,Clear,0.335,4.0,63.6,6.6,Completed
T002131,2026-06-22,R09,B033,6,0,0,0,Clear,0.317,11.0,63.6,8.1,Completed
T002132,2026-06-22,R09,B036,8,0,0,0,Clear,0.783,15.0,63.6,11.0,Completed
T002133,2026-06-22,R09,B035,9,0,0,0,Clear,0.791,23.0,63.6,17.0,Completed
T002134,2026-06-22,R09,B035,12,0,0,0,Clear,0.314,13.0,63.6,3.9,Completed
T002135,2026-06-22,R09,B036,13,0,0,0,Clear,0.302,12.0,63.6,5.4,Completed
T002136,2026-06-22,R09,B034,15,0,0,0,Clear,0.297,16.0,63.6,6.0,Completed
T002137,2026-06-22,R09,B033,16,0,0,0,Clear,0.255,16.0,63.6,2.4,Completed
T002138,2026-06-22,R09,B034,17,0,0,0,Clear,0.751,26.0,63.6,12.5,Completed
T002139,2026-06-22,R09,B033,18,0,0,0,Clear,0.811,20.0,63.6,12.3,Completed
T002140,2026-06-22,R09,B036,19,0,0,0,Clear,0.321,9.0,63.6,10.1,Completed
T002141,2026-06-22,R09,B036,20,0,0,0,Clear,0.255,11.0,63.6,8.9,Completed
T002142,2026-06-22,R09,B034,21,0,0,0,Clear,0.266,8.0,63.6,8.9,Completed
T002143,2026-06-22,R10,B040,5,0,0,0,,0.272,6.0,38.0,4.7,Completed
T002144,2026-06-22,R10,B037,8,0,0,0,Clear,0.765,30.0,38.0,10.4,Completed
T002145,2026-06-22,R10,B039,9,0,0,0,Clear,0.796,23.0,38.0,9.8,Completed
T002146,2026-06-22,R10,B040,13,0,0,0,Clear,0.298,12.0,38.0,0.9,Completed
T002147,2026-06-22,R10,B040,14,0,0,0,Clear,0.291,15.0,38.0,5.5,Completed
T002148,2026-06-22,R10,B039,15,0,0,0,Clear,0.313,16.0,38.0,4.9,Completed
T002149,2026-06-22,R10,B040,17,0,0,0,Clear,0.85,21.0,38.0,6.8,Completed
T002150,2026-06-22,R10,B038,18,0,0,0,Clear,0.768,32.0,38.0,9.4,Completed
T002151,2026-06-23,R01,B002,8,1,0,0,Clear,0.772,50.0,50.8,14.8,Completed
T002152,2026-06-23,R01,B003,9,1,0,0,Clear,0.774,60.0,50.8,13.9,Completed
T002153,2026-06-23,R01,B003,13,1,0,0,Clear,0.296,38.0,50.8,3.1,Completed
T002154,2026-06-23,R01,B003,14,1,0,0,Clear,0.348,31.0,50.8,7.1,Completed
T002155,2026-06-23,R01,B001,15,1,0,0,Clear,0.311,19.0,50.8,9.3,Completed
T002156,2026-06-23,R01,B003,16,1,0,0,Clear,0.325,,50.8,-0.0,Completed
T002157,2026-06-23,R01,B002,17,1,0,0,Clear,0.841,40.0,50.8,10.9,Completed
T002158,2026-06-23,R01,B001,18,1,0,0,Clear,0.833,50.0,50.8,14.1,Completed
T002159,2026-06-23,R01,B001,19,1,0,0,Clear,0.304,30.0,50.8,8.7,Completed
T002160,2026-06-23,R01,B003,20,1,0,0,Clear,0.338,22.0,50.8,9.2,Completed
T002161,2026-06-23,R01,B003,21,1,0,0,Clear,0.302,17.0,50.8,10.1,Completed
T002162,2026-06-23,R02,B007,5,1,0,0,Clear,0.344,8.0,36.4,7.7,Completed
T002163,2026-06-23,R02,B007,8,1,0,0,Clear,0.816,50.0,36.4,11.9,Completed
T002164,2026-06-23,R02,B005,9,1,0,0,Clear,0.845,38.0,36.4,14.4,Completed
T002165,2026-06-23,R02,B007,10,1,0,0,Clear,0.287,26.0,36.4,7.7,Completed
T002166,2026-06-23,R02,B005,11,1,0,0,Clear,0.349,19.0,36.4,7.4,Completed
T002167,2026-06-23,R02,B008,12,1,0,0,Clear,0.306,28.0,36.4,5.9,Completed
T002168,2026-06-23,R02,B006,14,1,0,0,Clear,0.314,20.0,36.4,7.4,Completed
T002169,2026-06-23,R02,B008,17,1,0,0,Clear,0.827,36.0,36.4,9.0,Completed
T002170,2026-06-23,R02,B006,18,1,0,0,Clear,0.754,55.0,36.4,9.2,Completed
T002171,2026-06-23,R02,B005,20,1,0,0,Clear,0.317,15.0,36.4,7.8,Completed
T002172,2026-06-23,R02,B006,21,1,0,0,Clear,0.331,10.0,36.4,8.8,Completed
T002173,2026-06-23,R03,B011,5,1,0,0,Clear,0.26,9.0,58.8,9.3,Completed
T002174,2026-06-23,R03,B012,8,1,0,0,Clear,0.793,43.0,58.8,16.2,Completed
T002175,2026-06-23,R03,B011,9,1,0,0,Clear,0.787,50.0,58.8,12.7,Completed
T002176,2026-06-23,R03,B010,10,1,0,0,Clear,0.311,36.0,58.8,12.9,Completed
T002177,2026-06-23,R03,B009,12,1,0,0,Clear,0.274,18.0,58.8,0.7,Completed
T002178,2026-06-23,R03,B011,15,1,0,0,Clear,0.282,26.0,58.8,14.3,Completed
T002179,2026-06-23,R03,B009,16,1,0,0,Clear,0.295,23.0,58.8,6.7,Completed
T002180,2026-06-23,R03,B010,17,1,0,0,Clear,0.764,46.0,58.8,8.7,Completed
T002181,2026-06-23,R03,B011,18,1,0,0,Clear,0.84,50.0,58.8,11.9,Completed
T002182,2026-06-23,R03,B010,20,1,0,0,Clear,0.319,17.0,58.8,14.4,Completed
T002183,2026-06-23,R04,B013,5,1,0,0,Clear,0.349,8.0,28.4,6.2,Completed
T002184,2026-06-23,R04,B015,6,1,0,0,Clear,0.339,16.0,28.4,8.7,Completed
T002185,2026-06-23,R04,B013,8,1,0,0,Clear,0.789,33.0,28.4,7.4,Completed
T002186,2026-06-23,R04,B014,9,1,0,0,Clear,0.755,51.0,28.4,8.9,Completed
T002187,2026-06-23,R04,B013,12,1,0,0,Clear,0.251,14.0,28.4,2.3,Completed
T002188,2026-06-23,R04,B014,13,1,0,0,Clear,0.306,22.0,28.4,2.8,Completed
T002189,2026-06-23,R04,B013,16,1,0,0,Clear,0.317,26.0,28.4,6.3,Completed
T002190,2026-06-23,R04,B014,17,1,0,0,Clear,0.835,50.0,28.4,13.3,Completed
T002191,2026-06-23,R04,B013,18,1,0,0,Clear,0.791,43.0,28.4,16.1,Completed
T002192,2026-06-23,R04,B014,19,1,0,0,Clear,0.284,24.0,28.4,3.8,Completed
T002193,2026-06-23,R04,B016,20,1,0,0,Clear,0.331,12.0,28.4,3.8,Completed
T002194,2026-06-23,R04,B014,21,1,0,0,Clear,0.34,14.0,28.4,8.2,Completed
T002195,2026-06-23,R05,B019,7,1,0,0,Clear,0.343,30.0,44.4,7.4,Completed
T002196,2026-06-23,R05,B019,8,1,0,0,Clear,0.846,43.0,44.4,16.5,Completed
T002197,2026-06-23,R05,B018,9,1,0,0,Clear,0.78,28.0,44.4,11.5,Completed
T002198,2026-06-23,R05,B020,10,1,0,0,Clear,0.276,27.0,44.4,-0.1,Completed
T002199,2026-06-23,R05,B018,11,1,0,0,Clear,0.331,15.0,44.4,4.6,Completed
T002200,2026-06-23,R05,B017,13,1,0,0,Clear,0.334,0.0,44.4,,Cancelled
T002201,2026-06-23,R05,B017,14,1,0,0,Clear,0.288,20.0,44.4,6.1,Completed
T002202,2026-06-23,R05,B020,17,1,0,0,Clear,0.821,35.0,44.4,8.1,Completed
T002203,2026-06-23,R05,B020,18,1,0,0,Clear,0.848,31.0,44.4,11.6,Completed
T002204,2026-06-23,R05,B017,20,1,0,0,Clear,0.346,16.0,44.4,5.1,Completed
T002205,2026-06-23,R06,B023,6,1,0,0,Clear,0.321,17.0,41.2,6.3,Completed
T002206,2026-06-23,R06,B022,8,1,0,0,Clear,0.823,37.0,41.2,11.1,Completed
T002207,2026-06-23,R06,B024,9,1,0,0,Clear,0.808,60.0,41.2,7.4,Completed
T002208,2026-06-23,R06,B023,10,1,0,0,Clear,0.281,34.0,41.2,10.4,Completed
T002209,2026-06-23,R06,B021,11,1,0,0,Clear,0.278,26.0,41.2,4.9,Completed
T002210,2026-06-23,R06,B024,14,1,0,0,Clear,0.345,22.0,41.2,5.5,Completed
T002211,2026-06-23,R06,B024,17,1,0,0,Clear,0.765,52.0,41.2,9.9,Completed
T002212,2026-06-23,R06,B021,18,1,0,0,Clear,0.81,47.0,41.2,13.8,Completed
T002213,2026-06-23,R06,B021,19,1,0,0,Clear,0.319,34.0,41.2,5.8,Completed
T002214,2026-06-23,R07,B025,7,1,0,0,Clear,0.261,,33.2,6.6,Completed
T002215,2026-06-23,R07,B027,8,1,0,0,Clear,0.751,33.0,33.2,16.3,Completed
T002216,2026-06-23,R07,B028,9,1,0,0,Clear,0.816,25.0,33.2,12.5,Completed
T002217,2026-06-23,R07,B025,11,1,0,0,Clear,0.303,17.0,33.2,9.5,Completed
T002218,2026-06-23,R07,B028,12,1,0,0,Clear,0.282,12.0,33.2,9.2,Completed
T002219,2026-06-23,R07,B028,13,1,0,0,Clear,0.347,11.0,33.2,14.0,Completed
T002220,2026-06-23,R07,B026,16,1,0,0,Clear,0.318,15.0,33.2,5.2,Completed
T002221,2026-06-23,R07,B026,17,1,0,0,Clear,0.805,22.0,33.2,14.3,Completed
T002222,2026-06-23,R07,B025,18,1,0,0,Clear,0.779,32.0,33.2,14.5,Completed
T002223,2026-06-23,R07,B025,19,1,0,0,Clear,0.322,29.0,33.2,2.1,Completed
T002224,2026-06-23,R07,B025,21,1,0,0,Clear,0.268,7.0,33.2,4.7,Completed
T002225,2026-06-23,R08,B030,5,1,0,0,Clear,0.287,6.0,26.8,5.5,Completed
T002226,2026-06-23,R08,B029,8,1,0,0,Clear,0.79,26.0,26.8,8.8,Completed
T002227,2026-06-23,R08,B031,9,1,0,0,Clear,0.845,42.0,26.8,4.2,Completed
T002228,2026-06-23,R08,B032,12,1,0,0,Clear,0.304,20.0,26.8,12.4,Completed
T002229,2026-06-23,R08,B031,13,1,0,0,Clear,0.306,22.0,26.8,-0.0,Completed
T002230,2026-06-23,R08,B029,14,1,0,0,Clear,0.258,9.0,26.8,1.0,Completed
T002231,2026-06-23,R08,B029,16,1,0,0,Clear,0.266,16.0,26.8,7.2,Completed
T002232,2026-06-23,R08,B031,17,1,0,0,Clear,0.829,32.0,26.8,10.3,Completed
T002233,2026-06-23,R08,B030,18,1,0,0,Clear,0.769,26.0,26.8,14.0,Completed
T002234,2026-06-23,R08,B031,20,1,0,0,Clear,0.323,14.0,26.8,7.7,Completed
T002235,2026-06-23,R08,B030,21,1,0,0,Clear,0.255,7.0,26.8,6.8,Completed
T002236,2026-06-23,R09,B036,8,1,0,0,Clear,0.816,23.0,63.6,14.0,Completed
T002237,2026-06-23,R09,B036,9,1,0,0,Clear,0.835,23.0,63.6,12.7,Completed
T002238,2026-06-23,R09,B033,12,1,0,0,Clear,0.342,15.0,63.6,6.8,Completed
T002239,2026-06-23,R09,B035,15,1,0,0,Clear,0.309,14.0,63.6,6.8,Completed
T002240,2026-06-23,R09,B035,17,1,0,0,Clear,0.783,17.0,63.6,9.0,Completed
T002241,2026-06-23,R09,B036,18,1,0,0,Clear,0.795,26.0,63.6,13.5,Completed
T002242,2026-06-23,R09,B033,19,1,0,0,Clear,0.296,15.0,63.6,5.3,Completed
T002243,2026-06-23,R09,B033,20,1,0,0,Clear,0.27,10.0,63.6,4.3,Completed
T002244,2026-06-23,R09,B033,21,1,0,0,Clear,0.313,7.0,63.6,8.3,Completed
T002245,2026-06-23,R10,B040,5,1,0,0,Clear,0.35,7.0,38.0,7.4,Completed
T002246,2026-06-23,R10,B037,7,1,0,0,Clear,0.295,18.0,38.0,8.4,Completed
T002247,2026-06-23,R10,B038,8,1,0,0,Clear,0.766,32.0,38.0,6.6,Completed
T002248,2026-06-23,R10,B037,9,1,0,0,Clear,0.792,20.0,38.0,10.5,Completed
T002249,2026-06-23,R10,B039,12,1,0,0,Clear,0.346,14.0,38.0,5.4,Completed
T002250,2026-06-23,R10,B040,13,1,0,0,Clear,0.277,19.0,38.0,5.8,Completed
T002251,2026-06-23,R10,B038,16,1,0,0,Clear,0.298,19.0,38.0,2.4,Completed
T002252,2026-06-23,R10,B040,17,1,0,0,Clear,0.803,27.0,38.0,11.7,Completed
T002253,2026-06-23,R10,B039,18,1,0,0,Clear,0.796,24.0,38.0,5.5,Completed
T002254,2026-06-23,R10,B038,19,1,0,0,Clear,0.273,29.0,38.0,0.4,Completed
T002255,2026-06-24,R01,B001,5,2,0,0,Clear,0.284,10.0,50.8,5.3,Completed
T002256,2026-06-24,R01,B001,8,2,0,0,Clear,0.751,48.0,50.8,17.1,Completed
T002257,2026-06-24,R01,B003,9,2,0,0,Clear,0.825,60.0,50.8,9.3,Completed
T002258,2026-06-24,R01,B003,10,2,0,0,Clear,0.346,43.0,50.8,2.6,Completed
T002259,2026-06-24,R01,B003,12,2,0,0,Clear,0.307,33.0,50.8,3.7,Completed
T002260,2026-06-24,R01,B004,13,2,0,0,Clear,0.341,29.0,50.8,11.3,Completed
T002261,2026-06-24,R01,B002,17,2,0,0,Clear,0.812,47.0,50.8,8.0,Completed
T002262,2026-06-24,R01,B004,18,2,0,0,Clear,0.76,50.0,50.8,12.6,Completed
T002263,2026-06-24,R02,B006,5,2,0,0,Clear,0.292,12.0,36.4,6.0,Completed
T002264,2026-06-24,R02,B005,7,2,0,0,Clear,0.269,18.0,36.4,6.2,Completed
T002265,2026-06-24,R02,B007,8,2,0,0,Clear,0.824,45.0,36.4,10.4,Completed
T002266,2026-06-24,R02,B005,9,2,0,0,Clear,0.82,32.0,36.4,12.8,Completed
T002267,2026-06-24,R02,B005,10,2,0,0,Clear,0.258,18.0,36.4,-0.8,Completed
T002268,2026-06-24,R02,B007,13,2,0,0,Clear,0.291,21.0,36.4,0.1,Completed
T002269,2026-06-24,R02,B005,17,2,0,0,Clear,0.784,35.0,36.4,15.2,Completed
T002270,2026-06-24,R02,B005,18,2,0,0,Clear,0.765,40.0,36.4,17.7,Completed
T002271,2026-06-24,R02,B007,20,2,0,0,Clear,0.263,20.0,36.4,-1.2,Completed
T002272,2026-06-24,R02,B007,21,2,0,0,Clear,0.312,10.0,36.4,5.8,Completed
T002273,2026-06-24,R03,B012,6,2,0,0,Clear,0.325,26.0,58.8,9.6,Completed
T002274,2026-06-24,R03,B012,7,2,0,0,Clear,0.317,41.0,58.8,6.5,Completed
T002275,2026-06-24,R03,B012,8,2,0,0,Clear,0.816,52.0,58.8,12.5,Completed
T002276,2026-06-24,R03,B010,9,2,0,0,Clear,0.752,49.0,58.8,14.9,Completed
T002277,2026-06-24,R03,B009,10,2,0,0,Clear,0.295,28.0,58.8,6.5,Completed
T002278,2026-06-24,R03,B009,11,2,0,0,Clear,0.335,19.0,58.8,8.5,Completed
T002279,2026-06-24,R03,B011,13,2,0,0,Clear,0.281,29.0,58.8,7.6,Completed
T002280,2026-06-24,R03,B012,14,2,0,0,Clear,0.278,29.0,58.8,2.4,Completed
T002281,2026-06-24,R03,B011,16,2,0,0,Clear,0.26,28.0,58.8,0.4,Completed
T002282,2026-06-24,R03,B011,17,2,0,0,Clear,0.827,50.0,58.8,13.1,Completed
T002283,2026-06-24,R03,B009,18,2,0,0,Clear,0.847,39.0,58.8,14.2,Completed
T002284,2026-06-24,R03,B011,19,2,0,0,Clear,0.254,38.0,58.8,3.0,Completed
T002285,2026-06-24,R04,B015,5,2,0,0,Clear,0.346,8.0,28.4,6.4,Completed
T002286,2026-06-24,R04,B015,8,2,0,0,Clear,0.808,37.0,28.4,11.4,Completed
T002287,2026-06-24,R04,B015,9,2,0,0,Clear,0.848,36.0,28.4,13.2,Completed
T002288,2026-06-24,R04,B013,10,2,0,0,Clear,0.338,29.0,28.4,10.2,Completed
T002289,2026-06-24,R04,B014,17,2,0,0,Clear,0.811,47.0,28.4,12.4,Completed
T002290,2026-06-24,R04,B014,18,2,0,0,Clear,0.802,38.0,28.4,7.1,Completed
T002291,2026-06-24,R04,B013,19,2,0,0,Clear,0.317,25.0,28.4,8.2,Completed
T002292,2026-06-24,R04,B015,20,2,0,0,Clear,0.282,10.0,28.4,11.3,Completed
T002293,2026-06-24,R05,B019,5,2,0,0,Clear,0.26,8.0,44.4,5.3,Completed
T002294,2026-06-24,R05,B017,7,2,0,0,Clear,0.329,400.0,44.4,2.7,Completed
T002295,2026-06-24,R05,B020,8,2,0,0,Clear,0.843,40.0,44.4,10.6,Completed
T002296,2026-06-24,R05,B020,9,2,0,0,Clear,0.815,,44.4,12.2,Completed
T002297,2026-06-24,R05,B018,10,2,0,0,Clear,0.337,16.0,44.4,4.3,Completed
T002298,2026-06-24,R05,B017,11,2,0,0,Clear,0.273,16.0,44.4,9.6,Completed
T002299,2026-06-24,R05,B017,16,2,0,0,Clear,0.286,18.0,44.4,6.7,Completed
T002300,2026-06-24,R05,B017,17,2,0,0,Clear,0.802,25.0,44.4,4.1,Completed
T002301,2026-06-24,R05,B020,18,2,0,0,Clear,0.805,27.0,44.4,8.4,Completed
T002302,2026-06-24,R05,B018,20,2,0,0,Clear,0.331,11.0,44.4,6.6,Completed
T002303,2026-06-24,R05,B019,21,2,0,0,Clear,0.338,12.0,44.4,3.5,Completed
T002304,2026-06-24,R06,B022,5,2,0,0,Clear,0.342,8.0,41.2,0.5,Completed
T002305,2026-06-24,R06,B024,6,2,0,0,Clear,0.31,23.0,41.2,6.8,Completed
T002306,2026-06-24,R06,B022,8,2,0,0,Clear,,47.0,41.2,10.8,Completed
T002307,2026-06-24,R06,B024,9,2,0,0,Clear,0.829,49.0,41.2,9.9,Completed
T002308,2026-06-24,R06,B022,11,2,0,0,Clear,0.272,19.0,41.2,6.8,Completed
T002309,2026-06-24,R06,B022,13,2,0,0,,0.259,20.0,41.2,2.4,Completed
T002310,2026-06-24,R06,B024,14,2,0,0,Clear,0.329,29.0,41.2,6.7,Completed
T002311,2026-06-24,R06,B021,15,2,0,0,Clear,0.308,,41.2,10.9,Completed
T002312,2026-06-24,R06,B023,17,2,0,0,Clear,0.77,44.0,41.2,14.3,Completed
T002313,2026-06-24,R06,B024,18,2,0,0,Clear,0.804,53.0,41.2,9.4,Completed
T002314,2026-06-24,R07,B026,8,2,0,0,Clear,0.768,29.0,33.2,16.1,Completed
T002315,2026-06-24,R07,B027,9,2,0,0,Clear,0.803,24.0,33.2,12.3,Completed
T002316,2026-06-24,R07,B028,10,2,0,0,Clear,0.273,12.0,33.2,12.4,Completed
T002317,2026-06-24,R07,B028,11,2,0,0,Clear,0.261,12.0,33.2,-2.4,Completed
T002318,2026-06-24,R07,B025,14,2,0,0,Clear,0.317,15.0,33.2,1.1,Completed
T002319,2026-06-24,R07,B025,16,2,0,0,Clear,0.301,19.0,33.2,5.3,Completed
T002320,2026-06-24,R07,B027,17,2,0,0,Clear,0.786,23.0,33.2,10.2,Completed
T002321,2026-06-24,R07,B025,18,2,0,0,Clear,0.786,29.0,33.2,9.3,Completed
T002322,2026-06-24,R07,B027,20,2,0,0,Clear,0.253,14.0,33.2,6.7,Completed
T002323,2026-06-24,R07,B026,21,2,0,0,Clear,0.27,7.0,33.2,7.2,Completed
T002324,2026-06-24,R08,B029,7,2,0,0,Clear,0.296,14.0,26.8,8.6,Completed
T002325,2026-06-24,R08,B030,8,2,0,0,Clear,0.842,30.0,26.8,11.0,Completed
T002326,2026-06-24,R08,B030,9,2,0,0,Clear,0.832,30.0,26.8,13.8,Completed
T002327,2026-06-24,R08,B032,10,2,0,0,Clear,0.306,26.0,26.8,6.8,Completed
T002328,2026-06-24,R08,B029,12,2,0,0,Clear,0.298,12.0,26.8,8.7,Completed
T002329,2026-06-24,R08,B031,14,2,0,0,Clear,0.257,21.0,26.8,8.5,Completed
T002330,2026-06-24,R08,B030,16,2,0,0,Clear,0.251,20.0,26.8,5.7,Completed
T002331,2026-06-24,R08,B031,17,2,0,0,Clear,0.795,31.0,26.8,8.4,Completed
T002332,2026-06-24,R08,B032,18,2,0,0,Clear,0.754,33.0,26.8,12.5,Completed
T002333,2026-06-24,R08,B032,20,2,0,0,Clear,0.26,21.0,26.8,5.8,Completed
T002334,2026-06-24,R08,B030,21,2,0,0,Clear,0.273,8.0,26.8,5.7,Completed
T002335,2026-06-24,R09,B035,8,2,0,0,Clear,0.791,20.0,63.6,15.6,Completed
T002336,2026-06-24,R09,B036,9,2,0,0,Clear,0.794,27.0,63.6,14.1,Completed
T002337,2026-06-24,R09,B034,10,2,0,0,Clear,0.319,16.0,63.6,4.2,Completed
T002338,2026-06-24,R09,B035,11,2,0,0,Clear,0.274,13.0,63.6,2.0,Completed
T002339,2026-06-24,R09,B036,17,2,0,0,Clear,0.804,17.0,63.6,11.4,Completed
T002340,2026-06-24,R09,B034,18,2,0,0,Clear,0.792,21.0,63.6,12.3,Completed
T002341,2026-06-24,R09,B033,20,2,0,0,Clear,0.251,11.0,63.6,5.2,Completed
T002342,2026-06-24,R09,B034,21,2,0,0,Clear,0.306,8.0,63.6,11.7,Completed
T002343,2026-06-24,R10,B037,5,2,0,0,Clear,0.286,4.0,38.0,6.5,Completed
T002344,2026-06-24,R10,B037,6,2,0,0,Clear,0.261,,38.0,1.6,Completed
T002345,2026-06-24,R10,B040,8,2,0,0,Clear,0.787,32.0,38.0,11.0,Completed
T002346,2026-06-24,R10,B040,9,2,0,0,Clear,0.814,33.0,38.0,11.3,Completed
T002347,2026-06-24,R10,B039,13,2,0,0,Clear,0.275,12.0,38.0,0.8,Completed
T002348,2026-06-24,R10,B038,14,2,0,0,Clear,0.274,17.0,38.0,5.9,Completed
T002349,2026-06-24,R10,B040,15,2,0,0,Clear,0.296,18.0,38.0,5.7,Completed
T002350,2026-06-24,R10,B039,16,2,0,0,Clear,0.34,15.0,38.0,4.8,Completed
T002351,2026-06-24,R10,B040,17,2,0,0,Clear,0.771,30.0,38.0,13.2,Completed
T002352,2026-06-24,R10,B037,18,2,0,0,Clear,0.794,24.0,38.0,15.5,Completed
T002353,2026-06-24,R10,B038,20,2,0,0,Clear,0.321,14.0,38.0,2.4,Completed
T002354,2026-06-25,R01,B001,6,3,0,0,Clear,0.273,19.0,50.8,10.4,Completed
T002355,2026-06-25,R01,B004,8,3,0,0,Clear,0.827,45.0,50.8,13.3,Completed
T002356,2026-06-25,R01,B002,9,3,0,0,Clear,0.793,50.0,50.8,7.9,Completed
T002357,2026-06-25,R01,B001,11,3,0,0,Clear,0.311,25.0,50.8,6.0,Completed
T002358,2026-06-25,R01,B004,12,3,0,0,Clear,0.336,25.0,50.8,14.6,Completed
T002359,2026-06-25,R01,B001,14,3,0,0,Clear,0.265,28.0,50.8,9.8,Completed
T002360,2026-06-25,R01,B002,15,3,0,0,Clear,0.308,25.0,50.8,8.9,Completed
T002361,2026-06-25,R01,B002,17,3,0,0,Clear,0.831,50.0,50.8,9.7,Completed
T002362,2026-06-25,R01,B002,18,3,0,0,Clear,0.793,50.0,50.8,13.0,Completed
T002363,2026-06-25,R01,B004,19,3,0,0,Clear,0.294,35.0,50.8,7.3,Completed
T002364,2026-06-25,R02,B006,5,3,0,0,Clear,0.34,11.0,36.4,6.1,Completed
T002365,2026-06-25,R02,B007,6,3,0,0,Clear,0.297,17.0,36.4,8.0,Completed
T002366,2026-06-25,R02,B007,8,3,0,0,Clear,0.771,50.0,36.4,9.9,Completed
T002367,2026-06-25,R02,B007,9,3,0,0,Clear,0.83,39.0,36.4,7.6,Completed
T002368,2026-06-25,R02,B007,11,3,0,0,Clear,0.339,23.0,36.4,3.5,Completed
T002369,2026-06-25,R02,B007,12,3,0,0,Clear,0.335,22.0,36.4,7.4,Completed
T002370,2026-06-25,R02,B007,13,3,0,0,Clear,0.33,29.0,36.4,5.0,Completed
T002371,2026-06-25,R02,B008,15,3,0,0,Clear,0.268,24.0,36.4,4.0,Completed
T002372,2026-06-25,R02,B005,16,3,0,0,Clear,0.255,20.0,36.4,5.0,Completed
T002373,2026-06-25,R02,B006,17,3,0,0,Clear,0.807,49.0,36.4,7.7,Completed
T002374,2026-06-25,R02,B006,18,3,0,0,Clear,0.759,33.0,36.4,15.5,Completed
T002375,2026-06-25,R02,B006,19,3,0,0,Clear,0.333,37.0,36.4,6.5,Completed
T002376,2026-06-25,R03,B011,5,3,0,0,Clear,0.271,11.0,58.8,7.5,Completed
T002377,2026-06-25,R03,B010,6,3,0,0,Clear,0.333,23.0,58.8,8.2,Completed
T002378,2026-06-25,R03,B010,7,3,0,0,Clear,0.293,31.0,58.8,4.5,Completed
T002379,2026-06-25,R03,B010,8,3,0,0,Clear,0.835,37.0,58.8,19.1,Completed
T002380,2026-06-25,R03,B011,9,3,0,0,Clear,0.803,46.0,58.8,10.0,Completed
T002381,2026-06-25,R03,B012,12,3,0,0,Clear,0.33,23.0,58.8,7.1,Completed
T002382,2026-06-25,R03,B012,16,3,0,0,Clear,0.33,39.0,58.8,6.9,Completed
T002383,2026-06-25,R03,B010,17,3,0,0,Clear,0.775,45.0,58.8,12.6,Completed
T002384,2026-06-25,R03,B012,18,3,0,0,Clear,0.795,51.0,58.8,9.1,Completed
T002385,2026-06-25,R03,B009,19,3,0,0,Clear,0.281,30.0,58.8,10.8,Completed
T002386,2026-06-25,R03,B009,20,3,0,0,Clear,0.31,16.0,58.8,9.6,Completed
T002387,2026-06-25,R03,B012,21,3,0,0,Clear,0.265,14.0,58.8,0.6,Completed
T002388,2026-06-25,R04,B016,7,3,0,0,Clear,0.317,20.0,28.4,3.8,Completed
T002389,2026-06-25,R04,B014,8,3,0,0,Clear,0.756,44.0,28.4,11.4,Completed
T002390,2026-06-25,R04,B014,9,3,0,0,Clear,0.796,54.0,28.4,9.5,Completed
T002391,2026-06-25,R04,B015,10,3,0,0,Clear,0.296,24.0,28.4,2.8,Completed
T002392,2026-06-25,R04,B013,16,3,0,0,Clear,0.344,30.0,28.4,7.4,Completed
T002393,2026-06-25,R04,B014,17,3,0,0,Clear,0.787,52.0,28.4,9.8,Completed
T002394,2026-06-25,R04,B015,18,3,0,0,Clear,0.825,38.0,28.4,8.8,Completed
T002395,2026-06-25,R04,B016,19,3,0,0,Clear,0.277,19.0,28.4,3.8,Completed
T002396,2026-06-25,R05,B019,6,3,0,0,Clear,0.3,16.0,44.4,6.1,Completed
T002397,2026-06-25,R05,B019,7,3,0,0,Clear,0.263,25.0,44.4,5.8,Completed
T002398,2026-06-25,R05,B017,8,3,0,0,Clear,0.754,36.0,44.4,13.0,Completed
T002399,2026-06-25,R05,B020,9,3,0,0,Clear,0.778,26.0,44.4,13.0,Completed
T002400,2026-06-25,R05,B018,10,3,0,0,Clear,0.346,16.0,44.4,6.3,Completed
T002401,2026-06-25,R05,B019,12,3,0,0,Clear,0.265,24.0,44.4,9.0,Completed
T002402,2026-06-25,R05,B020,17,3,0,0,Clear,0.776,30.0,44.4,9.8,Completed
T002403,2026-06-25,R05,B020,18,3,0,0,Clear,0.753,29.0,44.4,7.1,Completed
T002404,2026-06-25,R05,B017,20,3,0,0,Clear,0.338,13.0,44.4,4.1,Completed
T002405,2026-06-25,R05,B019,21,3,0,0,Clear,0.331,13.0,44.4,7.9,Completed
T002406,2026-06-25,R06,B024,7,3,0,0,Clear,0.328,31.0,41.2,0.7,Completed
T002407,2026-06-25,R06,B022,8,3,0,0,Clear,0.801,39.0,41.2,14.5,Completed
T002408,2026-06-25,R06,B023,9,3,0,0,Clear,0.848,55.0,41.2,12.5,Completed
T002409,2026-06-25,R06,B024,11,3,0,0,Clear,0.29,21.0,41.2,3.6,Completed
T002410,2026-06-25,R06,B022,12,3,0,0,Clear,0.286,16.0,41.2,1.7,Completed
T002411,2026-06-25,R06,B023,13,3,0,0,Clear,0.256,22.0,41.2,3.3,Completed
T002412,2026-06-25,R06,B023,14,3,0,0,Clear,0.258,26.0,41.2,3.9,Completed
T002413,2026-06-25,R06,B021,16,3,0,0,Clear,0.277,,41.2,,Cancelled
T002414,2026-06-25,R06,B024,17,3,0,0,Clear,0.752,57.0,41.2,7.1,Completed
T002415,2026-06-25,R06,B024,18,3,0,0,Clear,0.771,42.0,41.2,8.6,Completed
T002416,2026-06-25,R06,B024,20,3,0,0,Clear,0.293,16.0,41.2,3.1,Completed
T002417,2026-06-25,R06,B024,21,3,0,0,Clear,0.339,10.0,41.2,7.4,Completed
T002418,2026-06-25,R07,B027,7,3,0,0,Clear,0.334,23.0,33.2,5.4,Completed
T002419,2026-06-25,R07,B025,8,3,0,0,Clear,0.84,29.0,33.2,15.9,Completed
T002420,2026-06-25,R07,B026,9,3,0,0,Clear,0.755,21.0,33.2,10.6,Completed
T002421,2026-06-25,R07,B026,11,3,0,0,Clear,0.285,14.0,33.2,8.2,Completed
T002422,2026-06-25,R07,B025,12,3,0,0,Clear,0.333,12.0,33.2,5.1,Completed
T002423,2026-06-25,R07,B028,14,3,0,0,Clear,0.297,11.0,33.2,9.4,Completed
T002424,2026-06-25,R07,B027,16,3,0,0,Clear,0.277,21.0,33.2,6.2,Completed
T002425,2026-06-25,R07,B025,17,3,0,0,Clear,0.766,23.0,33.2,11.5,Completed
T002426,2026-06-25,R07,B027,18,3,0,0,Clear,0.786,26.0,33.2,16.5,Completed
T002427,2026-06-25,R07,B027,19,3,0,0,Clear,0.325,24.0,33.2,7.8,Completed
T002428,2026-06-25,R07,B026,20,3,0,0,Clear,0.251,10.0,33.2,9.8,Completed
T002429,2026-06-25,R08,B031,7,3,0,0,Clear,0.322,21.0,26.8,5.6,Completed
T002430,2026-06-25,R08,B030,8,3,0,0,Clear,0.83,26.0,26.8,13.2,Completed
T002431,2026-06-25,R08,B030,9,3,0,0,Clear,0.845,41.0,26.8,15.4,Completed
T002432,2026-06-25,R08,B032,10,3,0,0,Clear,0.341,34.0,26.8,6.9,Completed
T002433,2026-06-25,R08,B031,11,3,0,0,Clear,0.277,20.0,26.8,5.2,Completed
T002434,2026-06-25,R08,B030,14,3,0,0,Clear,0.285,11.0,26.8,9.0,Completed
T002435,2026-06-25,R08,B032,15,3,0,0,Clear,0.328,24.0,26.8,5.8,Completed
T002436,2026-06-25,R08,B029,16,3,0,0,Clear,0.263,16.0,26.8,1.4,Completed
T002437,2026-06-25,R08,B032,17,3,0,0,Clear,0.839,35.0,26.8,12.0,Completed
T002438,2026-06-25,R08,B031,18,3,0,0,Clear,0.78,40.0,26.8,8.1,Completed
T002439,2026-06-25,R08,B032,21,3,0,0,Clear,0.311,13.0,26.8,8.0,Completed
T002440,2026-06-25,R09,B036,6,3,0,0,Clear,0.28,8.0,63.6,2.5,Completed
T002441,2026-06-25,R09,B033,8,3,0,0,Clear,0.809,19.0,63.6,11.3,Completed
T002442,2026-06-25,R09,B036,9,3,0,0,Clear,0.843,23.0,63.6,16.9,Completed
T002443,2026-06-25,R09,B033,11,3,0,0,Clear,0.35,15.0,63.6,7.3,Completed
T002444,2026-06-25,R09,B036,12,3,0,0,Clear,0.325,12.0,63.6,11.4,Completed
T002445,2026-06-25,R09,B035,14,3,0,0,Clear,0.317,14.0,63.6,8.5,Completed
T002446,2026-06-25,R09,B033,16,3,0,0,Clear,0.26,20.0,63.6,7.5,Completed
T002447,2026-06-25,R09,B035,17,3,0,0,Clear,0.753,27.0,63.6,9.5,Completed
T002448,2026-06-25,R09,B034,18,3,0,0,Clear,0.804,21.0,63.6,7.7,Completed
T002449,2026-06-25,R09,B035,20,3,0,0,Clear,0.32,12.0,63.6,7.3,Completed
T002450,2026-06-25,R09,B034,21,3,0,0,Clear,0.308,4.0,63.6,3.5,Completed
T002451,2026-06-25,R10,B039,5,3,0,0,Clear,,5.0,38.0,-2.4,Completed
T002452,2026-06-25,R10,B038,6,3,0,0,Clear,0.322,0.0,38.0,,Cancelled
T002453,2026-06-25,R10,B038,8,3,0,0,Clear,0.778,29.0,38.0,10.5,Completed
T002454,2026-06-25,R10,B039,9,3,0,0,Clear,0.808,31.0,38.0,6.0,Completed
T002455,2026-06-25,R10,B038,10,3,0,0,Clear,0.33,21.0,38.0,0.9,Completed
T002456,2026-06-25,R10,B038,12,3,0,0,Clear,0.303,16.0,38.0,2.8,Completed
T002457,2026-06-25,R10,B039,13,3,0,0,Clear,0.254,17.0,38.0,-0.6,Completed
T002458,2026-06-25,R10,B040,16,3,0,0,Clear,0.253,18.0,38.0,4.7,Completed
T002459,2026-06-25,R10,B040,17,3,0,0,Clear,0.806,27.0,38.0,9.5,Completed
T002460,2026-06-25,R10,B038,18,3,0,0,Clear,0.811,31.0,38.0,7.2,Completed
T002461,2026-06-25,R10,B038,21,3,0,0,Clear,0.28,6.0,38.0,6.0,Completed
T002462,2026-06-26,R01,B004,5,4,0,1,Clear,0.173,7.0,50.8,6.9,Completed
T002463,2026-06-26,R01,B001,7,4,0,1,Clear,0.192,25.0,50.8,10.8,Completed
T002464,2026-06-26,R01,B002,8,4,0,1,Clear,0.604,0.0,50.8,,Cancelled
T002465,2026-06-26,R01,B001,9,4,0,1,Clear,0.65,42.0,50.8,16.9,Completed
T002466,2026-06-26,R01,B002,10,4,0,1,Clear,0.176,32.0,50.8,1.4,Completed
T002467,2026-06-26,R01,B003,11,4,0,1,Clear,0.178,24.0,50.8,2.7,Completed
T002468,2026-06-26,R01,B004,12,4,0,1,Clear,0.164,18.0,50.8,5.1,Completed
T002469,2026-06-26,R01,B001,13,4,0,1,Clear,0.124,24.0,50.8,5.8,Completed
T002470,2026-06-26,R01,B001,14,4,0,1,Clear,0.117,0.0,50.8,,Cancelled
T002471,2026-06-26,R01,B001,15,4,0,1,Clear,0.173,0.0,50.8,,Cancelled
T002472,2026-06-26,R01,B004,16,4,0,1,Clear,0.128,,50.8,2.2,Completed
T002473,2026-06-26,R01,B001,17,4,0,1,Clear,0.609,36.0,50.8,10.0,Completed
T002474,2026-06-26,R01,B004,18,4,0,1,Clear,0.698,37.0,50.8,8.4,Completed
T002475,2026-06-26,R01,B004,19,4,0,1,Clear,0.194,24.0,50.8,10.2,Completed
T002476,2026-06-26,R01,B002,21,4,0,1,Clear,0.131,10.0,50.8,8.0,Completed
T002477,2026-06-26,R02,B007,6,4,0,1,Clear,0.16,10.0,36.4,-3.0,Completed
T002478,2026-06-26,R02,B006,8,4,0,1,Clear,0.602,27.0,36.4,10.6,Completed
T002479,2026-06-26,R02,B007,9,4,0,1,Clear,0.632,34.0,36.4,5.0,Completed
T002480,2026-06-26,R02,B008,13,4,0,1,Clear,0.18,21.0,36.4,2.0,Completed
T002481,2026-06-26,R02,B006,15,4,0,1,Clear,0.154,20.0,36.4,8.6,Completed
T002482,2026-06-26,R02,B005,17,4,0,1,Clear,0.651,22.0,36.4,13.2,Completed
T002483,2026-06-26,R02,B008,18,4,0,1,Clear,0.627,28.0,36.4,13.9,Completed
T002484,2026-06-26,R02,B007,21,4,0,1,Clear,0.139,8.0,36.4,2.8,Completed
T002485,2026-06-26,R03,B009,6,4,0,1,Clear,0.172,12.0,58.8,6.6,Completed
T002486,2026-06-26,R03,B011,8,4,0,1,Clear,0.685,34.0,58.8,17.2,Completed
T002487,2026-06-26,R03,B009,9,4,0,1,Clear,0.659,19.0,58.8,16.5,Completed
T002488,2026-06-26,R03,B009,11,4,0,1,Clear,0.148,11.0,58.8,2.8,Completed
T002489,2026-06-26,R03,B010,12,4,0,1,Clear,0.119,18.0,58.8,8.3,Completed
T002490,2026-06-26,R03,B010,13,4,0,1,Clear,0.191,22.0,58.8,3.6,Completed
T002491,2026-06-26,R03,B012,14,4,0,1,Clear,0.174,0.0,58.8,,Cancelled
T002492,2026-06-26,R03,B010,17,4,0,1,Clear,0.633,38.0,58.8,10.3,Completed
T002493,2026-06-26,R03,B009,18,4,0,1,Clear,0.642,25.0,58.8,14.3,Completed
T002494,2026-06-26,R03,B011,21,4,0,1,Clear,0.162,7.0,58.8,4.8,Completed
T002495,2026-06-26,R04,B013,6,4,0,1,Clear,0.134,0.0,28.4,,Cancelled
T002496,2026-06-26,R04,B013,7,4,0,1,Clear,0.188,20.0,28.4,8.6,Completed
T002497,2026-06-26,R04,B013,8,4,0,1,Clear,0.643,,28.4,9.5,Completed
T002498,2026-06-26,R04,B015,9,4,0,1,Clear,0.699,23.0,28.4,10.0,Completed
T002499,2026-06-26,R04,B015,10,4,0,1,Clear,0.142,23.0,28.4,6.6,Completed
T002500,2026-06-26,R04,B013,12,4,0,1,Clear,0.137,14.0,28.4,6.5,Completed
T002501,2026-06-26,R04,B015,13,4,0,1,Clear,0.148,16.0,28.4,4.9,Completed
T002502,2026-06-26,R04,B014,15,4,0,1,Clear,,16.0,28.4,1.3,Completed
T002503,2026-06-26,R04,B014,16,4,0,1,Clear,0.164,23.0,28.4,4.2,Completed
T002504,2026-06-26,R04,B015,17,4,0,1,Clear,0.682,29.0,28.4,14.9,Completed
T002505,2026-06-26,R04,B013,18,4,0,1,Clear,0.61,31.0,28.4,10.7,Completed
T002506,2026-06-26,R04,B014,19,4,0,1,Clear,0.183,19.0,28.4,7.4,Completed
T002507,2026-06-26,R05,B020,6,4,0,1,Clear,0.195,8.0,44.4,3.5,Completed
T002508,2026-06-26,R05,B019,8,4,0,1,Clear,0.694,28.0,44.4,12.2,Completed
T002509,2026-06-26,R05,B017,9,4,0,1,Clear,0.682,18.0,44.4,9.0,Completed
T002510,2026-06-26,R05,B020,11,4,0,1,Clear,0.162,10.0,44.4,-2.2,Completed
T002511,2026-06-26,R05,B020,12,4,0,1,Clear,0.138,11.0,44.4,2.5,Completed
T002512,2026-06-26,R05,B018,14,4,0,1,Clear,0.1,9.0,44.4,6.7,Completed
T002513,2026-06-26,R05,B018,17,4,0,1,Clear,0.625,14.0,44.4,8.0,Completed
T002514,2026-06-26,R05,B019,18,4,0,1,Clear,0.625,29.0,44.4,8.1,Completed
T002515,2026-06-26,R05,B017,19,4,0,1,Clear,0.123,18.0,44.4,2.5,Completed
T002516,2026-06-26,R05,B020,20,4,0,1,Clear,0.112,10.0,44.4,8.1,Completed
T002517,2026-06-26,R05,B019,21,4,0,1,Clear,0.135,9.0,44.4,3.9,Completed
T002518,2026-06-26,R06,B022,6,4,0,1,Clear,0.17,9.0,41.2,6.7,Completed
T002519,2026-06-26,R06,B024,7,4,0,1,Clear,0.147,21.0,41.2,-1.0,Completed
T002520,2026-06-26,R06,B024,8,4,0,1,Clear,,34.0,41.2,8.3,Completed
T002521,2026-06-26,R06,B022,9,4,0,1,Clear,0.658,33.0,41.2,13.0,Completed
T002522,2026-06-26,R06,B022,10,4,0,1,Clear,0.16,18.0,41.2,7.2,Completed
T002523,2026-06-26,R06,B023,12,4,0,1,,0.145,16.0,41.2,11.9,Completed
T002524,2026-06-26,R06,B022,15,4,0,1,Clear,0.124,17.0,41.2,6.0,Completed
T002525,2026-06-26,R06,B023,17,4,0,1,Clear,0.623,0.0,41.2,,Cancelled
T002526,2026-06-26,R06,B024,18,4,0,1,Clear,0.7,27.0,41.2,13.6,Completed
T002527,2026-06-26,R06,B021,19,4,0,1,Clear,0.196,15.0,41.2,4.8,Completed
T002528,2026-06-26,R06,B024,20,4,0,1,Clear,0.192,13.0,41.2,-1.0,Completed
T002529,2026-06-26,R07,B027,5,4,0,1,Clear,0.123,5.0,33.2,4.3,Completed
T002530,2026-06-26,R07,B027,6,4,0,1,Clear,0.119,7.0,33.2,7.8,Completed
T002531,2026-06-26,R07,B028,8,4,0,1,Clear,0.69,14.0,33.2,13.8,Completed
T002532,2026-06-26,R07,B027,9,4,0,1,Clear,0.642,24.0,33.2,12.9,Completed
T002533,2026-06-26,R07,B025,10,4,0,1,Clear,0.142,14.0,33.2,2.9,Completed
T002534,2026-06-26,R07,B027,13,4,0,1,Clear,0.183,10.0,33.2,3.3,Completed
T002535,2026-06-26,R07,B025,17,4,0,1,Clear,0.649,18.0,33.2,15.1,Completed
T002536,2026-06-26,R07,B027,18,4,0,1,Clear,0.67,18.0,33.2,17.5,Completed
T002537,2026-06-26,R08,B030,5,4,0,1,Clear,0.129,,26.8,0.3,Completed
T002538,2026-06-26,R08,B032,7,4,0,1,Clear,0.139,18.0,26.8,4.3,Completed
T002539,2026-06-26,R08,B031,8,4,0,1,Clear,0.647,25.0,26.8,14.4,Completed
T002540,2026-06-26,R08,B031,9,4,0,1,Clear,0.67,29.0,26.8,10.2,Completed
T002541,2026-06-26,R08,B031,11,4,0,1,Clear,0.193,10.0,26.8,1.9,Completed
T002542,2026-06-26,R08,B030,12,4,0,1,Clear,0.18,12.0,26.8,6.8,Completed
T002543,2026-06-26,R08,B030,14,4,0,1,Clear,0.179,11.0,26.8,3.8,Completed
T002544,2026-06-26,R08,B030,17,4,0,1,Clear,0.62,22.0,26.8,15.0,Completed
T002545,2026-06-26,R08,B029,18,4,0,1,Clear,0.694,17.0,26.8,12.7,Completed
T002546,2026-06-26,R08,B030,19,4,0,1,Clear,0.172,12.0,26.8,6.3,Completed
T002547,2026-06-26,R09,B036,8,4,0,1,Clear,0.683,13.0,63.6,11.3,Completed
T002548,2026-06-26,R09,B036,9,4,0,1,Clear,0.618,12.0,63.6,3.5,Completed
T002549,2026-06-26,R09,B033,12,4,0,1,Clear,0.126,8.0,63.6,6.3,Completed
T002550,2026-06-26,R09,B033,15,4,0,1,Clear,0.174,10.0,63.6,8.7,Completed
T002551,2026-06-26,R09,B036,16,4,0,1,Clear,0.174,8.0,63.6,3.7,Completed
T002552,2026-06-26,R09,B035,17,4,0,1,Clear,0.66,400.0,63.6,8.6,Completed
T002553,2026-06-26,R09,B036,18,4,0,1,Clear,0.699,15.0,63.6,16.6,Completed
T002554,2026-06-26,R09,B035,19,4,0,1,Clear,0.125,9.0,63.6,2.4,Completed
T002555,2026-06-26,R09,B036,20,4,0,1,Clear,0.173,4.0,63.6,4.2,Completed
T002556,2026-06-26,R10,B039,5,4,0,1,Clear,0.1,3.0,38.0,2.5,Completed
T002557,2026-06-26,R10,B039,7,4,0,1,Clear,0.167,10.0,38.0,3.4,Completed
T002558,2026-06-26,R10,B038,8,4,0,1,Clear,0.652,21.0,38.0,4.8,Completed
T002559,2026-06-26,R10,B040,9,4,0,1,Clear,0.689,28.0,38.0,10.7,Completed
T002560,2026-06-26,R10,B039,10,4,0,1,Clear,0.118,13.0,38.0,8.1,Completed
T002561,2026-06-26,R10,B039,11,4,0,1,Clear,0.111,9.0,38.0,4.6,Completed
T002562,2026-06-26,R10,B040,12,4,0,1,Clear,0.101,11.0,38.0,4.5,Completed
T002563,2026-06-26,R10,B037,15,4,0,1,Clear,0.17,11.0,38.0,6.3,Completed
T002564,2026-06-26,R10,B039,17,4,0,1,Clear,0.609,19.0,38.0,7.1,Completed
T002565,2026-06-26,R10,B038,18,4,0,1,Clear,0.604,25.0,38.0,7.5,Completed
T002566,2026-06-26,R10,B039,20,4,0,1,Clear,0.184,5.0,38.0,11.9,Completed
T002567,2026-06-26,R10,B038,21,4,0,1,Clear,0.113,6.0,38.0,-0.9,Completed
T002568,2026-06-27,R01,B003,5,5,1,0,Clear,0.181,9.0,50.8,0.7,Completed
T002569,2026-06-27,R01,B001,6,5,1,0,Clear,0.151,12.0,50.8,6.7,Completed
T002570,2026-06-27,R01,B003,8,5,1,0,Clear,0.665,37.0,50.8,11.3,Completed
T002571,2026-06-27,R01,B002,9,5,1,0,Clear,0.641,46.0,50.8,14.1,Completed
T002572,2026-06-27,R01,B004,11,5,1,0,Clear,0.176,17.0,50.8,-0.2,Completed
T002573,2026-06-27,R01,B001,12,5,1,0,Clear,0.176,21.0,50.8,2.9,Completed
T002574,2026-06-27,R01,B001,13,5,1,0,Clear,,25.0,50.8,4.6,Completed
T002575,2026-06-27,R01,B004,14,5,1,0,Clear,0.12,25.0,50.8,5.5,Completed
T002576,2026-06-27,R01,B003,15,5,1,0,Clear,0.164,24.0,50.8,7.2,Completed
T002577,2026-06-27,R01,B004,16,5,1,0,Clear,0.178,29.0,50.8,9.9,Completed
T002578,2026-06-27,R01,B004,17,5,1,0,Clear,0.65,21.0,50.8,11.4,Completed
T002579,2026-06-27,R01,B003,18,5,1,0,Clear,0.662,42.0,50.8,7.2,Completed
T002580,2026-06-27,R01,B003,19,5,1,0,Clear,0.137,32.0,50.8,4.9,Completed
T002581,2026-06-27,R01,B004,20,5,1,0,Clear,0.14,16.0,50.8,2.6,Completed
T002582,2026-06-27,R01,B004,21,5,1,0,Clear,0.12,8.0,50.8,6.6,Completed
T002583,2026-06-27,R02,B006,8,5,1,0,Clear,0.628,39.0,36.4,9.9,Completed
T002584,2026-06-27,R02,B005,9,5,1,0,Clear,0.665,28.0,36.4,11.9,Completed
T002585,2026-06-27,R02,B008,12,5,1,0,Clear,0.186,10.0,36.4,7.4,Completed
T002586,2026-06-27,R02,B006,15,5,1,0,Clear,0.149,23.0,36.4,4.1,Completed
T002587,2026-06-27,R02,B006,16,5,1,0,Clear,0.128,25.0,36.4,5.7,Completed
T002588,2026-06-27,R02,B006,17,5,1,0,Clear,0.628,36.0,36.4,9.1,Completed
T002589,2026-06-27,R02,B007,18,5,1,0,Clear,0.639,30.0,36.4,11.2,Completed
T002590,2026-06-27,R02,B008,19,5,1,0,Clear,0.195,,36.4,2.2,Completed
T002591,2026-06-27,R02,B008,20,5,1,0,Clear,0.144,13.0,36.4,10.3,Completed
T002592,2026-06-27,R02,B006,21,5,1,0,Clear,0.171,10.0,36.4,6.4,Completed
T002593,2026-06-27,R03,B012,7,5,1,0,,0.183,22.0,58.8,9.7,Completed
T002594,2026-06-27,R03,B009,8,5,1,0,Clear,0.692,27.0,58.8,12.7,Completed
T002595,2026-06-27,R03,B012,9,5,1,0,Clear,0.683,35.0,58.8,11.9,Completed
T002596,2026-06-27,R03,B011,13,5,1,0,,0.173,15.0,58.8,4.0,Completed
T002597,2026-06-27,R03,B011,14,5,1,0,Clear,0.189,17.0,58.8,3.3,Completed
T002598,2026-06-27,R03,B010,15,5,1,0,Clear,0.115,20.0,58.8,3.5,Completed
T002599,2026-06-27,R03,B012,16,5,1,0,Clear,0.136,28.0,58.8,6.2,Completed
T002600,2026-06-27,R03,B011,17,5,1,0,Clear,0.695,30.0,58.8,11.1,Completed
T002601,2026-06-27,R03,B011,18,5,1,0,Clear,0.636,30.0,58.8,12.8,Completed
T002602,2026-06-27,R03,B012,20,5,1,0,Clear,0.195,12.0,58.8,10.7,Completed
T002603,2026-06-27,R04,B013,8,5,1,0,Clear,0.626,29.0,28.4,11.8,Completed
T002604,2026-06-27,R04,B016,9,5,1,0,Clear,0.684,24.0,28.4,9.1,Completed
T002605,2026-06-27,R04,B015,11,5,1,0,Clear,0.121,15.0,28.4,-1.4,Completed
T002606,2026-06-27,R04,B014,14,5,1,0,Clear,0.112,11.0,28.4,6.7,Completed
T002607,2026-06-27,R04,B015,16,5,1,0,Clear,0.116,21.0,28.4,8.2,Completed
T002608,2026-06-27,R04,B013,17,5,1,0,Clear,0.62,20.0,28.4,6.8,Completed
T002609,2026-06-27,R04,B013,18,5,1,0,Clear,0.681,29.0,28.4,14.1,Completed
T002610,2026-06-27,R04,B014,20,5,1,0,Clear,0.14,18.0,28.4,-3.0,Completed
T002611,2026-06-27,R05,B017,5,5,1,0,Clear,0.15,4.0,44.4,0.5,Completed
T002612,2026-06-27,R05,B019,8,5,1,0,Clear,0.676,20.0,44.4,7.3,Completed
T002613,2026-06-27,R05,B017,9,5,1,0,Clear,0.626,26.0,44.4,8.8,Completed
T002614,2026-06-27,R05,B017,12,5,1,0,Clear,0.168,12.0,44.4,4.2,Completed
T002615,2026-06-27,R05,B019,14,5,1,0,Clear,0.17,15.0,44.4,6.8,Completed
T002616,2026-06-27,R05,B020,17,5,1,0,Clear,0.604,21.0,44.4,12.7,Completed
T002617,2026-06-27,R05,B019,18,5,1,0,Clear,0.603,25.0,44.4,17.9,Completed
T002618,2026-06-27,R05,B019,20,5,1,0,Clear,0.129,13.0,44.4,5.0,Completed
T002619,2026-06-27,R06,B022,6,5,1,0,Clear,0.171,9.0,41.2,7.3,Completed
T002620,2026-06-27,R06,B021,8,5,1,0,Clear,0.696,24.0,41.2,11.0,Completed
T002621,2026-06-27,R06,B024,9,5,1,0,Clear,0.612,33.0,41.2,5.2,Completed
T002622,2026-06-27,R06,B024,10,5,1,0,Clear,0.188,18.0,41.2,1.6,Completed
T002623,2026-06-27,R06,B023,12,5,1,0,Clear,0.101,21.0,41.2,4.1,Completed
T002624,2026-06-27,R06,B021,17,5,1,0,Clear,0.613,30.0,41.2,12.4,Completed
T002625,2026-06-27,R06,B021,18,5,1,0,Clear,0.642,32.0,41.2,8.2,Completed
T002626,2026-06-27,R06,B022,19,5,1,0,Clear,0.164,15.0,41.2,-0.2,Completed
T002627,2026-06-27,R06,B023,20,5,1,0,Clear,0.129,15.0,41.2,8.4,Completed
T002628,2026-06-27,R07,B028,5,5,1,0,Clear,0.121,3.0,33.2,1.0,Completed
T002629,2026-06-27,R07,B026,6,5,1,0,Clear,0.124,5.0,33.2,5.8,Completed
T002630,2026-06-27,R07,B028,7,5,1,0,Clear,0.149,10.0,33.2,1.2,Completed
T002631,2026-06-27,R07,B026,8,5,1,0,Clear,0.637,15.0,33.2,10.0,Completed
T002632,2026-06-27,R07,B027,9,5,1,0,Clear,0.638,20.0,33.2,8.1,Completed
T002633,2026-06-27,R07,B026,10,5,1,0,Clear,0.141,10.0,33.2,7.8,Completed
T002634,2026-06-27,R07,B027,12,5,1,0,Clear,0.18,11.0,33.2,4.2,Completed
T002635,2026-06-27,R07,B027,16,5,1,0,Clear,0.138,16.0,33.2,0.6,Completed
T002636,2026-06-27,R07,B027,17,5,1,0,Clear,0.643,16.0,33.2,15.1,Completed
T002637,2026-06-27,R07,B025,18,5,1,0,Clear,0.649,17.0,33.2,12.1,Completed
T002638,2026-06-27,R08,B032,5,5,1,0,Clear,0.122,6.0,26.8,5.1,Completed
T002639,2026-06-27,R08,B030,6,5,1,0,Clear,0.143,7.0,26.8,7.7,Completed
T002640,2026-06-27,R08,B029,7,5,1,0,Clear,0.153,12.0,26.8,13.3,Completed
T002641,2026-06-27,R08,B031,8,5,1,0,Clear,0.67,26.0,26.8,5.3,Completed
T002642,2026-06-27,R08,B032,9,5,1,0,Clear,0.689,34.0,26.8,9.4,Completed
T002643,2026-06-27,R08,B032,11,5,1,0,Clear,0.165,12.0,26.8,1.8,Completed
T002644,2026-06-27,R08,B032,13,5,1,0,Clear,0.15,400.0,26.8,4.0,Completed
T002645,2026-06-27,R08,B032,14,5,1,0,Clear,0.189,13.0,26.8,8.1,Completed
T002646,2026-06-27,R08,B029,15,5,1,0,Clear,0.113,10.0,26.8,4.9,Completed
T002647,2026-06-27,R08,B031,16,5,1,0,Clear,0.193,17.0,26.8,4.0,Completed
T002648,2026-06-27,R08,B029,17,5,1,0,Clear,0.643,18.0,26.8,7.1,Completed
T002649,2026-06-27,R08,B029,18,5,1,0,Clear,0.6,17.0,26.8,10.2,Completed
T002650,2026-06-27,R08,B032,21,5,1,0,Clear,0.164,8.0,26.8,7.0,Completed
T002651,2026-06-27,R09,B033,5,5,1,0,Clear,0.157,3.0,63.6,8.8,Completed
T002652,2026-06-27,R09,B033,8,5,1,0,Clear,0.672,17.0,63.6,13.7,Completed
T002653,2026-06-27,R09,B034,9,5,1,0,,0.666,16.0,63.6,8.5,Completed
T002654,2026-06-27,R09,B033,10,5,1,0,Clear,0.192,11.0,63.6,5.9,Completed
T002655,2026-06-27,R09,B033,11,5,1,0,Clear,0.166,0.0,63.6,,Cancelled
T002656,2026-06-27,R09,B036,12,5,1,0,Clear,0.101,7.0,63.6,2.3,Completed
T002657,2026-06-27,R09,B034,13,5,1,0,Clear,0.113,11.0,63.6,0.9,Completed
T002658,2026-06-27,R09,B035,17,5,1,0,Clear,0.64,15.0,63.6,10.5,Completed
T002659,2026-06-27,R09,B034,18,5,1,0,Clear,0.625,16.0,63.6,8.5,Completed
T002660,2026-06-27,R09,B035,19,5,1,0,,0.105,12.0,63.6,6.0,Completed
T002661,2026-06-27,R09,B034,21,5,1,0,Clear,0.102,4.0,63.6,2.8,Completed
T002662,2026-06-27,R10,B037,7,5,1,0,Clear,0.139,8.0,38.0,-0.0,Completed
T002663,2026-06-27,R10,B037,8,5,1,0,Clear,0.668,19.0,38.0,11.1,Completed
T002664,2026-06-27,R10,B039,9,5,1,0,Clear,0.606,20.0,38.0,13.8,Completed
T002665,2026-06-27,R10,B039,11,5,1,0,Clear,0.129,8.0,38.0,3.3,Completed
T002666,2026-06-27,R10,B037,12,5,1,0,Clear,0.179,9.0,38.0,5.5,Completed
T002667,2026-06-27,R10,B038,15,5,1,0,Clear,0.179,9.0,38.0,1.2,Completed
T002668,2026-06-27,R10,B037,17,5,1,0,Clear,0.686,16.0,38.0,13.0,Completed
T002669,2026-06-27,R10,B038,18,5,1,0,Clear,0.672,18.0,38.0,14.6,Completed
T002670,2026-06-27,R10,B039,19,5,1,0,Clear,0.175,,38.0,4.2,Completed
T002671,2026-06-28,R01,B003,5,6,1,0,Clear,0.174,12.0,50.8,9.3,Completed
T002672,2026-06-28,R01,B004,8,6,1,0,Clear,0.69,41.0,50.8,6.3,Completed
T002673,2026-06-28,R01,B004,9,6,1,0,Clear,0.679,43.0,50.8,16.9,Completed
T002674,2026-06-28,R01,B001,10,6,1,0,Clear,0.159,19.0,50.8,2.4,Completed
T002675,2026-06-28,R01,B002,11,6,1,0,Clear,0.138,15.0,50.8,6.3,Completed
T002676,2026-06-28,R01,B003,12,6,1,0,Clear,0.198,25.0,50.8,3.8,Completed
T002677,2026-06-28,R01,B002,15,6,1,0,Clear,0.192,23.0,50.8,2.2,Completed
T002678,2026-06-28,R01,B001,16,6,1,0,Clear,0.173,0.0,50.8,,Cancelled
T002679,2026-06-28,R01,B004,17,6,1,0,Clear,0.697,36.0,50.8,11.1,Completed
T002680,2026-06-28,R01,B003,18,6,1,0,Clear,0.604,40.0,50.8,11.4,Completed
T002681,2026-06-28,R01,B003,21,6,1,0,Clear,0.111,13.0,50.8,-0.1,Completed
T002682,2026-06-28,R02,B008,7,6,1,0,Clear,0.127,19.0,36.4,-0.2,Completed
T002683,2026-06-28,R02,B007,8,6,1,0,Clear,0.659,28.0,36.4,9.6,Completed
T002684,2026-06-28,R02,B006,9,6,1,0,Clear,0.619,42.0,36.4,7.3,Completed
T002685,2026-06-28,R02,B007,13,6,1,0,Clear,0.183,18.0,36.4,2.3,Completed
T002686,2026-06-28,R02,B005,14,6,1,0,Clear,0.136,8.0,36.4,4.1,Completed
T002687,2026-06-28,R02,B005,15,6,1,0,Clear,0.101,14.0,36.4,3.4,Completed
T002688,2026-06-28,R02,B006,16,6,1,0,Clear,0.175,28.0,36.4,3.1,Completed
T002689,2026-06-28,R02,B006,17,6,1,0,Clear,0.696,32.0,36.4,12.4,Completed
T002690,2026-06-28,R02,B006,18,6,1,0,Clear,0.68,36.0,36.4,10.0,Completed
T002691,2026-06-28,R02,B006,19,6,1,0,Clear,0.186,24.0,36.4,4.6,Completed
T002692,2026-06-28,R02,B008,21,6,1,0,Clear,0.129,6.0,36.4,6.9,Completed
T002693,2026-06-28,R03,B012,5,6,1,0,Clear,0.145,11.0,58.8,7.0,Completed
T002694,2026-06-28,R03,B010,6,6,1,0,Clear,0.129,0.0,58.8,,Cancelled
T002695,2026-06-28,R03,B011,8,6,1,0,Clear,0.625,33.0,58.8,11.9,Completed
T002696,2026-06-28,R03,B011,9,6,1,0,Clear,0.679,29.0,58.8,10.2,Completed
T002697,2026-06-28,R03,B011,12,6,1,0,Clear,0.189,17.0,58.8,10.7,Completed
T002698,2026-06-28,R03,B010,14,6,1,0,Clear,0.192,17.0,58.8,8.9,Completed
T002699,2026-06-28,R03,B010,15,6,1,0,Clear,0.131,19.0,58.8,1.8,Completed
T002700,2026-06-28,R03,B012,17,6,1,0,Clear,0.699,29.0,58.8,13.1,Completed
T002701,2026-06-28,R03,B010,18,6,1,0,Clear,0.644,39.0,58.8,10.9,Completed
T002702,2026-06-28,R03,B012,20,6,1,0,Clear,0.182,18.0,58.8,8.8,Completed
T002703,2026-06-28,R03,B010,21,6,1,0,Clear,0.135,9.0,58.8,10.9,Completed
T002704,2026-06-28,R04,B013,6,6,1,0,Clear,0.17,10.0,28.4,7.0,Completed
T002705,2026-06-28,R04,B014,8,6,1,0,Clear,0.61,32.0,28.4,6.2,Completed
T002706,2026-06-28,R04,B016,9,6,1,0,Clear,0.618,12.0,28.4,9.8,Completed
T002707,2026-06-28,R04,B013,10,6,1,0,Clear,0.183,23.0,28.4,9.6,Completed
T002708,2026-06-28,R04,B014,11,6,1,0,Clear,0.108,16.0,28.4,-1.0,Completed
T002709,2026-06-28,R04,B013,14,6,1,0,Clear,0.158,12.0,28.4,5.3,Completed
T002710,2026-06-28,R04,B015,16,6,1,0,Clear,0.112,25.0,28.4,7.1,Completed
T002711,2026-06-28,R04,B014,17,6,1,0,Clear,0.672,33.0,28.4,9.6,Completed
T002712,2026-06-28,R04,B014,18,6,1,0,Clear,0.674,23.0,28.4,10.7,Completed
T002713,2026-06-28,R04,B013,20,6,1,0,Clear,0.108,12.0,28.4,3.6,Completed
T002714,2026-06-28,R04,B016,21,6,1,0,Clear,0.164,5.0,28.4,4.0,Completed
T002715,2026-06-28,R05,B017,6,6,1,0,Clear,0.157,6.0,44.4,4.0,Completed
T002716,2026-06-28,R05,B020,7,6,1,0,Clear,0.165,15.0,44.4,0.5,Completed
T002717,2026-06-28,R05,B018,8,6,1,0,Clear,0.687,14.0,44.4,13.1,Completed
T002718,2026-06-28,R05,B017,9,6,1,0,Clear,0.695,21.0,44.4,10.0,Completed
T002719,2026-06-28,R05,B020,10,6,1,0,Clear,0.143,16.0,44.4,1.8,Completed
T002720,2026-06-28,R05,B020,12,6,1,0,Clear,0.129,13.0,44.4,4.9,Completed
T002721,2026-06-28,R05,B020,13,6,1,0,Clear,0.188,10.0,44.4,7.1,Completed
T002722,2026-06-28,R05,B019,15,6,1,0,Clear,0.152,17.0,44.4,4.8,Completed
T002723,2026-06-28,R05,B020,16,6,1,0,Clear,0.166,19.0,44.4,5.9,Completed
T002724,2026-06-28,R05,B018,17,6,1,0,Clear,0.636,22.0,44.4,11.5,Completed
T002725,2026-06-28,R05,B017,18,6,1,0,Clear,0.669,21.0,44.4,15.7,Completed
T002726,2026-06-28,R05,B019,20,6,1,0,Clear,0.162,9.0,44.4,9.7,Completed
T002727,2026-06-28,R05,B018,21,6,1,0,Clear,0.1,5.0,44.4,6.2,Completed
T002728,2026-06-28,R06,B023,8,6,1,0,Clear,0.662,28.0,41.2,15.7,Completed
T002729,2026-06-28,R06,B021,9,6,1,0,Clear,0.606,0.0,41.2,,Cancelled
T002730,2026-06-28,R06,B023,10,6,1,0,Clear,0.156,26.0,41.2,-0.3,Completed
T002731,2026-06-28,R06,B024,11,6,1,0,Clear,0.119,17.0,41.2,1.9,Completed
T002732,2026-06-28,R06,B022,17,6,1,0,Clear,0.646,26.0,41.2,10.2,Completed
T002733,2026-06-28,R06,B022,18,6,1,0,Clear,0.686,23.0,41.2,14.5,Completed
T002734,2026-06-28,R06,B023,20,6,1,0,Clear,0.189,16.0,41.2,9.5,Completed
T002735,2026-06-28,R06,B021,21,6,1,0,Clear,0.102,6.0,41.2,-0.1,Completed
T002736,2026-06-28,R07,B026,7,6,1,0,Clear,0.106,10.0,33.2,4.8,Completed
T002737,2026-06-28,R07,B025,8,6,1,0,Clear,0.603,18.0,33.2,13.1,Completed
T002738,2026-06-28,R07,B028,9,6,1,0,Clear,0.615,21.0,33.2,10.2,Completed
T002739,2026-06-28,R07,B027,10,6,1,0,Clear,0.166,,33.2,,Cancelled
T002740,2026-06-28,R07,B027,15,6,1,0,Clear,0.2,14.0,33.2,7.2,Completed
T002741,2026-06-28,R07,B027,16,6,1,0,Clear,0.104,17.0,33.2,2.7,Completed
T002742,2026-06-28,R07,B028,17,6,1,0,Clear,0.69,14.0,33.2,8.7,Completed
T002743,2026-06-28,R07,B027,18,6,1,0,Clear,0.675,23.0,33.2,8.9,Completed
T002744,2026-06-28,R07,B028,19,6,1,0,Clear,0.179,14.0,33.2,2.5,Completed
T002745,2026-06-28,R07,B027,21,6,1,0,Clear,0.115,6.0,33.2,0.7,Completed
T002746,2026-06-28,R08,B032,5,6,1,0,Clear,0.198,6.0,26.8,11.4,Completed
T002747,2026-06-28,R08,B032,7,6,1,0,Clear,0.1,20.0,26.8,1.7,Completed
T002748,2026-06-28,R08,B031,8,6,1,0,Clear,0.676,27.0,26.8,6.9,Completed
T002749,2026-06-28,R08,B032,9,6,1,0,,0.633,23.0,26.8,9.0,Completed
T002750,2026-06-28,R08,B031,10,6,1,0,Clear,0.124,15.0,26.8,3.9,Completed
T002751,2026-06-28,R08,B032,11,6,1,0,Clear,0.105,14.0,26.8,6.8,Completed
T002752,2026-06-28,R08,B032,14,6,1,0,Clear,0.148,13.0,26.8,9.9,Completed
T002753,2026-06-28,R08,B029,17,6,1,0,Clear,0.633,19.0,26.8,5.0,Completed
T002754,2026-06-28,R08,B030,18,6,1,0,Clear,0.688,25.0,26.8,17.0,Completed
T002755,2026-06-28,R08,B030,19,6,1,0,Clear,0.141,10.0,26.8,6.5,Completed
T002756,2026-06-28,R09,B036,6,6,1,0,Clear,0.106,5.0,63.6,1.9,Completed
T002757,2026-06-28,R09,B034,7,6,1,0,Clear,0.11,11.0,63.6,4.6,Completed
T002758,2026-06-28,R09,B033,8,6,1,0,Clear,0.663,15.0,63.6,11.1,Completed
T002759,2026-06-28,R09,B036,9,6,1,0,Clear,0.696,13.0,63.6,11.9,Completed
T002760,2026-06-28,R09,B033,11,6,1,0,Clear,0.174,5.0,63.6,3.3,Completed
T002761,2026-06-28,R09,B036,15,6,1,0,Clear,0.103,8.0,63.6,4.8,Completed
T002762,2026-06-28,R09,B034,16,6,1,0,Clear,0.174,14.0,63.6,3.8,Completed
T002763,2026-06-28,R09,B033,17,6,1,0,Clear,0.692,15.0,63.6,17.5,Completed
T002764,2026-06-28,R09,B035,18,6,1,0,Clear,0.696,14.0,63.6,15.3,Completed
T002765,2026-06-28,R09,B033,19,6,1,0,Clear,0.124,13.0,63.6,8.7,Completed
T002766,2026-06-28,R09,B034,21,6,1,0,Clear,0.135,6.0,63.6,4.5,Completed
T002767,2026-06-28,R10,B038,7,6,1,0,Clear,0.15,10.0,38.0,5.4,Completed
T002768,2026-06-28,R10,B040,8,6,1,0,Clear,0.688,19.0,38.0,13.6,Completed
T002769,2026-06-28,R10,B037,9,6,1,0,Clear,0.624,18.0,38.0,7.6,Completed
T002770,2026-06-28,R10,B038,12,6,1,0,Clear,0.195,12.0,38.0,0.9,Completed
T002771,2026-06-28,R10,B040,13,6,1,0,Clear,0.119,11.0,38.0,-0.2,Completed
T002772,2026-06-28,R10,B040,17,6,1,0,Clear,0.611,22.0,38.0,8.0,Completed
T002773,2026-06-28,R10,B040,18,6,1,0,Clear,0.609,20.0,38.0,8.3,Completed
T002774,2026-06-28,R10,B039,19,6,1,0,Clear,0.137,12.0,38.0,4.9,Completed
T002775,2026-06-28,R10,B039,21,6,1,0,Clear,0.159,0.0,38.0,,Cancelled
T002776,2026-06-29,R01,B001,7,0,0,0,Rain,0.434,25.0,50.8,6.3,Completed
T002777,2026-06-29,R01,B001,8,0,0,0,Rain,0.957,44.0,50.8,24.0,Completed
T002778,2026-06-29,R01,B003,9,0,0,0,Rain,0.991,60.0,50.8,19.0,Completed
T002779,2026-06-29,R01,B003,17,0,0,0,Rain,0.984,50.0,50.8,15.7,Completed
T002780,2026-06-29,R01,B003,18,0,0,0,Rain,,41.0,50.8,18.6,Completed
T002781,2026-06-29,R01,B001,19,0,0,0,Rain,0.424,32.0,50.8,16.4,Completed
T002782,2026-06-29,R01,B003,21,0,0,0,Rain,0.497,19.0,50.8,12.2,Completed
T002783,2026-06-29,R02,B008,5,0,0,0,Rain,0.456,7.0,36.4,8.3,Completed
T002784,2026-06-29,R02,B007,6,0,0,0,Rain,0.467,15.0,36.4,9.5,Completed
T002785,2026-06-29,R02,B006,7,0,0,0,Rain,0.495,27.0,36.4,12.9,Completed
T002786,2026-06-29,R02,B008,8,0,0,0,Rain,0.951,31.0,36.4,14.6,Completed
T002787,2026-06-29,R02,B007,9,0,0,0,Rain,0.909,47.0,36.4,18.9,Completed
T002788,2026-06-29,R02,B008,10,0,0,0,Rain,0.439,26.0,36.4,14.2,Completed
T002789,2026-06-29,R02,B006,13,0,0,0,Rain,0.422,30.0,36.4,9.9,Completed
T002790,2026-06-29,R02,B008,14,0,0,0,Rain,0.459,21.0,36.4,11.7,Completed
T002791,2026-06-29,R02,B006,15,0,0,0,Rain,0.485,21.0,36.4,12.6,Completed
T002792,2026-06-29,R02,B006,16,0,0,0,Rain,0.442,29.0,36.4,11.8,Completed
T002793,2026-06-29,R02,B008,17,0,0,0,Rain,0.925,0.0,36.4,,Cancelled
T002794,2026-06-29,R02,B008,18,0,0,0,Rain,0.998,43.0,36.4,21.8,Completed
T002795,2026-06-29,R02,B008,19,0,0,0,Rain,0.477,0.0,36.4,240.0,Cancelled
T002796,2026-06-29,R02,B006,20,0,0,0,Rain,0.44,17.0,36.4,17.7,Completed
T002797,2026-06-29,R02,B006,21,0,0,0,Rain,0.448,11.0,36.4,12.2,Completed
T002798,2026-06-29,R03,B010,5,0,0,0,Rain,0.449,7.0,58.8,9.6,Completed
T002799,2026-06-29,R03,B012,6,0,0,0,Rain,0.47,19.0,58.8,14.5,Completed
T002800,2026-06-29,R03,B012,8,0,0,0,Rain,0.946,43.0,58.8,17.0,Completed
T002801,2026-06-29,R03,B010,9,0,0,0,Rain,0.993,26.0,58.8,29.9,Completed
T002802,2026-06-29,R03,B012,12,0,0,0,Rain,0.489,27.0,58.8,14.0,Completed
T002803,2026-06-29,R03,B010,13,0,0,0,Rain,0.454,23.0,58.8,18.1,Completed
T002804,2026-06-29,R03,B012,14,0,0,0,Rain,0.441,22.0,58.8,17.6,Completed
T002805,2026-06-29,R03,B009,17,0,0,0,Rain,0.951,32.0,58.8,21.3,Completed
T002806,2026-06-29,R03,B010,18,0,0,0,Rain,0.958,38.0,58.8,22.1,Completed
T002807,2026-06-29,R03,B012,20,0,0,0,Rain,0.48,21.0,58.8,16.1,Completed
T002808,2026-06-29,R04,B016,7,0,0,0,Rain,0.497,11.0,28.4,15.5,Completed
T002809,2026-06-29,R04,B013,8,0,0,0,Rain,0.983,0.0,28.4,,Cancelled
T002810,2026-06-29,R04,B013,9,0,0,0,Rain,0.969,33.0,28.4,17.0,Completed
T002811,2026-06-29,R04,B013,11,0,0,0,Rain,0.458,,28.4,14.8,Completed
T002812,2026-06-29,R04,B015,13,0,0,0,Rain,0.483,14.0,28.4,14.6,Completed
T002813,2026-06-29,R04,B014,14,0,0,0,Rain,0.448,21.0,28.4,5.4,Completed
T002814,2026-06-29,R04,B014,15,0,0,0,Rain,0.445,17.0,28.4,12.2,Completed
T002815,2026-06-29,R04,B015,17,0,0,0,Rain,0.955,32.0,28.4,11.7,Completed
T002816,2026-06-29,R04,B014,18,0,0,0,Rain,0.968,36.0,28.4,18.2,Completed
T002817,2026-06-29,R04,B014,19,0,0,0,Rain,0.483,25.0,28.4,15.5,Completed
T002818,2026-06-29,R04,B015,20,0,0,0,Rain,0.441,13.0,28.4,13.6,Completed
T002819,2026-06-29,R05,B018,5,0,0,0,Rain,0.408,4.0,44.4,13.8,Completed
T002820,2026-06-29,R05,B018,6,0,0,0,Rain,0.423,6.0,44.4,13.3,Completed
T002821,2026-06-29,R05,B017,7,0,0,0,Rain,0.408,13.0,44.4,10.7,Completed
T002822,2026-06-29,R05,B020,8,0,0,0,Rain,0.991,35.0,44.4,18.8,Completed
T002823,2026-06-29,R05,B017,9,0,0,0,Rain,0.977,30.0,44.4,16.3,Completed
T002824,2026-06-29,R05,B018,10,0,0,0,Rain,0.409,16.0,44.4,11.8,Completed
T002825,2026-06-29,R05,B020,17,0,0,0,Rain,0.98,30.0,44.4,20.0,Completed
T002826,2026-06-29,R05,B020,18,0,0,0,Rain,0.996,25.0,44.4,12.4,Completed
T002827,2026-06-29,R05,B018,19,0,0,0,Rain,0.415,15.0,44.4,11.5,Completed
T002828,2026-06-29,R05,B020,21,0,0,0,Rain,0.477,8.0,44.4,11.1,Completed
T002829,2026-06-29,R06,B024,5,0,0,0,Rain,0.493,8.0,41.2,15.8,Completed
T002830,2026-06-29,R06,B024,6,0,0,0,Rain,0.442,15.0,41.2,9.2,Completed
T002831,2026-06-29,R06,B023,8,0,0,0,Rain,0.993,29.0,41.2,16.6,Completed
T002832,2026-06-29,R06,B023,9,0,0,0,Rain,,43.0,41.2,19.1,Completed
T002833,2026-06-29,R06,B022,11,0,0,0,Rain,0.449,14.0,41.2,9.7,Completed
T002834,2026-06-29,R06,B023,12,0,0,0,Rain,0.453,21.0,41.2,12.9,Completed
T002835,2026-06-29,R06,B021,13,0,0,0,Rain,0.434,20.0,41.2,7.3,Completed
T002836,2026-06-29,R06,B024,14,0,0,0,Rain,0.475,17.0,41.2,12.6,Completed
T002837,2026-06-29,R06,B022,16,0,0,0,Rain,0.477,29.0,41.2,11.3,Completed
T002838,2026-06-29,R06,B021,17,0,0,0,Rain,0.99,35.0,41.2,19.4,Completed
T002839,2026-06-29,R06,B022,18,0,0,0,Rain,0.905,29.0,41.2,13.5,Completed
T002840,2026-06-29,R06,B023,19,0,0,0,Rain,0.492,29.0,41.2,16.4,Completed
T002841,2026-06-29,R06,B024,20,0,0,0,Rain,0.498,14.0,41.2,9.8,Completed
T002842,2026-06-29,R06,B021,21,0,0,0,Rain,0.433,9.0,41.2,14.5,Completed
T002843,2026-06-29,R07,B026,5,0,0,0,Rain,0.421,3.0,33.2,14.3,Completed
T002844,2026-06-29,R07,B025,7,0,0,0,Rain,0.459,12.0,33.2,15.9,Completed
T002845,2026-06-29,R07,B026,8,0,0,0,Rain,0.936,12.0,33.2,19.3,Completed
T002846,2026-06-29,R07,B027,9,0,0,0,Rain,0.91,31.0,33.2,19.2,Completed
T002847,2026-06-29,R07,B025,13,0,0,0,Rain,0.44,13.0,33.2,13.9,Completed
T002848,2026-06-29,R07,B027,14,0,0,0,Rain,0.42,11.0,33.2,18.6,Completed
T002849,2026-06-29,R07,B026,15,0,0,0,Rain,0.456,12.0,33.2,13.7,Completed
T002850,2026-06-29,R07,B028,17,0,0,0,Rain,0.943,,33.2,19.6,Completed
T002851,2026-06-29,R07,B027,18,0,0,0,Rain,0.909,22.0,33.2,21.2,Completed
T002852,2026-06-29,R07,B028,19,0,0,0,Rain,0.412,15.0,33.2,13.0,Completed
T002853,2026-06-29,R07,B028,21,0,0,0,Rain,0.499,5.0,33.2,7.4,Completed
T002854,2026-06-29,R08,B029,7,0,0,0,Rain,0.482,10.0,26.8,11.3,Completed
T002855,2026-06-29,R08,B029,8,0,0,0,Rain,0.973,23.0,26.8,17.0,Completed
T002856,2026-06-29,R08,B031,9,0,0,0,Rain,0.972,31.0,26.8,12.1,Completed
T002857,2026-06-29,R08,B032,11,0,0,0,Rain,0.449,18.0,26.8,14.3,Completed
T002858,2026-06-29,R08,B030,12,0,0,0,Rain,0.496,13.0,26.8,14.4,Completed
T002859,2026-06-29,R08,B032,14,0,0,0,Rain,0.437,16.0,26.8,12.4,Completed
T002860,2026-06-29,R08,B031,17,0,0,0,Rain,0.923,25.0,26.8,14.9,Completed
T002861,2026-06-29,R08,B030,18,0,0,0,Rain,0.916,28.0,26.8,20.8,Completed
T002862,2026-06-29,R08,B032,21,0,0,0,Rain,0.483,11.0,26.8,9.6,Completed
T002863,2026-06-29,R09,B035,8,0,0,0,Rain,0.937,16.0,63.6,16.5,Completed
T002864,2026-06-29,R09,B034,9,0,0,0,Rain,0.922,23.0,63.6,18.6,Completed
T002865,2026-06-29,R09,B036,11,0,0,0,Rain,0.456,8.0,63.6,15.3,Completed
T002866,2026-06-29,R09,B034,12,0,0,0,Rain,0.418,12.0,63.6,14.5,Completed
T002867,2026-06-29,R09,B036,14,0,0,0,Rain,0.496,10.0,63.6,11.4,Completed
T002868,2026-06-29,R09,B035,15,0,0,0,Rain,0.485,16.0,63.6,10.4,Completed
T002869,2026-06-29,R09,B036,17,0,0,0,Rain,0.95,14.0,63.6,17.3,Completed
T002870,2026-06-29,R09,B036,18,0,0,0,Rain,0.94,15.0,63.6,22.3,Completed
T002871,2026-06-29,R09,B034,19,0,0,0,Rain,0.402,18.0,63.6,8.8,Completed
T002872,2026-06-29,R09,B033,20,0,0,0,Rain,0.474,9.0,63.6,16.2,Completed
T002873,2026-06-29,R10,B037,8,0,0,0,Rain,0.94,20.0,38.0,15.6,Completed
T002874,2026-06-29,R10,B040,9,0,0,0,Rain,0.914,34.0,38.0,18.0,Completed
T002875,2026-06-29,R10,B037,10,0,0,0,Rain,0.41,12.0,38.0,9.8,Completed
T002876,2026-06-29,R10,B037,14,0,0,0,Rain,0.41,12.0,38.0,11.4,Completed
T002877,2026-06-29,R10,B037,17,0,0,0,Rain,0.992,21.0,38.0,17.2,Completed
T002878,2026-06-29,R10,B038,18,0,0,0,Rain,0.92,19.0,38.0,16.1,Completed
T002879,2026-06-29,R10,B037,19,0,0,0,Rain,0.438,18.0,38.0,6.8,Completed
T002880,2026-06-29,R10,B038,21,0,0,0,Rain,0.446,8.0,38.0,11.0,Completed
T002881,2026-06-30,R01,B004,5,1,0,0,,0.328,14.0,50.8,8.9,Completed
T002882,2026-06-30,R01,B003,6,1,0,0,Clear,0.314,19.0,50.8,6.2,Completed
T002883,2026-06-30,R01,B003,8,1,0,0,Clear,0.768,58.0,50.8,9.0,Completed
T002884,2026-06-30,R01,B001,9,1,0,0,Clear,0.779,50.0,50.8,16.7,Completed
T002885,2026-06-30,R01,B004,11,1,0,0,Clear,0.299,24.0,50.8,11.1,Completed
T002886,2026-06-30,R01,B001,12,1,0,0,Clear,0.326,34.0,50.8,5.6,Completed
T002887,2026-06-30,R01,B003,13,1,0,0,Clear,0.294,38.0,50.8,3.6,Completed
T002888,2026-06-30,R01,B003,14,1,0,0,Clear,0.264,32.0,50.8,9.1,Completed
T002889,2026-06-30,R01,B003,16,1,0,0,Clear,0.276,33.0,50.8,2.3,Completed
T002890,2026-06-30,R01,B003,17,1,0,0,Clear,0.796,45.0,50.8,7.5,Completed
T002891,2026-06-30,R01,B001,18,1,0,0,Clear,0.799,39.0,50.8,13.7,Completed
T002892,2026-06-30,R01,B001,19,1,0,0,Clear,0.277,31.0,50.8,10.1,Completed
T002893,2026-06-30,R01,B002,20,1,0,0,Clear,,20.0,50.8,6.0,Completed
T002894,2026-06-30,R01,B001,21,1,0,0,Clear,0.277,14.0,50.8,2.7,Completed
T002895,2026-06-30,R02,B006,6,1,0,0,Clear,0.271,0.0,36.4,,Cancelled
T002896,2026-06-30,R02,B005,7,1,0,0,Clear,0.251,22.0,36.4,4.3,Completed
T002897,2026-06-30,R02,B005,8,1,0,0,Clear,0.816,35.0,36.4,13.8,Completed
T002898,2026-06-30,R02,B008,9,1,0,0,Clear,0.758,43.0,36.4,15.3,Completed
T002899,2026-06-30,R02,B008,13,1,0,0,Clear,0.299,29.0,36.4,1.5,Completed
T002900,2026-06-30,R02,B007,14,1,0,0,Clear,0.323,22.0,36.4,6.0,Completed
T002901,2026-06-30,R02,B007,17,1,0,0,Clear,0.807,0.0,36.4,,Cancelled
T002902,2026-06-30,R02,B007,18,1,0,0,Clear,0.774,29.0,36.4,5.6,Completed
T002903,2026-06-30,R02,B005,19,1,0,0,Clear,0.309,23.0,36.4,6.5,Completed
T002904,2026-06-30,R03,B011,6,1,0,0,Clear,0.272,20.0,58.8,9.0,Completed
T002905,2026-06-30,R03,B011,8,1,0,0,Clear,,47.0,58.8,12.5,Completed
T002906,2026-06-30,R03,B012,9,1,0,0,Clear,0.811,50.0,58.8,13.5,Completed
T002907,2026-06-30,R03,B009,11,1,0,0,Clear,0.26,19.0,58.8,10.6,Completed
T002908,2026-06-30,R03,B010,12,1,0,0,Clear,0.298,21.0,58.8,7.6,Completed
T002909,2026-06-30,R03,B010,13,1,0,0,Clear,0.26,26.0,58.8,13.6,Completed
T002910,2026-06-30,R03,B010,17,1,0,0,Clear,0.83,46.0,58.8,15.3,Completed
T002911,2026-06-30,R03,B011,18,1,0,0,Clear,0.829,37.0,58.8,14.1,Completed
T002912,2026-06-30,R03,B011,19,1,0,0,Clear,0.288,30.0,58.8,9.9,Completed
T002913,2026-06-30,R03,B012,20,1,0,0,Clear,0.301,25.0,58.8,4.2,Completed
T002914,2026-06-30,R03,B012,21,1,0,0,Clear,0.336,12.0,58.8,4.0,Completed
T002915,2026-06-30,R04,B016,7,1,0,0,Clear,0.26,17.0,28.4,7.2,Completed
T002916,2026-06-30,R04,B014,8,1,0,0,Clear,0.757,47.0,28.4,7.1,Completed
T002917,2026-06-30,R04,B015,9,1,0,0,Clear,,41.0,28.4,15.6,Completed
T002918,2026-06-30,R04,B013,11,1,0,0,Clear,0.302,20.0,28.4,7.6,Completed
T002919,2026-06-30,R04,B014,13,1,0,0,Clear,0.277,32.0,28.4,0.7,Completed
T002920,2026-06-30,R04,B014,15,1,0,0,Clear,0.335,26.0,28.4,5.3,Completed
T002921,2026-06-30,R04,B015,16,1,0,0,Clear,0.322,15.0,28.4,7.3,Completed
T002922,2026-06-30,R04,B015,17,1,0,0,Clear,0.83,46.0,28.4,9.4,Completed
T002923,2026-06-30,R04,B014,18,1,0,0,Clear,0.765,0.0,28.4,,Cancelled
T002924,2026-06-30,R04,B015,19,1,0,0,Clear,0.32,32.0,28.4,6.9,Completed
T002925,2026-06-30,R04,B013,20,1,0,0,Clear,0.286,18.0,28.4,1.4,Completed
T002926,2026-06-30,R04,B014,21,1,0,0,Clear,0.325,13.0,28.4,5.0,Completed
T002927,2026-06-30,R05,B019,5,1,0,0,Clear,0.349,6.0,44.4,7.2,Completed
T002928,2026-06-30,R05,B020,6,1,0,0,Clear,0.347,12.0,44.4,6.5,Completed
T002929,2026-06-30,R05,B018,8,1,0,0,Clear,0.805,25.0,44.4,13.7,Completed
T002930,2026-06-30,R05,B020,9,1,0,0,Clear,0.753,42.0,44.4,12.3,Completed
T002931,2026-06-30,R05,B018,10,1,0,0,Clear,0.257,20.0,44.4,8.1,Completed
T002932,2026-06-30,R05,B017,12,1,0,0,Clear,0.321,23.0,44.4,7.0,Completed
T002933,2026-06-30,R05,B017,13,1,0,0,Clear,0.331,21.0,44.4,7.6,Completed
T002934,2026-06-30,R05,B018,16,1,0,0,Clear,0.335,24.0,44.4,7.5,Completed
T002935,2026-06-30,R05,B019,17,1,0,0,Clear,0.791,0.0,44.4,,Cancelled
T002936,2026-06-30,R05,B020,18,1,0,0,Clear,0.81,34.0,44.4,11.3,Completed
T002937,2026-06-30,R05,B017,20,1,0,0,Clear,0.292,17.0,44.4,6.6,Completed
T002938,2026-06-30,R05,B017,21,1,0,0,Clear,0.259,10.0,44.4,6.7,Completed
T002939,2026-06-30,R06,B024,5,1,0,0,Clear,0.35,10.0,41.2,7.5,Completed
T002940,2026-06-30,R06,B022,8,1,0,0,Clear,0.781,36.0,41.2,3.9,Completed
T002941,2026-06-30,R06,B022,9,1,0,0,Clear,0.768,35.0,41.2,12.2,Completed
T002942,2026-06-30,R06,B021,10,1,0,0,Clear,0.267,27.0,41.2,14.7,Completed
T002943,2026-06-30,R06,B023,11,1,0,0,Clear,0.322,20.0,41.2,2.9,Completed
T002944,2026-06-30,R06,B021,12,1,0,0,Clear,0.339,0.0,41.2,,Cancelled
T002945,2026-06-30,R06,B024,13,1,0,0,Clear,0.331,30.0,41.2,1.2,Completed
T002946,2026-06-30,R06,B023,14,1,0,0,Clear,0.29,29.0,41.2,6.3,Completed
T002947,2026-06-30,R06,B023,16,1,0,0,Clear,0.324,26.0,41.2,8.6,Completed
T002948,2026-06-30,R06,B021,17,1,0,0,Clear,0.831,42.0,41.2,11.7,Completed
T002949,2026-06-30,R06,B021,18,1,0,0,Clear,0.82,43.0,41.2,5.8,Completed
T002950,2026-06-30,R06,B021,20,1,0,0,Clear,0.269,18.0,41.2,9.2,Completed
T002951,2026-06-30,R07,B027,5,1,0,0,Clear,0.311,5.0,33.2,11.3,Completed
T002952,2026-06-30,R07,B028,7,1,0,0,Clear,0.304,13.0,33.2,3.4,Completed
T002953,2026-06-30,R07,B026,8,1,0,0,Clear,0.837,25.0,33.2,14.4,Completed
T002954,2026-06-30,R07,B026,9,1,0,0,Clear,0.814,30.0,33.2,13.6,Completed
T002955,2026-06-30,R07,B027,11,1,0,0,Clear,0.344,13.0,33.2,8.0,Completed
T002956,2026-06-30,R07,B026,12,1,0,0,Clear,0.273,10.0,33.2,2.7,Completed
T002957,2026-06-30,R07,B028,16,1,0,0,Clear,0.299,17.0,33.2,6.9,Completed
T002958,2026-06-30,R07,B028,17,1,0,0,Clear,0.792,19.0,33.2,13.1,Completed
T002959,2026-06-30,R07,B025,18,1,0,0,Clear,0.793,26.0,33.2,16.1,Completed
T002960,2026-06-30,R07,B028,19,1,0,0,Clear,0.299,17.0,33.2,5.8,Completed
T002961,2026-06-30,R07,B027,20,1,0,0,Clear,0.3,14.0,33.2,9.8,Completed
T002962,2026-06-30,R07,B026,21,1,0,0,Clear,0.329,7.0,33.2,5.3,Completed
T002963,2026-06-30,R08,B031,5,1,0,0,Clear,0.272,7.0,26.8,2.7,Completed
T002964,2026-06-30,R08,B030,6,1,0,0,Clear,0.342,12.0,26.8,11.2,Completed
T002965,2026-06-30,R08,B031,8,1,0,0,Clear,0.753,35.0,26.8,7.8,Completed
T002966,2026-06-30,R08,B031,9,1,0,0,Clear,0.791,42.0,26.8,5.6,Completed
T002967,2026-06-30,R08,B029,11,1,0,0,Clear,0.252,10.0,26.8,4.1,Completed
T002968,2026-06-30,R08,B031,17,1,0,0,Clear,0.78,35.0,26.8,9.0,Completed
T002969,2026-06-30,R08,B031,18,1,0,0,Clear,0.837,27.0,26.8,13.5,Completed
T002970,2026-06-30,R08,B030,20,1,0,0,Clear,0.292,0.0,26.8,,Cancelled
T002971,2026-06-30,R09,B036,5,1,0,0,Clear,0.268,4.0,63.6,3.6,Completed
T002972,2026-06-30,R09,B035,6,1,0,0,Clear,0.251,8.0,63.6,9.2,Completed
T002973,2026-06-30,R09,B033,7,1,0,0,Clear,0.349,16.0,63.6,2.6,Completed
T002974,2026-06-30,R09,B034,8,1,0,0,Clear,0.844,17.0,63.6,17.0,Completed
T002975,2026-06-30,R09,B034,9,1,0,0,Clear,0.792,0.0,63.6,,Cancelled
T002976,2026-06-30,R09,B035,10,1,0,0,Clear,0.326,17.0,63.6,8.8,Completed
T002977,2026-06-30,R09,B036,11,1,0,0,Clear,0.341,6.0,63.6,5.4,Completed
T002978,2026-06-30,R09,B036,12,1,0,0,Clear,0.313,13.0,63.6,8.8,Completed
T002979,2026-06-30,R09,B036,14,1,0,0,Clear,0.29,8.0,63.6,5.7,Completed
T002980,2026-06-30,R09,B033,15,1,0,0,Clear,0.303,12.0,63.6,2.6,Completed
T002981,2026-06-30,R09,B036,17,1,0,0,Clear,0.803,20.0,63.6,15.0,Completed
T002982,2026-06-30,R09,B035,18,1,0,0,Clear,0.794,29.0,63.6,14.2,Completed
T002983,2026-06-30,R10,B039,5,1,0,0,Clear,0.32,6.0,38.0,-0.8,Completed
T002984,2026-06-30,R10,B037,6,1,0,0,Clear,0.33,12.0,38.0,3.7,Completed
T002985,2026-06-30,R10,B037,7,1,0,0,Clear,0.328,15.0,38.0,3.7,Completed
T002986,2026-06-30,R10,B039,8,1,0,0,Clear,0.79,23.0,38.0,6.0,Completed
T002987,2026-06-30,R10,B038,9,1,0,0,Clear,0.804,36.0,38.0,7.1,Completed
T002988,2026-06-30,R10,B037,12,1,0,0,Clear,0.309,14.0,38.0,1.9,Completed
T002989,2026-06-30,R10,B038,14,1,0,0,Clear,0.328,13.0,38.0,7.0,Completed
T002990,2026-06-30,R10,B037,16,1,0,0,Clear,0.324,18.0,38.0,6.7,Completed
T002991,2026-06-30,R10,B038,17,1,0,0,Clear,0.775,27.0,38.0,14.2,Completed
T002992,2026-06-30,R10,B037,18,1,0,0,Clear,0.772,24.0,38.0,9.1,Completed
T002993,2026-06-30,R10,B040,20,1,0,0,Clear,0.329,14.0,38.0,4.1,Completed
T002994,2026-06-30,R10,B040,21,1,0,0,Clear,0.293,9.0,38.0,0.5,Completed
T002995,2026-07-01,R01,B004,7,2,0,0,Clear,0.31,33.0,50.8,5.0,Completed
T002996,2026-07-01,R01,B003,8,2,0,0,Clear,0.825,60.0,50.8,14.0,Completed
T002997,2026-07-01,R01,B002,9,2,0,0,Clear,0.776,35.0,50.8,12.6,Completed
T002998,2026-07-01,R01,B001,11,2,0,0,Clear,0.333,21.0,50.8,11.6,Completed
T002999,2026-07-01,R01,B002,12,2,0,0,Clear,0.339,27.0,50.8,9.2,Completed
T003000,2026-07-01,R01,B001,13,2,0,0,Clear,0.293,30.0,50.8,5.7,Completed
T003001,2026-07-01,R01,B004,16,2,0,0,Clear,0.269,27.0,50.8,5.6,Completed
T003002,2026-07-01,R01,B003,17,2,0,0,Clear,0.767,51.0,50.8,9.5,Completed
T003003,2026-07-01,R01,B004,18,2,0,0,Clear,0.811,44.0,50.8,13.3,Completed
T003004,2026-07-01,R01,B004,20,2,0,0,Clear,0.308,21.0,50.8,7.9,Completed
T003005,2026-07-01,R02,B007,8,2,0,0,Clear,0.803,27.0,36.4,12.1,Completed
T003006,2026-07-01,R02,B006,9,2,0,0,Clear,0.797,45.0,36.4,13.7,Completed
T003007,2026-07-01,R02,B007,11,2,0,0,Clear,0.278,20.0,36.4,3.2,Completed
T003008,2026-07-01,R02,B005,12,2,0,0,Clear,0.252,17.0,36.4,8.0,Completed
T003009,2026-07-01,R02,B007,13,2,0,0,Clear,0.269,19.0,36.4,10.6,Completed
T003010,2026-07-01,R02,B008,16,2,0,0,Clear,0.296,26.0,36.4,4.7,Completed
T003011,2026-07-01,R02,B005,17,2,0,0,Clear,0.77,34.0,36.4,15.7,Completed
T003012,2026-07-01,R02,B007,18,2,0,0,Clear,0.822,49.0,36.4,7.2,Completed
T003013,2026-07-01,R02,B007,21,2,0,0,Clear,0.306,11.0,36.4,0.8,Completed
T003014,2026-07-01,R03,B011,6,2,0,0,Clear,0.308,19.0,58.8,3.5,Completed
T003015,2026-07-01,R03,B009,8,2,0,0,Clear,0.819,35.0,58.8,14.8,Completed
T003016,2026-07-01,R03,B012,9,2,0,0,Clear,0.784,55.0,58.8,10.9,Completed
T003017,2026-07-01,R03,B009,11,2,0,0,Clear,0.32,21.0,58.8,8.8,Completed
T003018,2026-07-01,R03,B011,14,2,0,0,Clear,0.343,0.0,58.8,,Cancelled
T003019,2026-07-01,R03,B009,16,2,0,0,Clear,0.287,23.0,58.8,3.6,Completed
T003020,2026-07-01,R03,B009,17,2,0,0,Clear,0.785,25.0,58.8,15.0,Completed
T003021,2026-07-01,R03,B010,18,2,0,0,Clear,0.835,50.0,58.8,12.7,Completed
T003022,2026-07-01,R04,B013,8,2,0,0,Clear,0.812,33.0,28.4,11.9,Completed
T003023,2026-07-01,R04,B015,9,2,0,0,Clear,0.833,43.0,28.4,7.0,Completed
T003024,2026-07-01,R04,B013,10,2,0,0,Clear,0.299,23.0,28.4,4.6,Completed
T003025,2026-07-01,R04,B014,12,2,0,0,Clear,0.281,0.0,28.4,,Cancelled
T003026,2026-07-01,R04,B016,14,2,0,0,Clear,0.264,15.0,28.4,3.7,Completed
T003027,2026-07-01,R04,B016,16,2,0,0,Clear,0.303,26.0,28.4,6.1,Completed
T003028,2026-07-01,R04,B013,17,2,0,0,Clear,0.755,32.0,28.4,10.6,Completed
T003029,2026-07-01,R04,B015,18,2,0,0,Clear,0.819,38.0,28.4,16.0,Completed
T003030,2026-07-01,R05,B018,5,2,0,0,Clear,0.263,5.0,44.4,12.1,Completed
T003031,2026-07-01,R05,B017,6,2,0,0,Clear,0.262,10.0,44.4,5.8,Completed
T003032,2026-07-01,R05,B019,8,2,0,0,Clear,0.82,45.0,44.4,14.3,Completed
T003033,2026-07-01,R05,B018,9,2,0,0,Clear,0.828,31.0,44.4,13.8,Completed
T003034,2026-07-01,R05,B017,10,2,0,0,Clear,0.273,28.0,44.4,5.3,Completed
T003035,2026-07-01,R05,B017,12,2,0,0,Clear,0.27,12.0,44.4,4.9,Completed
T003036,2026-07-01,R05,B019,13,2,0,0,Clear,0.328,22.0,44.4,9.0,Completed
T003037,2026-07-01,R05,B019,16,2,0,0,Clear,0.298,29.0,44.4,11.3,Completed
T003038,2026-07-01,R05,B019,17,2,0,0,Clear,0.825,41.0,44.4,15.6,Completed
T003039,2026-07-01,R05,B020,18,2,0,0,Clear,0.75,37.0,44.4,11.4,Completed
T003040,2026-07-01,R05,B020,19,2,0,0,Clear,0.274,29.0,44.4,0.8,Completed
T003041,2026-07-01,R05,B019,20,2,0,0,Clear,0.348,16.0,44.4,3.0,Completed
T003042,2026-07-01,R06,B024,5,2,0,0,Clear,0.308,9.0,41.2,-1.6,Completed
T003043,2026-07-01,R06,B022,7,2,0,0,Clear,0.326,21.0,41.2,5.7,Completed
T003044,2026-07-01,R06,B023,8,2,0,0,Clear,0.774,47.0,41.2,18.4,Completed
T003045,2026-07-01,R06,B022,9,2,0,0,Clear,0.821,46.0,41.2,14.7,Completed
T003046,2026-07-01,R06,B023,12,2,0,0,Clear,0.293,25.0,41.2,10.4,Completed
T003047,2026-07-01,R06,B022,17,2,0,0,Clear,0.773,36.0,41.2,7.9,Completed
T003048,2026-07-01,R06,B023,18,2,0,0,Clear,0.842,43.0,41.2,16.2,Completed
T003049,2026-07-01,R07,B028,5,2,0,0,Clear,0.273,0.0,33.2,,Cancelled
T003050,2026-07-01,R07,B025,8,2,0,0,Clear,0.796,27.0,33.2,11.0,Completed
T003051,2026-07-01,R07,B025,9,2,0,0,Clear,0.798,33.0,33.2,13.5,Completed
T003052,2026-07-01,R07,B026,10,2,0,0,Clear,0.309,16.0,33.2,6.4,Completed
T003053,2026-07-01,R07,B028,14,2,0,0,Clear,0.341,12.0,33.2,5.3,Completed
T003054,2026-07-01,R07,B027,17,2,0,0,Clear,0.813,32.0,33.2,18.0,Completed
T003055,2026-07-01,R07,B025,18,2,0,0,Clear,0.794,33.0,33.2,12.8,Completed
T003056,2026-07-01,R07,B028,19,2,0,0,Clear,0.281,13.0,33.2,2.2,Completed
T003057,2026-07-01,R07,B028,21,2,0,0,Clear,0.341,6.0,33.2,3.3,Completed
T003058,2026-07-01,R08,B032,5,2,0,0,Clear,0.314,7.0,26.8,6.4,Completed
T003059,2026-07-01,R08,B032,7,2,0,0,Clear,0.336,32.0,26.8,8.0,Completed
T003060,2026-07-01,R08,B032,8,2,0,0,Clear,0.837,36.0,26.8,12.3,Completed
T003061,2026-07-01,R08,B029,9,2,0,0,Clear,0.831,35.0,26.8,13.0,Completed
T003062,2026-07-01,R08,B030,11,2,0,0,Clear,0.251,14.0,26.8,6.6,Completed
T003063,2026-07-01,R08,B030,12,2,0,0,Clear,0.346,21.0,26.8,2.1,Completed
T003064,2026-07-01,R08,B031,13,2,0,0,Clear,0.275,19.0,26.8,4.6,Completed
T003065,2026-07-01,R08,B031,14,2,0,0,Clear,,14.0,26.8,3.3,Completed
T003066,2026-07-01,R08,B029,16,2,0,0,Clear,0.314,19.0,26.8,4.2,Completed
T003067,2026-07-01,R08,B032,17,2,0,0,Clear,0.754,36.0,26.8,11.7,Completed
T003068,2026-07-01,R08,B031,18,2,0,0,Clear,0.781,34.0,26.8,10.8,Completed
T003069,2026-07-01,R08,B032,21,2,0,0,Clear,0.259,13.0,26.8,7.9,Completed
T003070,2026-07-01,R09,B033,5,2,0,0,Clear,0.327,5.0,63.6,5.7,Completed
T003071,2026-07-01,R09,B033,6,2,0,0,Clear,0.313,11.0,63.6,5.0,Completed
T003072,2026-07-01,R09,B035,8,2,0,0,Clear,0.776,25.0,63.6,9.8,Completed
T003073,2026-07-01,R09,B035,9,2,0,0,Clear,0.837,30.0,63.6,14.8,Completed
T003074,2026-07-01,R09,B036,12,2,0,0,Clear,0.313,10.0,63.6,11.3,Completed
T003075,2026-07-01,R09,B035,13,2,0,0,Clear,0.254,15.0,63.6,7.4,Completed
T003076,2026-07-01,R09,B034,14,2,0,0,Clear,0.272,11.0,63.6,5.8,Completed
T003077,2026-07-01,R09,B036,17,2,0,0,Clear,0.776,19.0,63.6,15.7,Completed
T003078,2026-07-01,R09,B034,18,2,0,0,Clear,0.755,23.0,63.6,9.6,Completed
T003079,2026-07-01,R09,B033,19,2,0,0,Clear,0.343,14.0,63.6,10.0,Completed
T003080,2026-07-01,R09,B033,20,2,0,0,Clear,0.296,12.0,63.6,11.9,Completed
T003081,2026-07-01,R10,B038,5,2,0,0,Clear,0.28,6.0,38.0,5.2,Completed
T003082,2026-07-01,R10,B039,8,2,0,0,Clear,0.82,23.0,38.0,20.4,Completed
T003083,2026-07-01,R10,B040,9,2,0,0,Clear,0.849,25.0,38.0,8.3,Completed
T003084,2026-07-01,R10,B039,10,2,0,0,Clear,0.317,16.0,38.0,4.3,Completed
T003085,2026-07-01,R10,B037,11,2,0,0,Clear,0.281,10.0,38.0,8.7,Completed
T003086,2026-07-01,R10,B040,12,2,0,0,Clear,0.273,16.0,38.0,5.4,Completed
T003087,2026-07-01,R10,B039,13,2,0,0,,0.343,14.0,38.0,3.0,Completed
T003088,2026-07-01,R10,B038,15,2,0,0,Clear,0.283,14.0,38.0,6.5,Completed
T003089,2026-07-01,R10,B040,17,2,0,0,Clear,0.766,27.0,38.0,12.8,Completed
T003090,2026-07-01,R10,B040,18,2,0,0,Clear,0.753,33.0,38.0,13.5,Completed
T003091,2026-07-01,R10,B040,20,2,0,0,Clear,0.318,13.0,38.0,1.5,Completed
T003092,2026-07-01,R10,B039,21,2,0,0,Clear,0.344,5.0,38.0,4.1,Completed
T003093,2026-07-02,R01,B004,5,3,0,0,Clear,0.321,13.0,50.8,5.8,Completed
T003094,2026-07-02,R01,B001,6,3,0,0,Clear,0.301,16.0,50.8,12.0,Completed
T003095,2026-07-02,R01,B003,8,3,0,0,Clear,0.767,60.0,50.8,7.2,Completed
T003096,2026-07-02,R01,B004,9,3,0,0,Clear,0.753,0.0,50.8,,Cancelled
T003097,2026-07-02,R01,B002,12,3,0,0,Clear,0.35,29.0,50.8,4.8,Completed
T003098,2026-07-02,R01,B002,13,3,0,0,Clear,0.336,34.0,50.8,4.9,Completed
T003099,2026-07-02,R01,B001,14,3,0,0,Clear,0.313,28.0,50.8,7.9,Completed
T003100,2026-07-02,R01,B001,17,3,0,0,Clear,0.81,50.0,50.8,11.3,Completed
T003101,2026-07-02,R01,B001,18,3,0,0,Clear,0.754,50.0,50.8,13.0,Completed
T003102,2026-07-02,R01,B003,19,3,0,0,Clear,0.296,50.0,50.8,6.5,Completed
T003103,2026-07-02,R01,B002,21,3,0,0,Clear,0.35,17.0,50.8,8.1,Completed
T003104,2026-07-02,R02,B007,5,3,0,0,Clear,0.272,10.0,36.4,5.6,Completed
T003105,2026-07-02,R02,B006,8,3,0,0,Clear,0.778,49.0,36.4,14.4,Completed
T003106,2026-07-02,R02,B008,9,3,0,0,Clear,0.822,0.0,36.4,,Cancelled
T003107,2026-07-02,R02,B007,11,3,0,0,Clear,0.343,29.0,36.4,4.0,Completed
T003108,2026-07-02,R02,B006,12,3,0,0,Clear,,29.0,36.4,7.9,Completed
T003109,2026-07-02,R02,B007,13,3,0,0,Clear,0.287,21.0,36.4,4.1,Completed
T003110,2026-07-02,R02,B006,17,3,0,0,Clear,0.781,42.0,36.4,12.8,Completed
T003111,2026-07-02,R02,B005,18,3,0,0,Clear,0.807,35.0,36.4,10.0,Completed
T003112,2026-07-02,R03,B010,6,3,0,0,Clear,0.296,16.0,58.8,10.2,Completed
T003113,2026-07-02,R03,B012,8,3,0,0,Clear,0.754,54.0,58.8,9.0,Completed
T003114,2026-07-02,R03,B009,9,3,0,0,Clear,0.767,40.0,58.8,17.3,Completed
T003115,2026-07-02,R03,B009,12,3,0,0,Clear,0.307,17.0,58.8,6.3,Completed
T003116,2026-07-02,R03,B011,17,3,0,0,Clear,0.82,44.0,58.8,13.6,Completed
T003117,2026-07-02,R03,B009,18,3,0,0,Clear,0.751,40.0,58.8,17.9,Completed
T003118,2026-07-02,R03,B009,19,3,0,0,Clear,0.256,27.0,58.8,9.6,Completed
T003119,2026-07-02,R03,B010,20,3,0,0,Clear,0.285,20.0,58.8,1.4,Completed
T003120,2026-07-02,R04,B013,6,3,0,0,Clear,0.346,15.0,28.4,11.4,Completed
T003121,2026-07-02,R04,B013,8,3,0,0,Clear,0.774,48.0,28.4,13.4,Completed
T003122,2026-07-02,R04,B014,9,3,0,0,Clear,0.812,40.0,28.4,12.4,Completed
T003123,2026-07-02,R04,B013,10,3,0,0,Clear,0.31,25.0,28.4,4.6,Completed
T003124,2026-07-02,R04,B016,13,3,0,0,Clear,0.271,13.0,28.4,4.2,Completed
T003125,2026-07-02,R04,B015,16,3,0,0,Clear,0.253,28.0,28.4,13.0,Completed
T003126,2026-07-02,R04,B014,17,3,0,0,Clear,0.762,43.0,28.4,14.0,Completed
T003127,2026-07-02,R04,B016,18,3,0,0,Clear,,35.0,28.4,15.2,Completed
T003128,2026-07-02,R04,B016,19,3,0,0,Clear,0.283,22.0,28.4,5.1,Completed
T003129,2026-07-02,R05,B020,5,3,0,0,Clear,0.251,8.0,44.4,0.7,Completed
T003130,2026-07-02,R05,B019,8,3,0,0,Clear,0.78,39.0,44.4,7.7,Completed
T003131,2026-07-02,R05,B020,9,3,0,0,Clear,0.84,42.0,44.4,15.7,Completed
T003132,2026-07-02,R05,B017,10,3,0,0,Clear,0.258,18.0,44.4,5.2,Completed
T003133,2026-07-02,R05,B018,12,3,0,0,Clear,0.274,14.0,44.4,0.6,Completed
T003134,2026-07-02,R05,B017,13,3,0,0,Clear,0.32,18.0,44.4,6.7,Completed
T003135,2026-07-02,R05,B018,16,3,0,0,Clear,0.313,20.0,44.4,4.5,Completed
T003136,2026-07-02,R05,B017,17,3,0,0,Clear,0.828,25.0,44.4,13.4,Completed
T003137,2026-07-02,R05,B019,18,3,0,0,Clear,0.779,35.0,44.4,17.2,Completed
T003138,2026-07-02,R05,B018,20,3,0,0,Clear,0.315,14.0,44.4,7.6,Completed
T003139,2026-07-02,R05,B019,21,3,0,0,Clear,0.343,14.0,44.4,7.4,Completed
T003140,2026-07-02,R06,B023,6,3,0,0,Clear,0.348,16.0,41.2,4.2,Completed
T003141,2026-07-02,R06,B023,7,3,0,0,Clear,0.322,,41.2,7.3,Completed
T003142,2026-07-02,R06,B024,8,3,0,0,Clear,0.835,50.0,41.2,14.6,Completed
T003143,2026-07-02,R06,B024,9,3,0,0,Clear,0.777,43.0,41.2,9.8,Completed
T003144,2026-07-02,R06,B022,10,3,0,0,Clear,0.336,37.0,41.2,-1.1,Completed
T003145,2026-07-02,R06,B023,11,3,0,0,Clear,0.289,18.0,41.2,6.6,Completed
T003146,2026-07-02,R06,B024,13,3,0,0,Clear,0.345,27.0,41.2,4.5,Completed
T003147,2026-07-02,R06,B021,17,3,0,0,Clear,0.76,43.0,41.2,14.4,Completed
T003148,2026-07-02,R06,B023,18,3,0,0,Clear,0.804,48.0,41.2,14.9,Completed
T003149,2026-07-02,R06,B024,19,3,0,0,Clear,0.317,35.0,41.2,6.4,Completed
T003150,2026-07-02,R07,B027,5,3,0,0,Clear,0.304,4.0,33.2,12.6,Completed
T003151,2026-07-02,R07,B026,6,3,0,0,Clear,0.284,8.0,33.2,4.3,Completed
T003152,2026-07-02,R07,B028,7,3,0,0,Clear,0.332,14.0,33.2,5.1,Completed
T003153,2026-07-02,R07,B028,8,3,0,0,Clear,0.757,17.0,33.2,16.4,Completed
T003154,2026-07-02,R07,B027,9,3,0,0,Clear,0.812,35.0,33.2,13.1,Completed
T003155,2026-07-02,R07,B025,10,3,0,0,Clear,0.302,22.0,33.2,7.0,Completed
T003156,2026-07-02,R07,B025,11,3,0,0,Clear,0.26,12.0,33.2,6.8,Completed
T003157,2026-07-02,R07,B027,12,3,0,0,Clear,0.262,14.0,33.2,4.9,Completed
T003158,2026-07-02,R07,B028,13,3,0,0,Clear,0.284,13.0,33.2,1.9,Completed
T003159,2026-07-02,R07,B027,15,3,0,0,Clear,0.322,18.0,33.2,4.8,Completed
T003160,2026-07-02,R07,B026,17,3,0,0,Clear,0.768,28.0,33.2,16.8,Completed
T003161,2026-07-02,R07,B027,18,3,0,0,Clear,0.75,31.0,33.2,8.8,Completed
T003162,2026-07-02,R07,B028,19,3,0,0,Clear,0.341,16.0,33.2,4.9,Completed
T003163,2026-07-02,R07,B028,20,3,0,0,Clear,0.321,11.0,33.2,4.3,Completed
T003164,2026-07-02,R07,B026,21,3,0,0,Clear,0.302,6.0,33.2,8.8,Completed
T003165,2026-07-02,R08,B030,5,3,0,0,Clear,0.294,7.0,26.8,8.5,Completed
T003166,2026-07-02,R08,B031,7,3,0,0,Clear,0.331,19.0,26.8,1.4,Completed
T003167,2026-07-02,R08,B032,8,3,0,0,Clear,0.85,39.0,26.8,8.2,Completed
T003168,2026-07-02,R08,B031,9,3,0,0,Clear,0.809,38.0,26.8,13.8,Completed
T003169,2026-07-02,R08,B032,10,3,0,0,Clear,0.286,26.0,26.8,6.4,Completed
T003170,2026-07-02,R08,B030,13,3,0,0,Clear,0.338,0.0,26.8,,Cancelled
T003171,2026-07-02,R08,B032,14,3,0,0,Clear,0.283,15.0,26.8,5.4,Completed
T003172,2026-07-02,R08,B031,17,3,0,0,Clear,0.777,20.0,26.8,6.0,Completed
T003173,2026-07-02,R08,B032,18,3,0,0,Clear,0.765,47.0,26.8,12.2,Completed
T003174,2026-07-02,R08,B031,19,3,0,0,Clear,0.286,,26.8,-0.1,Completed
T003175,2026-07-02,R08,B032,21,3,0,0,Clear,0.279,10.0,26.8,4.7,Completed
T003176,2026-07-02,R09,B034,5,3,0,0,Clear,0.34,5.0,63.6,8.5,Completed
T003177,2026-07-02,R09,B034,6,3,0,0,Clear,0.254,9.0,63.6,5.0,Completed
T003178,2026-07-02,R09,B036,7,3,0,0,Clear,0.318,,63.6,9.9,Completed
T003179,2026-07-02,R09,B036,8,3,0,0,Clear,0.785,16.0,63.6,14.1,Completed
T003180,2026-07-02,R09,B035,9,3,0,0,Clear,0.754,29.0,63.6,17.4,Completed
T003181,2026-07-02,R09,B034,10,3,0,0,Clear,0.273,16.0,63.6,8.7,Completed
T003182,2026-07-02,R09,B035,14,3,0,0,Clear,0.299,12.0,63.6,5.8,Completed
T003183,2026-07-02,R09,B036,15,3,0,0,Clear,0.279,8.0,63.6,8.7,Completed
T003184,2026-07-02,R09,B036,16,3,0,0,Clear,0.343,,63.6,9.6,Completed
T003185,2026-07-02,R09,B033,17,3,0,0,Clear,0.819,24.0,63.6,12.4,Completed
T003186,2026-07-02,R09,B034,18,3,0,0,Clear,0.819,25.0,63.6,21.4,Completed
T003187,2026-07-02,R09,B035,20,3,0,0,Clear,0.283,12.0,63.6,10.2,Completed
T003188,2026-07-02,R09,B033,21,3,0,0,Clear,0.307,7.0,63.6,2.6,Completed
T003189,2026-07-02,R10,B037,5,3,0,0,Clear,0.333,5.0,38.0,-1.0,Completed
T003190,2026-07-02,R10,B038,8,3,0,0,Clear,0.777,28.0,38.0,10.9,Completed
T003191,2026-07-02,R10,B039,9,3,0,0,Clear,0.824,25.0,38.0,8.6,Completed
T003192,2026-07-02,R10,B037,10,3,0,0,Clear,0.29,23.0,38.0,10.1,Completed
T003193,2026-07-02,R10,B039,11,3,0,0,Clear,0.262,12.0,38.0,7.2,Completed
T003194,2026-07-02,R10,B039,15,3,0,0,Clear,0.326,14.0,38.0,8.5,Completed
T003195,2026-07-02,R10,B037,17,3,0,0,Clear,0.846,24.0,38.0,8.6,Completed
T003196,2026-07-02,R10,B037,18,3,0,0,Clear,0.83,21.0,38.0,13.9,Completed
T003197,2026-07-02,R10,B038,19,3,0,0,Clear,0.338,20.0,38.0,7.1,Completed
T003198,2026-07-03,R01,B003,7,4,0,0,Rain,0.458,37.0,50.8,5.1,Completed
T003199,2026-07-03,R01,B004,8,4,0,0,Rain,0.954,36.0,50.8,22.0,Completed
T003200,2026-07-03,R01,B004,9,4,0,0,Rain,0.962,44.0,50.8,22.3,Completed
T003201,2026-07-03,R01,B001,11,4,0,0,Rain,0.491,25.0,50.8,14.3,Completed
T003202,2026-07-03,R01,B003,12,4,0,0,Rain,0.499,23.0,50.8,15.8,Completed
T003203,2026-07-03,R01,B001,14,4,0,0,Rain,0.439,27.0,50.8,13.9,Completed
T003204,2026-07-03,R01,B004,15,4,0,0,Rain,0.43,23.0,50.8,18.3,Completed
T003205,2026-07-03,R01,B002,16,4,0,0,Rain,0.461,23.0,50.8,16.4,Completed
T003206,2026-07-03,R01,B004,17,4,0,0,Rain,0.953,50.0,50.8,17.7,Completed
T003207,2026-07-03,R01,B001,18,4,0,0,Rain,0.973,39.0,50.8,17.7,Completed
T003208,2026-07-03,R02,B008,5,4,0,0,Rain,0.417,8.0,36.4,15.7,Completed
T003209,2026-07-03,R02,B007,8,4,0,0,Rain,0.979,28.0,36.4,15.7,Completed
T003210,2026-07-03,R02,B006,9,4,0,0,Rain,0.908,45.0,36.4,14.8,Completed
T003211,2026-07-03,R02,B006,10,4,0,0,Rain,0.471,30.0,36.4,10.0,Completed
T003212,2026-07-03,R02,B006,15,4,0,0,Rain,0.454,21.0,36.4,14.5,Completed
T003213,2026-07-03,R02,B005,17,4,0,0,Rain,0.98,29.0,36.4,20.9,Completed
T003214,2026-07-03,R02,B007,18,4,0,0,Rain,0.908,42.0,36.4,15.6,Completed
T003215,2026-07-03,R02,B008,19,4,0,0,Rain,0.5,26.0,36.4,9.7,Completed
T003216,2026-07-03,R02,B007,21,4,0,0,Rain,0.459,11.0,36.4,13.7,Completed
T003217,2026-07-03,R03,B012,8,4,0,0,Rain,0.938,38.0,58.8,21.7,Completed
T003218,2026-07-03,R03,B009,9,4,0,0,Rain,0.916,33.0,58.8,14.6,Completed
T003219,2026-07-03,R03,B010,11,4,0,0,Rain,0.482,15.0,58.8,16.2,Completed
T003220,2026-07-03,R03,B010,12,4,0,0,Rain,0.422,23.0,58.8,13.5,Completed
T003221,2026-07-03,R03,B012,13,4,0,0,Rain,0.451,29.0,58.8,12.1,Completed
T003222,2026-07-03,R03,B011,15,4,0,0,Rain,0.425,26.0,58.8,13.1,Completed
T003223,2026-07-03,R03,B009,16,4,0,0,Rain,0.407,28.0,58.8,19.4,Completed
T003224,2026-07-03,R03,B012,17,4,0,0,Rain,0.906,41.0,58.8,20.9,Completed
T003225,2026-07-03,R03,B012,18,4,0,0,Rain,0.902,58.0,58.8,20.5,Completed
T003226,2026-07-03,R03,B011,20,4,0,0,Rain,0.412,16.0,58.8,14.4,Completed
T003227,2026-07-03,R03,B012,21,4,0,0,Rain,0.422,16.0,58.8,11.5,Completed
T003228,2026-07-03,R04,B016,5,4,0,0,Rain,0.478,5.0,28.4,14.1,Completed
T003229,2026-07-03,R04,B016,6,4,0,0,Rain,0.485,13.0,28.4,8.1,Completed
T003230,2026-07-03,R04,B015,8,4,0,0,Rain,0.953,28.0,28.4,20.4,Completed
T003231,2026-07-03,R04,B013,9,4,0,0,Rain,1.0,35.0,28.4,21.4,Completed
T003232,2026-07-03,R04,B015,12,4,0,0,Rain,0.404,12.0,28.4,14.2,Completed
T003233,2026-07-03,R04,B013,13,4,0,0,Rain,0.468,17.0,28.4,13.7,Completed
T003234,2026-07-03,R04,B013,15,4,0,0,Rain,0.425,21.0,28.4,14.5,Completed
T003235,2026-07-03,R04,B015,17,4,0,0,Rain,0.951,29.0,28.4,23.1,Completed
T003236,2026-07-03,R04,B016,18,4,0,0,Rain,0.98,0.0,28.4,,Cancelled
T003237,2026-07-03,R04,B015,20,4,0,0,Rain,0.489,14.0,28.4,240.0,Completed
T003238,2026-07-03,R04,B014,21,4,0,0,Rain,0.438,11.0,28.4,10.6,Completed
T003239,2026-07-03,R05,B019,8,4,0,0,Rain,0.921,23.0,44.4,24.6,Completed
T003240,2026-07-03,R05,B019,9,4,0,0,Rain,0.907,31.0,44.4,19.2,Completed
T003241,2026-07-03,R05,B018,10,4,0,0,Rain,0.478,12.0,44.4,14.2,Completed
T003242,2026-07-03,R05,B020,11,4,0,0,Rain,0.407,19.0,44.4,13.0,Completed
T003243,2026-07-03,R05,B018,12,4,0,0,Rain,0.474,10.0,44.4,12.0,Completed
T003244,2026-07-03,R05,B019,13,4,0,0,Rain,0.495,21.0,44.4,15.6,Completed
T003245,2026-07-03,R05,B017,16,4,0,0,Rain,0.498,25.0,44.4,9.0,Completed
T003246,2026-07-03,R05,B020,17,4,0,0,Rain,0.958,20.0,44.4,19.3,Completed
T003247,2026-07-03,R05,B017,18,4,0,0,Rain,0.974,32.0,44.4,16.8,Completed
T003248,2026-07-03,R05,B017,21,4,0,0,Rain,0.478,11.0,44.4,12.6,Completed
T003249,2026-07-03,R06,B023,5,4,0,0,Rain,0.419,8.0,41.2,16.4,Completed
T003250,2026-07-03,R06,B021,6,4,0,0,Rain,0.415,11.0,41.2,16.2,Completed
T003251,2026-07-03,R06,B021,7,4,0,0,Rain,0.416,26.0,41.2,16.9,Completed
T003252,2026-07-03,R06,B023,8,4,0,0,Rain,0.9,40.0,41.2,22.0,Completed
T003253,2026-07-03,R06,B021,9,4,0,0,Rain,0.939,43.0,41.2,22.4,Completed
T003254,2026-07-03,R06,B024,16,4,0,0,Rain,0.411,34.0,41.2,8.3,Completed
T003255,2026-07-03,R06,B024,17,4,0,0,Rain,1.0,29.0,41.2,16.2,Completed
T003256,2026-07-03,R06,B024,18,4,0,0,Rain,0.964,38.0,41.2,22.3,Completed
T003257,2026-07-03,R06,B021,20,4,0,0,Rain,0.483,16.0,41.2,19.2,Completed
T003258,2026-07-03,R07,B025,5,4,0,0,Rain,0.465,5.0,33.2,9.2,Completed
T003259,2026-07-03,R07,B028,7,4,0,0,Rain,0.436,13.0,33.2,9.3,Completed
T003260,2026-07-03,R07,B025,8,4,0,0,Rain,0.913,21.0,33.2,19.1,Completed
T003261,2026-07-03,R07,B025,9,4,0,0,Rain,0.916,0.0,33.2,,Cancelled
T003262,2026-07-03,R07,B025,14,4,0,0,Rain,0.458,10.0,33.2,20.1,Completed
T003263,2026-07-03,R07,B027,16,4,0,0,Rain,0.493,17.0,33.2,14.5,Completed
T003264,2026-07-03,R07,B028,17,4,0,0,Rain,0.926,17.0,33.2,21.1,Completed
T003265,2026-07-03,R07,B026,18,4,0,0,Rain,0.929,19.0,33.2,14.6,Completed
T003266,2026-07-03,R07,B025,20,4,0,0,Rain,0.45,12.0,33.2,18.2,Completed
T003267,2026-07-03,R07,B025,21,4,0,0,Rain,0.454,7.0,33.2,16.7,Completed
T003268,2026-07-03,R08,B029,5,4,0,0,Rain,0.434,4.0,26.8,12.6,Completed
T003269,2026-07-03,R08,B032,7,4,0,0,Rain,0.418,20.0,26.8,10.8,Completed
T003270,2026-07-03,R08,B030,8,4,0,0,Rain,0.953,27.0,26.8,13.1,Completed
T003271,2026-07-03,R08,B032,9,4,0,0,Rain,0.953,33.0,26.8,21.3,Completed
T003272,2026-07-03,R08,B032,10,4,0,0,Rain,0.451,31.0,26.8,11.7,Completed
T003273,2026-07-03,R08,B030,12,4,0,0,Rain,0.433,16.0,26.8,17.1,Completed
T003274,2026-07-03,R08,B030,13,4,0,0,Rain,0.499,17.0,26.8,9.6,Completed
T003275,2026-07-03,R08,B030,14,4,0,0,Rain,0.499,13.0,26.8,13.9,Completed
T003276,2026-07-03,R08,B029,15,4,0,0,Rain,0.464,9.0,26.8,10.1,Completed
T003277,2026-07-03,R08,B032,16,4,0,0,Rain,0.478,20.0,26.8,16.1,Completed
T003278,2026-07-03,R08,B029,17,4,0,0,Rain,0.962,20.0,26.8,13.4,Completed
T003279,2026-07-03,R08,B031,18,4,0,0,Rain,0.967,33.0,26.8,17.6,Completed
T003280,2026-07-03,R08,B032,19,4,0,0,Rain,0.467,21.0,26.8,14.0,Completed
T003281,2026-07-03,R08,B029,20,4,0,0,Rain,0.484,10.0,26.8,7.1,Completed
T003282,2026-07-03,R08,B030,21,4,0,0,Rain,0.487,7.0,26.8,9.5,Completed
T003283,2026-07-03,R09,B036,5,4,0,0,Rain,0.441,0.0,63.6,,Cancelled
T003284,2026-07-03,R09,B035,8,4,0,0,Rain,0.903,19.0,63.6,20.3,Completed
T003285,2026-07-03,R09,B035,9,4,0,0,Rain,0.948,20.0,63.6,19.7,Completed
T003286,2026-07-03,R09,B035,10,4,0,0,Rain,0.466,16.0,63.6,16.7,Completed
T003287,2026-07-03,R09,B034,13,4,0,0,Rain,0.418,12.0,63.6,10.9,Completed
T003288,2026-07-03,R09,B034,16,4,0,0,Rain,0.453,11.0,63.6,12.1,Completed
T003289,2026-07-03,R09,B033,17,4,0,0,Rain,0.932,21.0,63.6,17.7,Completed
T003290,2026-07-03,R09,B034,18,4,0,0,Rain,0.99,21.0,63.6,17.8,Completed
T003291,2026-07-03,R09,B033,19,4,0,0,Rain,0.483,12.0,63.6,19.2,Completed
T003292,2026-07-03,R10,B037,5,4,0,0,Rain,0.477,4.0,38.0,7.0,Completed
T003293,2026-07-03,R10,B040,7,4,0,0,Rain,0.468,17.0,38.0,6.3,Completed
T003294,2026-07-03,R10,B037,8,4,0,0,Rain,0.926,20.0,38.0,10.3,Completed
T003295,2026-07-03,R10,B037,9,4,0,0,Rain,0.957,21.0,38.0,15.8,Completed
T003296,2026-07-03,R10,B037,11,4,0,0,Rain,0.45,10.0,38.0,7.7,Completed
T003297,2026-07-03,R10,B039,12,4,0,0,Rain,0.475,14.0,38.0,17.7,Completed
T003298,2026-07-03,R10,B038,13,4,0,0,Rain,0.417,13.0,38.0,8.0,Completed
T003299,2026-07-03,R10,B039,15,4,0,0,Rain,0.48,10.0,38.0,14.1,Completed
T003300,2026-07-03,R10,B038,17,4,0,0,Rain,0.96,29.0,38.0,16.9,Completed
T003301,2026-07-03,R10,B037,18,4,0,0,Rain,0.936,23.0,38.0,18.4,Completed
T003302,2026-07-04,R01,B003,5,5,1,0,Rain,0.339,6.0,50.8,10.4,Completed
T003303,2026-07-04,R01,B001,7,5,1,0,Rain,0.291,22.0,50.8,13.2,Completed
T003304,2026-07-04,R01,B002,8,5,1,0,Rain,0.788,28.0,50.8,17.7,Completed
T003305,2026-07-04,R01,B003,9,5,1,0,Rain,0.8,43.0,50.8,12.0,Completed
T003306,2026-07-04,R01,B004,12,5,1,0,Rain,0.261,0.0,50.8,,Cancelled
T003307,2026-07-04,R01,B003,14,5,1,0,Rain,0.284,16.0,50.8,5.0,Completed
T003308,2026-07-04,R01,B003,15,5,1,0,Rain,0.34,22.0,50.8,10.8,Completed
T003309,2026-07-04,R01,B004,17,5,1,0,Rain,0.83,30.0,50.8,17.3,Completed
T003310,2026-07-04,R01,B004,18,5,1,0,Rain,0.786,34.0,50.8,20.8,Completed
T003311,2026-07-04,R01,B001,20,5,1,0,Rain,0.299,16.0,50.8,15.1,Completed
T003312,2026-07-04,R01,B002,21,5,1,0,Rain,0.303,8.0,50.8,15.1,Completed
T003313,2026-07-04,R02,B006,7,5,1,0,Rain,0.337,0.0,36.4,,Cancelled
T003314,2026-07-04,R02,B006,8,5,1,0,Rain,0.829,28.0,36.4,15.1,Completed
T003315,2026-07-04,R02,B005,9,5,1,0,Rain,0.769,0.0,36.4,,Cancelled
T003316,2026-07-04,R02,B008,10,5,1,0,Rain,0.313,17.0,36.4,6.6,Completed
T003317,2026-07-04,R02,B008,13,5,1,0,Rain,0.339,15.0,36.4,10.6,Completed
T003318,2026-07-04,R02,B007,14,5,1,0,Rain,0.348,15.0,36.4,9.5,Completed
T003319,2026-07-04,R02,B006,15,5,1,0,Rain,0.345,17.0,36.4,11.4,Completed
T003320,2026-07-04,R02,B007,17,5,1,0,Rain,0.755,19.0,36.4,12.6,Completed
T003321,2026-07-04,R02,B008,18,5,1,0,Rain,0.777,27.0,36.4,13.9,Completed
T003322,2026-07-04,R02,B008,20,5,1,0,Rain,0.279,12.0,36.4,5.3,Completed
T003323,2026-07-04,R02,B007,21,5,1,0,Rain,0.31,6.0,36.4,9.8,Completed
T003324,2026-07-04,R03,B012,5,5,1,0,Rain,0.3,7.0,58.8,19.3,Completed
T003325,2026-07-04,R03,B010,7,5,1,0,Rain,0.298,18.0,58.8,14.0,Completed
T003326,2026-07-04,R03,B009,8,5,1,0,Rain,0.787,,58.8,23.1,Completed
T003327,2026-07-04,R03,B009,9,5,1,0,Rain,0.761,29.0,58.8,17.4,Completed
T003328,2026-07-04,R03,B012,10,5,1,0,Rain,0.316,25.0,58.8,12.7,Completed
T003329,2026-07-04,R03,B010,13,5,1,0,Rain,0.329,19.0,58.8,15.4,Completed
T003330,2026-07-04,R03,B012,14,5,1,0,Rain,0.325,20.0,58.8,10.4,Completed
T003331,2026-07-04,R03,B011,16,5,1,0,Rain,0.28,15.0,58.8,2.8,Completed
T003332,2026-07-04,R03,B009,17,5,1,0,Rain,0.85,21.0,58.8,21.7,Completed
T003333,2026-07-04,R03,B009,18,5,1,0,Rain,0.825,26.0,58.8,19.3,Completed
T003334,2026-07-04,R03,B012,19,5,1,0,Rain,0.257,22.0,58.8,12.3,Completed
T003335,2026-07-04,R03,B012,20,5,1,0,Rain,0.325,16.0,58.8,9.6,Completed
T003336,2026-07-04,R04,B014,5,5,1,0,Rain,0.327,5.0,28.4,6.0,Completed
T003337,2026-07-04,R04,B013,8,5,1,0,Rain,0.772,0.0,28.4,,Cancelled
T003338,2026-07-04,R04,B014,9,5,1,0,Rain,0.778,25.0,28.4,11.5,Completed
T003339,2026-07-04,R04,B013,12,5,1,0,Rain,0.286,13.0,28.4,10.8,Completed
T003340,2026-07-04,R04,B016,14,5,1,0,Rain,0.256,400.0,28.4,6.2,Completed
T003341,2026-07-04,R04,B013,17,5,1,0,Rain,0.826,21.0,28.4,18.8,Completed
T003342,2026-07-04,R04,B015,18,5,1,0,Rain,0.815,27.0,28.4,16.5,Completed
T003343,2026-07-04,R04,B016,19,5,1,0,Rain,0.34,11.0,28.4,9.6,Completed
T003344,2026-07-04,R04,B013,20,5,1,0,Rain,0.259,8.0,28.4,7.3,Completed
T003345,2026-07-04,R04,B014,21,5,1,0,Rain,0.292,9.0,28.4,11.1,Completed
T003346,2026-07-04,R05,B019,6,5,1,0,Rain,0.295,8.0,44.4,8.9,Completed
T003347,2026-07-04,R05,B017,8,5,1,0,Rain,0.772,15.0,44.4,16.6,Completed
T003348,2026-07-04,R05,B018,9,5,1,0,Rain,0.751,17.0,44.4,15.7,Completed
T003349,2026-07-04,R05,B020,10,5,1,0,Rain,0.325,0.0,44.4,,Cancelled
T003350,2026-07-04,R05,B017,11,5,1,0,Rain,0.293,9.0,44.4,2.3,Completed
T003351,2026-07-04,R05,B019,14,5,1,0,Rain,0.347,14.0,44.4,9.5,Completed
T003352,2026-07-04,R05,B020,16,5,1,0,Rain,0.259,10.0,44.4,14.6,Completed
T003353,2026-07-04,R05,B018,17,5,1,0,Rain,0.848,17.0,44.4,11.5,Completed
T003354,2026-07-04,R05,B020,18,5,1,0,Rain,0.776,23.0,44.4,9.1,Completed
T003355,2026-07-04,R06,B023,8,5,1,0,Rain,0.825,25.0,41.2,14.5,Completed
T003356,2026-07-04,R06,B024,9,5,1,0,Rain,0.839,28.0,41.2,16.7,Completed
T003357,2026-07-04,R06,B021,10,5,1,0,Rain,0.332,13.0,41.2,12.4,Completed
T003358,2026-07-04,R06,B024,14,5,1,0,Rain,0.335,16.0,41.2,8.4,Completed
T003359,2026-07-04,R06,B021,15,5,1,0,Rain,0.296,9.0,41.2,15.3,Completed
T003360,2026-07-04,R06,B024,16,5,1,0,Rain,0.313,18.0,41.2,8.3,Completed
T003361,2026-07-04,R06,B021,17,5,1,0,Rain,0.843,23.0,41.2,14.6,Completed
T003362,2026-07-04,R06,B023,18,5,1,0,Rain,0.819,0.0,41.2,,Cancelled
T003363,2026-07-04,R06,B023,19,5,1,0,Rain,0.323,13.0,41.2,10.7,Completed
T003364,2026-07-04,R07,B026,7,5,1,0,Rain,0.258,0.0,33.2,,Cancelled
T003365,2026-07-04,R07,B025,8,5,1,0,Rain,0.763,19.0,33.2,13.2,Completed
T003366,2026-07-04,R07,B028,9,5,1,0,Rain,0.787,9.0,33.2,16.8,Completed
T003367,2026-07-04,R07,B028,11,5,1,0,Rain,0.269,6.0,33.2,11.8,Completed
T003368,2026-07-04,R07,B027,12,5,1,0,Rain,0.276,9.0,33.2,14.6,Completed
T003369,2026-07-04,R07,B027,13,5,1,0,Rain,0.29,0.0,33.2,,Cancelled
T003370,2026-07-04,R07,B025,14,5,1,0,Rain,0.284,8.0,33.2,16.0,Completed
T003371,2026-07-04,R07,B025,17,5,1,0,Rain,0.781,18.0,33.2,18.8,Completed
T003372,2026-07-04,R07,B025,18,5,1,0,Rain,0.782,,33.2,14.4,Completed
T003373,2026-07-04,R07,B028,21,5,1,0,Rain,0.299,4.0,33.2,13.6,Completed
T003374,2026-07-04,R08,B032,6,5,1,0,Rain,0.304,8.0,26.8,9.7,Completed
T003375,2026-07-04,R08,B032,8,5,1,0,Rain,0.813,25.0,26.8,15.9,Completed
T003376,2026-07-04,R08,B032,9,5,1,0,Rain,0.78,32.0,26.8,17.5,Completed
T003377,2026-07-04,R08,B031,10,5,1,0,Rain,0.271,15.0,26.8,7.1,Completed
T003378,2026-07-04,R08,B031,12,5,1,0,Rain,0.338,9.0,26.8,8.3,Completed
T003379,2026-07-04,R08,B031,13,5,1,0,Rain,0.299,10.0,26.8,6.8,Completed
T003380,2026-07-04,R08,B029,15,5,1,0,Rain,0.269,7.0,26.8,11.0,Completed
T003381,2026-07-04,R08,B030,16,5,1,0,Rain,0.288,14.0,26.8,12.5,Completed
T003382,2026-07-04,R08,B031,17,5,1,0,Rain,0.838,18.0,26.8,12.9,Completed
T003383,2026-07-04,R08,B030,18,5,1,0,Rain,0.77,19.0,26.8,18.6,Completed
T003384,2026-07-04,R08,B032,20,5,1,0,Rain,0.343,11.0,26.8,6.7,Completed
T003385,2026-07-04,R08,B029,21,5,1,0,Rain,0.312,4.0,26.8,8.7,Completed
T003386,2026-07-04,R09,B035,5,5,1,0,Rain,0.257,3.0,63.6,12.7,Completed
T003387,2026-07-04,R09,B034,6,5,1,0,Rain,0.314,4.0,63.6,3.7,Completed
T003388,2026-07-04,R09,B034,8,5,1,0,Rain,0.805,12.0,63.6,14.4,Completed
T003389,2026-07-04,R09,B034,9,5,1,0,Rain,0.849,17.0,63.6,21.3,Completed
T003390,2026-07-04,R09,B033,10,5,1,0,Rain,0.276,11.0,63.6,8.1,Completed
T003391,2026-07-04,R09,B033,11,5,1,0,Rain,0.267,7.0,63.6,12.0,Completed
T003392,2026-07-04,R09,B035,17,5,1,0,Rain,0.756,15.0,63.6,20.3,Completed
T003393,2026-07-04,R09,B033,18,5,1,0,Rain,0.755,15.0,63.6,14.3,Completed
T003394,2026-07-04,R09,B033,20,5,1,0,Rain,0.328,6.0,63.6,11.7,Completed
T003395,2026-07-04,R09,B036,21,5,1,0,Rain,0.329,3.0,63.6,14.0,Completed
T003396,2026-07-04,R10,B039,5,5,1,0,Rain,0.272,3.0,38.0,12.2,Completed
T003397,2026-07-04,R10,B038,7,5,1,0,Rain,0.259,8.0,38.0,2.7,Completed
T003398,2026-07-04,R10,B038,8,5,1,0,Rain,0.789,14.0,38.0,9.3,Completed
T003399,2026-07-04,R10,B039,9,5,1,0,Rain,0.754,15.0,38.0,13.2,Completed
T003400,2026-07-04,R10,B039,10,5,1,0,Rain,0.337,9.0,38.0,5.3,Completed
T003401,2026-07-04,R10,B040,14,5,1,0,Rain,0.343,11.0,38.0,7.4,Completed
T003402,2026-07-04,R10,B037,15,5,1,0,Rain,0.259,10.0,38.0,8.7,Completed
T003403,2026-07-04,R10,B040,16,5,1,0,Rain,0.27,13.0,38.0,0.6,Completed
T003404,2026-07-04,R10,B040,17,5,1,0,Rain,0.788,16.0,38.0,11.9,Completed
T003405,2026-07-04,R10,B040,18,5,1,0,Rain,,18.0,38.0,16.5,Completed
T003406,2026-07-04,R10,B039,21,5,1,0,Rain,0.313,4.0,38.0,12.1,Completed
T003407,2026-07-05,R01,B002,6,6,1,0,Heat,0.191,14.0,50.8,9.2,Completed
T003408,2026-07-05,R01,B001,8,6,1,0,Heat,0.652,30.0,50.8,13.9,Completed
T003409,2026-07-05,R01,B002,9,6,1,0,Heat,0.61,49.0,50.8,10.3,Completed
T003410,2026-07-05,R01,B002,10,6,1,0,Heat,0.188,22.0,50.8,2.8,Completed
T003411,2026-07-05,R01,B001,11,6,1,0,Heat,0.177,400.0,50.8,6.5,Completed
T003412,2026-07-05,R01,B004,12,6,1,0,Heat,0.199,19.0,50.8,4.7,Completed
T003413,2026-07-05,R01,B004,13,6,1,0,Heat,0.176,15.0,50.8,12.1,Completed
T003414,2026-07-05,R01,B001,14,6,1,0,Heat,0.146,15.0,50.8,9.1,Completed
T003415,2026-07-05,R01,B001,17,6,1,0,Heat,0.631,30.0,50.8,7.0,Completed
T003416,2026-07-05,R01,B001,18,6,1,0,Heat,0.657,32.0,50.8,14.2,Completed
T003417,2026-07-05,R01,B003,19,6,1,0,Heat,0.197,28.0,50.8,2.1,Completed
T003418,2026-07-05,R02,B005,5,6,1,0,Heat,0.122,5.0,36.4,9.5,Completed
T003419,2026-07-05,R02,B008,6,6,1,0,Heat,0.161,8.0,36.4,3.1,Completed
T003420,2026-07-05,R02,B005,7,6,1,0,Heat,0.14,15.0,36.4,4.9,Completed
T003421,2026-07-05,R02,B007,8,6,1,0,Heat,0.648,32.0,36.4,8.7,Completed
T003422,2026-07-05,R02,B008,9,6,1,0,Heat,0.7,400.0,36.4,14.4,Completed
T003423,2026-07-05,R02,B008,12,6,1,0,Heat,0.154,13.0,36.4,2.4,Completed
T003424,2026-07-05,R02,B007,16,6,1,0,Heat,0.157,19.0,36.4,6.7,Completed
T003425,2026-07-05,R02,B005,17,6,1,0,Heat,0.644,19.0,36.4,8.1,Completed
T003426,2026-07-05,R02,B007,18,6,1,0,Heat,0.648,31.0,36.4,10.4,Completed
T003427,2026-07-05,R03,B009,7,6,1,0,Heat,0.178,14.0,58.8,3.8,Completed
T003428,2026-07-05,R03,B009,8,6,1,0,Heat,0.641,24.0,58.8,10.0,Completed
T003429,2026-07-05,R03,B011,9,6,1,0,Heat,0.613,33.0,58.8,5.6,Completed
T003430,2026-07-05,R03,B009,12,6,1,0,Heat,0.189,13.0,58.8,6.0,Completed
T003431,2026-07-05,R03,B011,13,6,1,0,Heat,0.109,21.0,58.8,6.9,Completed
T003432,2026-07-05,R03,B010,15,6,1,0,Heat,0.179,23.0,58.8,5.7,Completed
T003433,2026-07-05,R03,B009,17,6,1,0,Heat,0.646,22.0,58.8,8.6,Completed
T003434,2026-07-05,R03,B011,18,6,1,0,Heat,0.66,22.0,58.8,12.3,Completed
T003435,2026-07-05,R03,B009,19,6,1,0,Heat,0.12,14.0,58.8,5.0,Completed
T003436,2026-07-05,R04,B015,6,6,1,0,Heat,0.11,5.0,28.4,9.9,Completed
T003437,2026-07-05,R04,B013,7,6,1,0,Heat,0.185,19.0,28.4,3.1,Completed
T003438,2026-07-05,R04,B015,8,6,1,0,Heat,0.694,27.0,28.4,12.7,Completed
T003439,2026-07-05,R04,B014,9,6,1,0,Heat,0.649,38.0,28.4,1.9,Completed
T003440,2026-07-05,R04,B014,10,6,1,0,Heat,0.142,22.0,28.4,3.2,Completed
T003441,2026-07-05,R04,B015,14,6,1,0,Heat,0.118,11.0,28.4,4.0,Completed
T003442,2026-07-05,R04,B015,15,6,1,0,Heat,0.135,14.0,28.4,7.2,Completed
T003443,2026-07-05,R04,B014,17,6,1,0,Heat,0.69,29.0,28.4,11.7,Completed
T003444,2026-07-05,R04,B016,18,6,1,0,Heat,0.601,16.0,28.4,10.1,Completed
T003445,2026-07-05,R04,B015,21,6,1,0,Heat,0.11,8.0,28.4,8.0,Completed
T003446,2026-07-05,R05,B020,7,6,1,0,Heat,0.143,12.0,44.4,2.8,Completed
T003447,2026-07-05,R05,B018,8,6,1,0,Heat,0.652,18.0,44.4,11.3,Completed
T003448,2026-07-05,R05,B017,9,6,1,0,Heat,0.65,23.0,44.4,10.8,Completed
T003449,2026-07-05,R05,B017,10,6,1,0,Heat,0.149,16.0,44.4,2.8,Completed
T003450,2026-07-05,R05,B017,11,6,1,0,Heat,0.125,11.0,44.4,4.7,Completed
T003451,2026-07-05,R05,B017,14,6,1,0,Heat,0.199,8.0,44.4,2.8,Completed
T003452,2026-07-05,R05,B017,17,6,1,0,Heat,0.645,18.0,44.4,7.0,Completed
T003453,2026-07-05,R05,B018,18,6,1,0,Heat,0.678,19.0,44.4,7.5,Completed
T003454,2026-07-05,R05,B018,20,6,1,0,Heat,0.194,7.0,44.4,-0.1,Completed
T003455,2026-07-05,R05,B018,21,6,1,0,Heat,0.117,3.0,44.4,2.7,Completed
T003456,2026-07-05,R06,B021,6,6,1,0,Heat,0.173,9.0,41.2,3.6,Completed
T003457,2026-07-05,R06,B024,7,6,1,0,Heat,0.15,18.0,41.2,-0.8,Completed
T003458,2026-07-05,R06,B023,8,6,1,0,Heat,0.678,30.0,41.2,12.2,Completed
T003459,2026-07-05,R06,B022,9,6,1,0,Heat,0.619,17.0,41.2,7.8,Completed
T003460,2026-07-05,R06,B022,16,6,1,0,Heat,0.105,16.0,41.2,5.0,Completed
T003461,2026-07-05,R06,B023,17,6,1,0,Heat,0.649,34.0,41.2,15.2,Completed
T003462,2026-07-05,R06,B021,18,6,1,0,Heat,0.699,29.0,41.2,11.6,Completed
T003463,2026-07-05,R06,B021,19,6,1,0,Heat,0.102,17.0,41.2,-0.6,Completed
T003464,2026-07-05,R06,B024,20,6,1,0,Heat,0.114,14.0,41.2,5.4,Completed
T003465,2026-07-05,R06,B022,21,6,1,0,Heat,0.116,7.0,41.2,4.7,Completed
T003466,2026-07-05,R07,B027,5,6,1,0,Heat,0.121,4.0,33.2,4.3,Completed
T003467,2026-07-05,R07,B025,6,6,1,0,Heat,0.13,8.0,33.2,6.2,Completed
T003468,2026-07-05,R07,B025,8,6,1,0,Heat,0.69,19.0,33.2,10.8,Completed
T003469,2026-07-05,R07,B025,9,6,1,0,Heat,0.674,15.0,33.2,17.7,Completed
T003470,2026-07-05,R07,B027,12,6,1,0,Heat,0.146,9.0,33.2,5.0,Completed
T003471,2026-07-05,R07,B027,15,6,1,0,Heat,0.178,13.0,33.2,4.4,Completed
T003472,2026-07-05,R07,B028,16,6,1,0,Heat,0.119,10.0,33.2,3.9,Completed
T003473,2026-07-05,R07,B028,17,6,1,0,Heat,0.648,13.0,33.2,11.5,Completed
T003474,2026-07-05,R07,B026,18,6,1,0,Heat,0.646,15.0,33.2,11.0,Completed
T003475,2026-07-05,R08,B031,5,6,1,0,Heat,0.127,4.0,26.8,0.3,Completed
T003476,2026-07-05,R08,B030,8,6,1,0,Heat,0.651,22.0,26.8,11.4,Completed
T003477,2026-07-05,R08,B031,9,6,1,0,Heat,0.62,23.0,26.8,10.5,Completed
T003478,2026-07-05,R08,B030,11,6,1,0,Heat,0.16,11.0,26.8,5.9,Completed
T003479,2026-07-05,R08,B032,13,6,1,0,Heat,0.154,11.0,26.8,6.1,Completed
T003480,2026-07-05,R08,B030,15,6,1,0,Heat,0.119,10.0,26.8,6.0,Completed
T003481,2026-07-05,R08,B032,16,6,1,0,Heat,0.172,16.0,26.8,8.6,Completed
T003482,2026-07-05,R08,B030,17,6,1,0,Heat,0.657,18.0,26.8,11.0,Completed
T003483,2026-07-05,R08,B032,18,6,1,0,Heat,0.643,24.0,26.8,8.3,Completed
T003484,2026-07-05,R08,B029,19,6,1,0,Heat,0.117,12.0,26.8,2.6,Completed
T003485,2026-07-05,R09,B034,5,6,1,0,Heat,0.179,3.0,63.6,7.4,Completed
T003486,2026-07-05,R09,B034,8,6,1,0,Heat,0.612,13.0,63.6,11.2,Completed
T003487,2026-07-05,R09,B033,9,6,1,0,Heat,0.634,25.0,63.6,10.8,Completed
T003488,2026-07-05,R09,B036,14,6,1,0,Heat,0.167,5.0,63.6,10.8,Completed
T003489,2026-07-05,R09,B035,17,6,1,0,Heat,0.622,17.0,63.6,11.6,Completed
T003490,2026-07-05,R09,B033,18,6,1,0,Heat,0.646,15.0,63.6,14.7,Completed
T003491,2026-07-05,R09,B036,19,6,1,0,Heat,0.164,9.0,63.6,12.7,Completed
T003492,2026-07-05,R09,B034,20,6,1,0,Heat,0.178,6.0,63.6,8.1,Completed
T003493,2026-07-05,R10,B040,6,6,1,0,Heat,0.189,8.0,38.0,1.4,Completed
T003494,2026-07-05,R10,B038,8,6,1,0,Heat,0.685,20.0,38.0,12.2,Completed
T003495,2026-07-05,R10,B039,9,6,1,0,Heat,0.693,13.0,38.0,7.7,Completed
T003496,2026-07-05,R10,B038,11,6,1,0,Heat,0.195,8.0,38.0,9.3,Completed
T003497,2026-07-05,R10,B039,16,6,1,0,Heat,0.148,10.0,38.0,2.9,Completed
T003498,2026-07-05,R10,B037,17,6,1,0,Heat,0.612,400.0,38.0,12.0,Completed
T003499,2026-07-05,R10,B039,18,6,1,0,Heat,0.684,19.0,38.0,6.6,Completed
T003500,2026-07-05,R10,B039,19,6,1,0,Heat,,10.0,38.0,5.0,Completed
T003501,2026-07-06,R01,B002,5,0,0,0,Clear,0.315,10.0,50.8,11.1,Completed
T003502,2026-07-06,R01,B003,6,0,0,0,Clear,0.279,21.0,50.8,7.4,Completed
T003503,2026-07-06,R01,B002,7,0,0,0,Clear,0.258,29.0,50.8,11.7,Completed
T003504,2026-07-06,R01,B002,8,0,0,0,Clear,0.756,47.0,50.8,10.9,Completed
T003505,2026-07-06,R01,B003,9,0,0,0,Clear,0.754,57.0,50.8,8.7,Completed
T003506,2026-07-06,R01,B003,11,0,0,0,Clear,0.306,38.0,50.8,5.6,Completed
T003507,2026-07-06,R01,B004,17,0,0,0,Clear,0.829,46.0,50.8,12.7,Completed
T003508,2026-07-06,R01,B004,18,0,0,0,Clear,0.76,41.0,50.8,13.4,Completed
T003509,2026-07-06,R01,B001,21,0,0,0,Clear,0.344,17.0,50.8,6.8,Completed
T003510,2026-07-06,R02,B007,5,0,0,0,Clear,0.304,11.0,36.4,8.4,Completed
T003511,2026-07-06,R02,B007,7,0,0,0,Clear,0.282,33.0,36.4,4.2,Completed
T003512,2026-07-06,R02,B006,8,0,0,0,Clear,0.764,40.0,36.4,12.5,Completed
T003513,2026-07-06,R02,B008,9,0,0,0,Clear,0.781,46.0,36.4,9.1,Completed
T003514,2026-07-06,R02,B005,11,0,0,0,Clear,0.341,16.0,36.4,5.8,Completed
T003515,2026-07-06,R02,B005,12,0,0,0,Clear,0.264,17.0,36.4,13.6,Completed
T003516,2026-07-06,R02,B007,13,0,0,0,Clear,0.269,23.0,36.4,8.1,Completed
T003517,2026-07-06,R02,B008,16,0,0,0,Clear,0.318,25.0,36.4,5.8,Completed
T003518,2026-07-06,R02,B005,17,0,0,0,Clear,0.812,34.0,36.4,10.2,Completed
T003519,2026-07-06,R02,B006,18,0,0,0,,0.843,47.0,36.4,13.7,Completed
T003520,2026-07-06,R02,B005,19,0,0,0,Clear,0.32,22.0,36.4,7.8,Completed
T003521,2026-07-06,R02,B008,20,0,0,0,Clear,0.269,18.0,36.4,4.4,Completed
T003522,2026-07-06,R02,B007,21,0,0,0,Clear,0.274,11.0,36.4,5.9,Completed
T003523,2026-07-06,R03,B010,8,0,0,0,Clear,0.822,42.0,58.8,17.2,Completed
T003524,2026-07-06,R03,B012,9,0,0,0,Clear,0.836,51.0,58.8,11.8,Completed
T003525,2026-07-06,R03,B011,10,0,0,0,Clear,0.302,29.0,58.8,8.8,Completed
T003526,2026-07-06,R03,B012,13,0,0,0,Clear,0.26,23.0,58.8,3.2,Completed
T003527,2026-07-06,R03,B012,14,0,0,0,Clear,0.316,24.0,58.8,7.0,Completed
T003528,2026-07-06,R03,B009,15,0,0,0,Clear,0.276,23.0,58.8,13.7,Completed
T003529,2026-07-06,R03,B009,16,0,0,0,Clear,0.328,24.0,58.8,9.4,Completed
T003530,2026-07-06,R03,B011,17,0,0,0,Clear,0.79,49.0,58.8,16.8,Completed
T003531,2026-07-06,R03,B010,18,0,0,0,Clear,0.772,45.0,58.8,17.8,Completed
T003532,2026-07-06,R03,B010,20,0,0,0,Clear,0.341,20.0,58.8,8.9,Completed
T003533,2026-07-06,R04,B013,5,0,0,0,Clear,0.255,8.0,28.4,9.3,Completed
T003534,2026-07-06,R04,B013,8,0,0,0,Clear,0.838,33.0,28.4,11.9,Completed
T003535,2026-07-06,R04,B015,9,0,0,0,Clear,0.798,39.0,28.4,11.7,Completed
T003536,2026-07-06,R04,B016,10,0,0,0,Clear,0.344,22.0,28.4,6.5,Completed
T003537,2026-07-06,R04,B014,11,0,0,0,Clear,0.296,26.0,28.4,10.0,Completed
T003538,2026-07-06,R04,B013,13,0,0,0,Clear,0.332,23.0,28.4,7.4,Completed
T003539,2026-07-06,R04,B016,14,0,0,0,Clear,0.337,15.0,28.4,2.0,Completed
T003540,2026-07-06,R04,B015,15,0,0,0,Clear,0.282,18.0,28.4,7.6,Completed
T003541,2026-07-06,R04,B014,17,0,0,0,Clear,0.772,33.0,28.4,5.9,Completed
T003542,2026-07-06,R04,B016,18,0,0,0,Clear,0.834,32.0,28.4,13.7,Completed
T003543,2026-07-06,R04,B014,19,0,0,0,Clear,0.265,34.0,28.4,3.3,Completed
T003544,2026-07-06,R04,B016,20,0,0,0,Clear,0.317,16.0,28.4,8.5,Completed
T003545,2026-07-06,R05,B018,5,0,0,0,Clear,0.275,5.0,44.4,4.5,Completed
T003546,2026-07-06,R05,B019,8,0,0,0,Clear,0.762,38.0,44.4,10.2,Completed
T003547,2026-07-06,R05,B019,9,0,0,0,Clear,0.814,49.0,44.4,10.8,Completed
T003548,2026-07-06,R05,B019,10,0,0,0,Clear,0.276,32.0,44.4,2.4,Completed
T003549,2026-07-06,R05,B017,13,0,0,0,Clear,0.259,22.0,44.4,5.5,Completed
T003550,2026-07-06,R05,B017,14,0,0,0,Clear,0.324,18.0,44.4,2.4,Completed
T003551,2026-07-06,R05,B017,15,0,0,0,Clear,0.277,22.0,44.4,5.5,Completed
T003552,2026-07-06,R05,B020,16,0,0,0,Clear,0.326,24.0,44.4,1.9,Completed
T003553,2026-07-06,R05,B018,17,0,0,0,Clear,0.793,21.0,44.4,16.6,Completed
T003554,2026-07-06,R05,B017,18,0,0,0,Clear,0.837,36.0,44.4,13.4,Completed
T003555,2026-07-06,R05,B020,19,0,0,0,Clear,0.292,22.0,44.4,3.7,Completed
T003556,2026-07-06,R05,B017,20,0,0,0,Clear,0.339,17.0,44.4,1.7,Completed
T003557,2026-07-06,R05,B018,21,0,0,0,Clear,0.34,8.0,44.4,9.0,Completed
T003558,2026-07-06,R06,B023,8,0,0,0,Clear,0.838,47.0,41.2,11.4,Completed
T003559,2026-07-06,R06,B023,9,0,0,0,Clear,0.779,58.0,41.2,10.2,Completed
T003560,2026-07-06,R06,B021,15,0,0,0,Clear,0.275,22.0,41.2,0.8,Completed
T003561,2026-07-06,R06,B023,16,0,0,0,Clear,0.302,45.0,41.2,8.3,Completed
T003562,2026-07-06,R06,B023,17,0,0,0,Clear,0.763,44.0,41.2,11.9,Completed
T003563,2026-07-06,R06,B023,18,0,0,0,Clear,0.82,41.0,41.2,14.1,Completed
T003564,2026-07-06,R06,B022,21,0,0,0,Clear,0.314,10.0,41.2,-0.8,Completed
T003565,2026-07-06,R07,B025,6,0,0,0,Clear,0.323,0.0,33.2,,Cancelled
T003566,2026-07-06,R07,B025,7,0,0,0,Clear,0.349,19.0,33.2,10.4,Completed
T003567,2026-07-06,R07,B028,8,0,0,0,Clear,0.784,23.0,33.2,10.0,Completed
T003568,2026-07-06,R07,B026,9,0,0,0,Clear,0.826,26.0,33.2,10.3,Completed
T003569,2026-07-06,R07,B026,10,0,0,0,Clear,0.293,18.0,33.2,6.0,Completed
T003570,2026-07-06,R07,B025,13,0,0,0,Clear,0.276,16.0,33.2,8.4,Completed
T003571,2026-07-06,R07,B027,14,0,0,0,Clear,0.267,14.0,33.2,5.8,Completed
T003572,2026-07-06,R07,B027,15,0,0,0,Clear,0.27,15.0,33.2,6.7,Completed
T003573,2026-07-06,R07,B025,17,0,0,0,Clear,0.794,26.0,33.2,12.1,Completed
T003574,2026-07-06,R07,B026,18,0,0,0,Clear,,16.0,33.2,240.0,Completed
T003575,2026-07-06,R07,B026,19,0,0,0,Clear,0.278,17.0,33.2,11.0,Completed
T003576,2026-07-06,R07,B027,20,0,0,0,Clear,0.302,13.0,33.2,5.9,Completed
T003577,2026-07-06,R07,B026,21,0,0,0,Clear,0.344,6.0,33.2,4.1,Completed
T003578,2026-07-06,R08,B032,8,0,0,0,Clear,0.793,43.0,26.8,10.1,Completed
T003579,2026-07-06,R08,B032,9,0,0,0,Clear,0.788,42.0,26.8,10.5,Completed
T003580,2026-07-06,R08,B031,10,0,0,0,Clear,0.332,22.0,26.8,2.1,Completed
T003581,2026-07-06,R08,B030,11,0,0,0,Clear,0.345,19.0,26.8,7.6,Completed
T003582,2026-07-06,R08,B032,12,0,0,0,Clear,0.286,17.0,26.8,9.4,Completed
T003583,2026-07-06,R08,B030,14,0,0,0,Clear,0.289,18.0,26.8,6.9,Completed
T003584,2026-07-06,R08,B031,15,0,0,0,Clear,0.328,18.0,26.8,4.7,Completed
T003585,2026-07-06,R08,B029,17,0,0,0,Clear,0.771,22.0,26.8,11.5,Completed
T003586,2026-07-06,R08,B029,18,0,0,0,Clear,0.793,35.0,26.8,12.1,Completed
T003587,2026-07-06,R09,B034,5,0,0,0,Clear,0.308,0.0,63.6,,Cancelled
T003588,2026-07-06,R09,B035,8,0,0,0,Clear,0.794,28.0,63.6,12.0,Completed
T003589,2026-07-06,R09,B035,9,0,0,0,Clear,0.781,26.0,63.6,7.8,Completed
T003590,2026-07-06,R09,B033,12,0,0,0,Clear,0.29,12.0,63.6,3.6,Completed
T003591,2026-07-06,R09,B034,13,0,0,0,Clear,0.326,14.0,63.6,-0.3,Completed
T003592,2026-07-06,R09,B033,14,0,0,0,Clear,0.318,13.0,63.6,4.4,Completed
T003593,2026-07-06,R09,B034,17,0,0,0,Clear,0.821,25.0,63.6,9.9,Completed
T003594,2026-07-06,R09,B036,18,0,0,0,Clear,0.803,21.0,63.6,13.9,Completed
T003595,2026-07-06,R10,B037,5,0,0,0,Clear,0.278,5.0,38.0,7.1,Completed
T003596,2026-07-06,R10,B039,6,0,0,0,Clear,0.318,9.0,38.0,12.7,Completed
T003597,2026-07-06,R10,B039,8,0,0,0,Clear,0.796,27.0,38.0,9.1,Completed
T003598,2026-07-06,R10,B040,9,0,0,0,Clear,0.816,31.0,38.0,2.7,Completed
T003599,2026-07-06,R10,B037,13,0,0,0,Clear,0.282,13.0,38.0,7.6,Completed
T003600,2026-07-06,R10,B038,14,0,0,0,Clear,0.306,14.0,38.0,10.8,Completed
T003601,2026-07-06,R10,B037,15,0,0,0,Clear,0.347,17.0,38.0,5.1,Completed
T003602,2026-07-06,R10,B040,16,0,0,0,Clear,0.296,22.0,38.0,-0.1,Completed
T003603,2026-07-06,R10,B037,17,0,0,0,Clear,0.8,16.0,38.0,11.6,Completed
T003604,2026-07-06,R10,B038,18,0,0,0,Clear,0.774,31.0,38.0,4.3,Completed
T003605,2026-07-06,R10,B040,21,0,0,0,Clear,0.276,8.0,38.0,3.8,Completed
T003606,2026-07-07,R01,B002,6,1,0,0,Clear,0.326,20.0,50.8,7.5,Completed
T003607,2026-07-07,R01,B003,7,1,0,0,Clear,0.271,34.0,50.8,3.5,Completed
T003608,2026-07-07,R01,B003,8,1,0,0,Clear,0.773,54.0,50.8,12.6,Completed
T003609,2026-07-07,R01,B002,9,1,0,0,Clear,0.825,50.0,50.8,15.4,Completed
T003610,2026-07-07,R01,B004,11,1,0,0,Clear,0.332,24.0,50.8,11.8,Completed
T003611,2026-07-07,R01,B002,17,1,0,0,Clear,0.812,50.0,50.8,10.6,Completed
T003612,2026-07-07,R01,B002,18,1,0,0,Clear,0.847,49.0,50.8,11.6,Completed
T003613,2026-07-07,R01,B004,21,1,0,0,Clear,0.302,15.0,50.8,12.7,Completed
T003614,2026-07-07,R02,B006,7,1,0,0,Clear,0.323,37.0,36.4,6.3,Completed
T003615,2026-07-07,R02,B008,8,1,0,0,,0.842,50.0,36.4,6.7,Completed
T003616,2026-07-07,R02,B007,9,1,0,0,Clear,0.779,42.0,36.4,10.6,Completed
T003617,2026-07-07,R02,B005,10,1,0,0,Clear,0.342,23.0,36.4,5.1,Completed
T003618,2026-07-07,R02,B008,11,1,0,0,Clear,0.299,25.0,36.4,6.1,Completed
T003619,2026-07-07,R02,B005,12,1,0,0,Clear,0.322,17.0,36.4,9.0,Completed
T003620,2026-07-07,R02,B006,14,1,0,0,Clear,0.323,26.0,36.4,5.3,Completed
T003621,2026-07-07,R02,B005,15,1,0,0,Clear,0.251,20.0,36.4,2.4,Completed
T003622,2026-07-07,R02,B007,16,1,0,0,Clear,0.319,33.0,36.4,6.7,Completed
T003623,2026-07-07,R02,B007,17,1,0,0,Clear,0.806,31.0,36.4,5.9,Completed
T003624,2026-07-07,R02,B005,18,1,0,0,Clear,0.792,34.0,36.4,11.2,Completed
T003625,2026-07-07,R02,B005,19,1,0,0,Clear,0.345,26.0,36.4,2.8,Completed
T003626,2026-07-07,R03,B010,5,1,0,0,Clear,0.313,10.0,58.8,8.5,Completed
T003627,2026-07-07,R03,B010,6,1,0,0,Clear,0.331,13.0,58.8,11.4,Completed
T003628,2026-07-07,R03,B011,8,1,0,0,Clear,0.793,50.0,58.8,15.7,Completed
T003629,2026-07-07,R03,B010,9,1,0,0,Clear,0.802,50.0,58.8,11.7,Completed
T003630,2026-07-07,R03,B010,11,1,0,0,Clear,0.26,23.0,58.8,7.9,Completed
T003631,2026-07-07,R03,B009,17,1,0,0,Clear,0.766,38.0,58.8,10.5,Completed
T003632,2026-07-07,R03,B010,18,1,0,0,Clear,0.79,50.0,58.8,14.2,Completed
T003633,2026-07-07,R03,B011,21,1,0,0,Clear,0.257,14.0,58.8,4.3,Completed
T003634,2026-07-07,R04,B016,6,1,0,0,Clear,0.272,12.0,28.4,5.4,Completed
T003635,2026-07-07,R04,B016,8,1,0,0,Clear,0.789,30.0,28.4,14.4,Completed
T003636,2026-07-07,R04,B013,9,1,0,0,Clear,0.803,36.0,28.4,17.1,Completed
T003637,2026-07-07,R04,B016,11,1,0,0,Clear,0.25,14.0,28.4,6.5,Completed
T003638,2026-07-07,R04,B016,12,1,0,0,Clear,0.292,15.0,28.4,10.2,Completed
T003639,2026-07-07,R04,B016,13,1,0,0,Clear,0.332,21.0,28.4,5.5,Completed
T003640,2026-07-07,R04,B013,14,1,0,0,Clear,0.27,15.0,28.4,8.4,Completed
T003641,2026-07-07,R04,B013,17,1,0,0,Clear,0.804,0.0,28.4,,Cancelled
T003642,2026-07-07,R04,B013,18,1,0,0,Clear,0.753,36.0,28.4,13.6,Completed
T003643,2026-07-07,R04,B014,19,1,0,0,Clear,0.272,32.0,28.4,2.1,Completed
T003644,2026-07-07,R04,B013,20,1,0,0,Clear,0.318,17.0,28.4,12.3,Completed
T003645,2026-07-07,R04,B015,21,1,0,0,Clear,0.269,10.0,28.4,2.3,Completed
T003646,2026-07-07,R05,B020,6,1,0,0,Clear,0.251,12.0,44.4,4.0,Completed
T003647,2026-07-07,R05,B018,8,1,0,0,Clear,0.753,26.0,44.4,7.5,Completed
T003648,2026-07-07,R05,B020,9,1,0,0,Clear,0.831,29.0,44.4,8.5,Completed
T003649,2026-07-07,R05,B018,12,1,0,0,Clear,0.266,17.0,44.4,5.7,Completed
T003650,2026-07-07,R05,B017,13,1,0,0,Clear,,23.0,44.4,8.2,Completed
T003651,2026-07-07,R05,B020,17,1,0,0,Clear,0.814,33.0,44.4,5.9,Completed
T003652,2026-07-07,R05,B020,18,1,0,0,Clear,0.804,30.0,44.4,14.6,Completed
T003653,2026-07-07,R06,B024,7,1,0,0,Clear,0.322,28.0,41.2,6.7,Completed
T003654,2026-07-07,R06,B021,8,1,0,0,Clear,0.788,50.0,41.2,13.5,Completed
T003655,2026-07-07,R06,B023,9,1,0,0,Clear,0.809,45.0,41.2,11.4,Completed
T003656,2026-07-07,R06,B023,10,1,0,0,Clear,0.308,38.0,41.2,6.8,Completed
T003657,2026-07-07,R06,B024,11,1,0,0,Clear,0.3,23.0,41.2,5.8,Completed
T003658,2026-07-07,R06,B021,12,1,0,0,Clear,0.285,20.0,41.2,8.8,Completed
T003659,2026-07-07,R06,B023,13,1,0,0,Clear,0.346,34.0,41.2,4.4,Completed
T003660,2026-07-07,R06,B024,17,1,0,0,Clear,0.843,54.0,41.2,10.4,Completed
T003661,2026-07-07,R06,B024,18,1,0,0,Clear,0.791,40.0,41.2,8.7,Completed
T003662,2026-07-07,R06,B022,19,1,0,0,Clear,0.279,25.0,41.2,1.7,Completed
T003663,2026-07-07,R06,B023,20,1,0,0,Clear,0.326,22.0,41.2,9.3,Completed
T003664,2026-07-07,R07,B025,8,1,0,0,Clear,0.82,23.0,33.2,13.5,Completed
T003665,2026-07-07,R07,B027,9,1,0,0,Clear,0.762,36.0,33.2,13.8,Completed
T003666,2026-07-07,R07,B026,12,1,0,0,Clear,0.274,13.0,33.2,8.2,Completed
T003667,2026-07-07,R07,B025,14,1,0,0,Clear,0.325,11.0,33.2,11.1,Completed
T003668,2026-07-07,R07,B028,16,1,0,0,Clear,0.264,16.0,33.2,8.1,Completed
T003669,2026-07-07,R07,B025,17,1,0,0,Clear,0.762,27.0,33.2,12.4,Completed
T003670,2026-07-07,R07,B025,18,1,0,0,Clear,0.845,30.0,33.2,13.5,Completed
T003671,2026-07-07,R07,B025,19,1,0,0,Clear,0.252,22.0,33.2,7.0,Completed
T003672,2026-07-07,R08,B030,6,1,0,0,Clear,0.277,0.0,26.8,,Cancelled
T003673,2026-07-07,R08,B030,7,1,0,0,Clear,0.284,17.0,26.8,6.9,Completed
T003674,2026-07-07,R08,B032,8,1,0,0,Clear,0.753,47.0,26.8,11.1,Completed
T003675,2026-07-07,R08,B031,9,1,0,0,Clear,0.773,41.0,26.8,7.3,Completed
T003676,2026-07-07,R08,B030,12,1,0,0,Clear,0.346,16.0,26.8,12.7,Completed
T003677,2026-07-07,R08,B031,17,1,0,0,Clear,,21.0,26.8,6.9,Completed
T003678,2026-07-07,R08,B030,18,1,0,0,Clear,0.835,28.0,26.8,11.6,Completed
T003679,2026-07-07,R08,B030,19,1,0,0,Clear,0.332,20.0,26.8,1.7,Completed
T003680,2026-07-07,R09,B035,5,1,0,0,Clear,0.339,6.0,63.6,7.3,Completed
T003681,2026-07-07,R09,B036,6,1,0,0,Clear,0.267,7.0,63.6,7.8,Completed
T003682,2026-07-07,R09,B033,8,1,0,0,,0.768,27.0,63.6,9.8,Completed
T003683,2026-07-07,R09,B036,9,1,0,0,Clear,0.827,20.0,63.6,17.2,Completed
T003684,2026-07-07,R09,B036,10,1,0,0,Clear,0.344,14.0,63.6,2.3,Completed
T003685,2026-07-07,R09,B035,12,1,0,0,Clear,0.328,9.0,63.6,0.7,Completed
T003686,2026-07-07,R09,B033,14,1,0,0,Clear,0.312,11.0,63.6,11.4,Completed
T003687,2026-07-07,R09,B034,15,1,0,0,Clear,0.337,19.0,63.6,8.4,Completed
T003688,2026-07-07,R09,B034,17,1,0,0,Clear,0.756,23.0,63.6,10.0,Completed
T003689,2026-07-07,R09,B036,18,1,0,0,Clear,0.751,23.0,63.6,16.5,Completed
T003690,2026-07-07,R09,B035,21,1,0,0,Clear,0.333,9.0,63.6,5.5,Completed
T003691,2026-07-07,R10,B039,5,1,0,0,Clear,0.325,,38.0,2.2,Completed
T003692,2026-07-07,R10,B037,8,1,0,0,Clear,0.818,25.0,38.0,8.2,Completed
T003693,2026-07-07,R10,B040,9,1,0,0,Clear,0.789,33.0,38.0,14.6,Completed
T003694,2026-07-07,R10,B037,11,1,0,0,Clear,0.261,11.0,38.0,4.5,Completed
T003695,2026-07-07,R10,B039,12,1,0,0,Clear,0.347,13.0,38.0,7.4,Completed
T003696,2026-07-07,R10,B040,14,1,0,0,Clear,0.298,13.0,38.0,7.0,Completed
T003697,2026-07-07,R10,B040,17,1,0,0,Clear,0.754,22.0,38.0,9.6,Completed
T003698,2026-07-07,R10,B039,18,1,0,0,Clear,0.765,24.0,38.0,10.5,Completed
T003699,2026-07-07,R10,B040,19,1,0,0,Clear,0.303,22.0,38.0,8.3,Completed
T003700,2026-07-07,R10,B039,21,1,0,0,Clear,0.321,6.0,38.0,7.9,Completed
T003701,2026-07-08,R01,B003,5,2,0,0,Clear,0.263,11.0,50.8,5.8,Completed
T003702,2026-07-08,R01,B003,6,2,0,0,Clear,0.268,22.0,50.8,8.7,Completed
T003703,2026-07-08,R01,B003,7,2,0,0,Clear,0.301,39.0,50.8,6.9,Completed
T003704,2026-07-08,R01,B002,8,2,0,0,Clear,0.823,50.0,50.8,18.2,Completed
T003705,2026-07-08,R01,B004,9,2,0,0,Clear,0.754,50.0,50.8,16.9,Completed
T003706,2026-07-08,R01,B001,13,2,0,0,,0.282,23.0,50.8,7.2,Completed
T003707,2026-07-08,R01,B002,16,2,0,0,Clear,0.254,39.0,50.8,1.6,Completed
T003708,2026-07-08,R01,B002,17,2,0,0,Clear,0.764,49.0,50.8,11.6,Completed
T003709,2026-07-08,R01,B001,18,2,0,0,Clear,0.794,48.0,50.8,14.2,Completed
T003710,2026-07-08,R01,B002,20,2,0,0,Clear,0.344,28.0,50.8,4.5,Completed
T003711,2026-07-08,R02,B007,5,2,0,0,Clear,0.34,7.0,36.4,4.3,Completed
T003712,2026-07-08,R02,B005,7,2,0,0,Clear,0.255,21.0,36.4,3.2,Completed
T003713,2026-07-08,R02,B006,8,2,0,0,Clear,0.751,53.0,36.4,12.3,Completed
T003714,2026-07-08,R02,B007,9,2,0,0,Clear,0.752,41.0,36.4,3.7,Completed
T003715,2026-07-08,R02,B008,11,2,0,0,Clear,0.304,21.0,36.4,5.3,Completed
T003716,2026-07-08,R02,B008,14,2,0,0,Clear,0.277,17.0,36.4,3.2,Completed
T003717,2026-07-08,R02,B008,17,2,0,0,Clear,0.81,31.0,36.4,10.2,Completed
T003718,2026-07-08,R02,B005,18,2,0,0,Clear,0.772,32.0,36.4,8.5,Completed
T003719,2026-07-08,R02,B005,20,2,0,0,Clear,0.348,16.0,36.4,2.8,Completed
T003720,2026-07-08,R02,B005,21,2,0,0,Clear,0.296,12.0,36.4,6.3,Completed
T003721,2026-07-08,R03,B011,7,2,0,0,Clear,0.264,35.0,58.8,9.1,Completed
T003722,2026-07-08,R03,B012,8,2,0,0,Clear,0.834,47.0,58.8,14.7,Completed
T003723,2026-07-08,R03,B011,9,2,0,0,Clear,0.803,50.0,58.8,7.1,Completed
T003724,2026-07-08,R03,B010,11,2,0,0,Clear,0.28,25.0,58.8,4.0,Completed
T003725,2026-07-08,R03,B011,16,2,0,0,Clear,0.306,33.0,58.8,6.5,Completed
T003726,2026-07-08,R03,B010,17,2,0,0,Clear,0.78,50.0,58.8,16.1,Completed
T003727,2026-07-08,R03,B011,18,2,0,0,Clear,0.757,41.0,58.8,12.2,Completed
T003728,2026-07-08,R03,B010,21,2,0,0,Clear,0.31,14.0,58.8,12.0,Completed
T003729,2026-07-08,R04,B013,5,2,0,0,Clear,0.337,8.0,28.4,15.5,Completed
T003730,2026-07-08,R04,B016,6,2,0,0,Clear,0.34,12.0,28.4,5.0,Completed
T003731,2026-07-08,R04,B014,7,2,0,0,Clear,0.25,28.0,28.4,0.6,Completed
T003732,2026-07-08,R04,B014,8,2,0,0,Clear,0.829,39.0,28.4,8.5,Completed
T003733,2026-07-08,R04,B015,9,2,0,0,Clear,0.81,50.0,28.4,16.1,Completed
T003734,2026-07-08,R04,B013,12,2,0,0,Clear,0.347,21.0,28.4,5.7,Completed
T003735,2026-07-08,R04,B013,15,2,0,0,Clear,0.26,0.0,28.4,,Cancelled
T003736,2026-07-08,R04,B014,17,2,0,0,Clear,0.768,60.0,28.4,12.0,Completed
T003737,2026-07-08,R04,B016,18,2,0,0,Clear,0.834,34.0,28.4,7.4,Completed
T003738,2026-07-08,R05,B020,8,2,0,0,Clear,0.77,27.0,44.4,5.7,Completed
T003739,2026-07-08,R05,B017,9,2,0,0,Clear,0.753,34.0,44.4,12.7,Completed
T003740,2026-07-08,R05,B017,12,2,0,0,Clear,0.294,15.0,44.4,6.1,Completed
T003741,2026-07-08,R05,B019,14,2,0,0,Clear,0.292,18.0,44.4,4.0,Completed
T003742,2026-07-08,R05,B018,15,2,0,0,,0.338,14.0,44.4,10.8,Completed
T003743,2026-07-08,R05,B018,17,2,0,0,Clear,0.81,31.0,44.4,10.5,Completed
T003744,2026-07-08,R05,B018,18,2,0,0,Clear,0.792,26.0,44.4,13.7,Completed
T003745,2026-07-08,R06,B024,5,2,0,0,Clear,0.349,11.0,41.2,5.3,Completed
T003746,2026-07-08,R06,B021,7,2,0,0,Clear,0.335,26.0,41.2,13.1,Completed
T003747,2026-07-08,R06,B021,8,2,0,0,Clear,0.79,38.0,41.2,18.0,Completed
T003748,2026-07-08,R06,B024,9,2,0,0,Clear,0.751,58.0,41.2,8.5,Completed
T003749,2026-07-08,R06,B021,10,2,0,0,Clear,0.321,24.0,41.2,2.2,Completed
T003750,2026-07-08,R06,B023,11,2,0,0,Clear,0.325,27.0,41.2,9.8,Completed
T003751,2026-07-08,R06,B021,13,2,0,0,Clear,0.311,21.0,41.2,11.4,Completed
T003752,2026-07-08,R06,B024,14,2,0,0,Clear,0.303,25.0,41.2,7.3,Completed
T003753,2026-07-08,R06,B024,17,2,0,0,Clear,0.804,45.0,41.2,11.4,Completed
T003754,2026-07-08,R06,B021,18,2,0,0,Clear,0.783,44.0,41.2,6.3,Completed
T003755,2026-07-08,R06,B022,19,2,0,0,Clear,0.264,26.0,41.2,9.5,Completed
T003756,2026-07-08,R06,B022,20,2,0,0,Clear,0.315,23.0,41.2,3.3,Completed
T003757,2026-07-08,R06,B021,21,2,0,0,Clear,0.262,10.0,41.2,2.8,Completed
T003758,2026-07-08,R07,B025,5,2,0,0,Clear,0.32,6.0,33.2,9.1,Completed
T003759,2026-07-08,R07,B026,6,2,0,0,Clear,0.257,8.0,33.2,240.0,Completed
T003760,2026-07-08,R07,B028,8,2,0,0,,0.846,23.0,33.2,11.7,Completed
T003761,2026-07-08,R07,B027,9,2,0,0,Clear,0.756,30.0,33.2,10.7,Completed
T003762,2026-07-08,R07,B027,11,2,0,0,Clear,0.296,15.0,33.2,6.2,Completed
T003763,2026-07-08,R07,B025,15,2,0,0,Clear,0.298,17.0,33.2,7.9,Completed
T003764,2026-07-08,R07,B028,17,2,0,0,Clear,0.782,25.0,33.2,10.0,Completed
T003765,2026-07-08,R07,B025,18,2,0,0,Clear,0.816,19.0,33.2,11.9,Completed
T003766,2026-07-08,R07,B026,20,2,0,0,Clear,0.305,11.0,33.2,9.4,Completed
T003767,2026-07-08,R08,B029,5,2,0,0,Clear,0.277,5.0,26.8,6.3,Completed
T003768,2026-07-08,R08,B030,8,2,0,0,Clear,0.751,30.0,26.8,12.8,Completed
T003769,2026-07-08,R08,B031,9,2,0,0,Clear,0.821,36.0,26.8,14.0,Completed
T003770,2026-07-08,R08,B030,10,2,0,0,Clear,0.302,29.0,26.8,7.5,Completed
T003771,2026-07-08,R08,B032,11,2,0,0,Clear,0.306,19.0,26.8,5.4,Completed
T003772,2026-07-08,R08,B029,13,2,0,0,Clear,0.266,15.0,26.8,1.5,Completed
T003773,2026-07-08,R08,B032,14,2,0,0,Clear,0.284,21.0,26.8,9.2,Completed
T003774,2026-07-08,R08,B030,16,2,0,0,Clear,0.263,25.0,26.8,7.0,Completed
T003775,2026-07-08,R08,B029,17,2,0,0,Clear,0.823,23.0,26.8,13.3,Completed
T003776,2026-07-08,R08,B029,18,2,0,0,Clear,0.784,,26.8,9.6,Completed
T003777,2026-07-08,R08,B031,19,2,0,0,Clear,0.294,28.0,26.8,5.9,Completed
T003778,2026-07-08,R09,B033,8,2,0,0,Clear,0.81,23.0,63.6,13.7,Completed
T003779,2026-07-08,R09,B036,9,2,0,0,Clear,0.839,24.0,63.6,14.4,Completed
T003780,2026-07-08,R09,B033,17,2,0,0,Clear,0.797,20.0,63.6,9.2,Completed
T003781,2026-07-08,R09,B036,18,2,0,0,Clear,0.836,20.0,63.6,15.4,Completed
T003782,2026-07-08,R09,B035,19,2,0,0,Clear,0.278,19.0,63.6,6.0,Completed
T003783,2026-07-08,R09,B036,20,2,0,0,Clear,0.271,8.0,63.6,8.9,Completed
T003784,2026-07-08,R09,B036,21,2,0,0,Clear,0.349,3.0,63.6,1.9,Completed
T003785,2026-07-08,R10,B039,6,2,0,0,Clear,0.295,7.0,38.0,8.8,Completed
T003786,2026-07-08,R10,B039,8,2,0,0,Clear,0.797,24.0,38.0,14.1,Completed
T003787,2026-07-08,R10,B038,9,2,0,0,Clear,0.762,36.0,38.0,8.1,Completed
T003788,2026-07-08,R10,B038,10,2,0,0,Clear,0.273,21.0,38.0,6.5,Completed
T003789,2026-07-08,R10,B037,11,2,0,0,Clear,,16.0,38.0,9.0,Completed
T003790,2026-07-08,R10,B037,12,2,0,0,Clear,0.278,10.0,38.0,4.7,Completed
T003791,2026-07-08,R10,B039,14,2,0,0,Clear,0.292,9.0,38.0,-0.3,Completed
T003792,2026-07-08,R10,B037,15,2,0,0,Clear,0.334,14.0,38.0,7.8,Completed
T003793,2026-07-08,R10,B037,16,2,0,0,Clear,0.29,12.0,38.0,1.3,Completed
T003794,2026-07-08,R10,B037,17,2,0,0,Clear,0.809,19.0,38.0,9.6,Completed
T003795,2026-07-08,R10,B037,18,2,0,0,Clear,0.761,30.0,38.0,13.3,Completed
T003796,2026-07-08,R10,B040,19,2,0,0,Clear,0.262,22.0,38.0,7.5,Completed
T003797,2026-07-09,R01,B001,5,3,0,0,Rain,0.427,11.0,50.8,8.5,Completed
T003798,2026-07-09,R01,B002,6,3,0,0,Rain,0.469,14.0,50.8,9.7,Completed
T003799,2026-07-09,R01,B004,8,3,0,0,Rain,0.935,33.0,50.8,22.2,Completed
T003800,2026-07-09,R01,B002,9,3,0,0,Rain,0.914,50.0,50.8,15.3,Completed
T003801,2026-07-09,R01,B004,10,3,0,0,Rain,0.446,26.0,50.8,14.9,Completed
T003802,2026-07-09,R01,B003,11,3,0,0,Rain,0.462,27.0,50.8,8.5,Completed
T003803,2026-07-09,R01,B002,12,3,0,0,Rain,0.456,26.0,50.8,11.8,Completed
T003804,2026-07-09,R01,B004,13,3,0,0,Rain,0.444,24.0,50.8,14.1,Completed
T003805,2026-07-09,R01,B004,17,3,0,0,Rain,0.928,40.0,50.8,23.6,Completed
T003806,2026-07-09,R01,B001,18,3,0,0,Rain,0.919,47.0,50.8,23.8,Completed
T003807,2026-07-09,R02,B008,5,3,0,0,Rain,0.451,6.0,36.4,18.3,Completed
T003808,2026-07-09,R02,B008,7,3,0,0,Rain,0.443,26.0,36.4,11.0,Completed
T003809,2026-07-09,R02,B006,8,3,0,0,Rain,0.951,39.0,36.4,20.2,Completed
T003810,2026-07-09,R02,B008,9,3,0,0,Rain,0.924,50.0,36.4,19.8,Completed
T003811,2026-07-09,R02,B005,11,3,0,0,Rain,0.497,13.0,36.4,15.6,Completed
T003812,2026-07-09,R02,B007,13,3,0,0,Rain,0.446,16.0,36.4,5.9,Completed
T003813,2026-07-09,R02,B007,17,3,0,0,Rain,0.973,34.0,36.4,18.1,Completed
T003814,2026-07-09,R02,B005,18,3,0,0,Rain,0.956,32.0,36.4,18.0,Completed
T003815,2026-07-09,R02,B006,19,3,0,0,Rain,0.421,30.0,36.4,9.8,Completed
T003816,2026-07-09,R02,B007,20,3,0,0,Rain,0.448,16.0,36.4,3.3,Completed
T003817,2026-07-09,R03,B012,7,3,0,0,Rain,0.433,31.0,58.8,10.6,Completed
T003818,2026-07-09,R03,B009,8,3,0,0,Rain,,31.0,58.8,21.6,Completed
T003819,2026-07-09,R03,B010,9,3,0,0,Rain,0.94,43.0,58.8,21.7,Completed
T003820,2026-07-09,R03,B009,13,3,0,0,Rain,0.421,0.0,58.8,,Cancelled
T003821,2026-07-09,R03,B011,16,3,0,0,Rain,0.412,30.0,58.8,13.0,Completed
T003822,2026-07-09,R03,B010,17,3,0,0,Rain,0.982,35.0,58.8,23.9,Completed
T003823,2026-07-09,R03,B011,18,3,0,0,Rain,0.983,39.0,58.8,21.8,Completed
T003824,2026-07-09,R03,B009,21,3,0,0,Rain,0.488,8.0,58.8,10.2,Completed
T003825,2026-07-09,R04,B015,6,3,0,0,,0.426,12.0,28.4,12.8,Completed
T003826,2026-07-09,R04,B014,7,3,0,0,Rain,0.441,27.0,28.4,9.7,Completed
T003827,2026-07-09,R04,B014,8,3,0,0,Rain,0.934,32.0,28.4,10.8,Completed
T003828,2026-07-09,R04,B013,9,3,0,0,Rain,0.974,41.0,28.4,13.7,Completed
T003829,2026-07-09,R04,B016,14,3,0,0,Rain,0.495,15.0,28.4,13.7,Completed
T003830,2026-07-09,R04,B015,17,3,0,0,Rain,0.911,29.0,28.4,17.5,Completed
T003831,2026-07-09,R04,B016,18,3,0,0,Rain,0.965,29.0,28.4,15.2,Completed
T003832,2026-07-09,R04,B013,19,3,0,0,Rain,0.41,17.0,28.4,11.9,Completed
T003833,2026-07-09,R04,B015,21,3,0,0,Rain,0.423,7.0,28.4,12.1,Completed
T003834,2026-07-09,R05,B019,5,3,0,0,Rain,0.487,7.0,44.4,12.6,Completed
T003835,2026-07-09,R05,B017,6,3,0,0,Rain,0.448,8.0,44.4,11.8,Completed
T003836,2026-07-09,R05,B017,8,3,0,0,Rain,0.924,22.0,44.4,16.5,Completed
T003837,2026-07-09,R05,B019,9,3,0,0,Rain,0.955,39.0,44.4,18.5,Completed
T003838,2026-07-09,R05,B017,11,3,0,0,Rain,0.472,16.0,44.4,7.9,Completed
T003839,2026-07-09,R05,B020,12,3,0,0,Rain,0.442,0.0,44.4,,Cancelled
T003840,2026-07-09,R05,B020,15,3,0,0,Rain,0.444,12.0,44.4,12.7,Completed
T003841,2026-07-09,R05,B020,17,3,0,0,Rain,0.906,28.0,44.4,20.2,Completed
T003842,2026-07-09,R05,B018,18,3,0,0,Rain,0.981,18.0,44.4,23.7,Completed
T003843,2026-07-09,R05,B018,19,3,0,0,Rain,0.45,14.0,44.4,15.0,Completed
T003844,2026-07-09,R05,B018,21,3,0,0,Rain,0.403,8.0,44.4,8.5,Completed
T003845,2026-07-09,R06,B021,6,3,0,0,Rain,0.437,13.0,41.2,15.8,Completed
T003846,2026-07-09,R06,B024,7,3,0,0,Rain,0.424,25.0,41.2,13.2,Completed
T003847,2026-07-09,R06,B021,8,3,0,0,Rain,0.996,23.0,41.2,13.2,Completed
T003848,2026-07-09,R06,B021,9,3,0,0,Rain,0.979,41.0,41.2,22.2,Completed
T003849,2026-07-09,R06,B021,11,3,0,0,Rain,0.489,17.0,41.2,11.1,Completed
T003850,2026-07-09,R06,B023,14,3,0,0,Rain,0.464,22.0,41.2,14.4,Completed
T003851,2026-07-09,R06,B023,15,3,0,0,Rain,0.434,24.0,41.2,10.9,Completed
T003852,2026-07-09,R06,B023,17,3,0,0,Rain,0.989,33.0,41.2,17.2,Completed
T003853,2026-07-09,R06,B024,18,3,0,0,Rain,0.965,37.0,41.2,17.7,Completed
T003854,2026-07-09,R06,B023,19,3,0,0,Rain,0.425,26.0,41.2,10.3,Completed
T003855,2026-07-09,R06,B023,21,3,0,0,Rain,0.415,15.0,41.2,16.8,Completed
T003856,2026-07-09,R07,B028,6,3,0,0,Rain,0.419,7.0,33.2,10.8,Completed
T003857,2026-07-09,R07,B025,7,3,0,0,Rain,0.485,0.0,33.2,,Cancelled
T003858,2026-07-09,R07,B026,8,3,0,0,Rain,0.916,18.0,33.2,17.9,Completed
T003859,2026-07-09,R07,B027,9,3,0,0,Rain,,27.0,33.2,25.4,Completed
T003860,2026-07-09,R07,B027,10,3,0,0,Rain,0.495,14.0,33.2,14.2,Completed
T003861,2026-07-09,R07,B025,11,3,0,0,Rain,0.484,12.0,33.2,13.1,Completed
T003862,2026-07-09,R07,B028,14,3,0,0,Rain,0.463,9.0,33.2,11.0,Completed
T003863,2026-07-09,R07,B028,15,3,0,0,Rain,0.419,11.0,33.2,14.4,Completed
T003864,2026-07-09,R07,B025,17,3,0,0,Rain,0.956,19.0,33.2,21.7,Completed
T003865,2026-07-09,R07,B027,18,3,0,0,Rain,0.966,23.0,33.2,21.8,Completed
T003866,2026-07-09,R07,B027,21,3,0,0,Rain,0.453,7.0,33.2,13.2,Completed
T003867,2026-07-09,R08,B030,5,3,0,0,Rain,0.497,5.0,26.8,12.1,Completed
T003868,2026-07-09,R08,B029,8,3,0,0,Rain,0.984,21.0,26.8,17.3,Completed
T003869,2026-07-09,R08,B029,9,3,0,0,Rain,0.963,22.0,26.8,17.1,Completed
T003870,2026-07-09,R08,B029,11,3,0,0,Rain,0.489,12.0,26.8,10.9,Completed
T003871,2026-07-09,R08,B029,13,3,0,0,Rain,0.418,10.0,26.8,9.2,Completed
T003872,2026-07-09,R08,B030,17,3,0,0,Rain,0.991,22.0,26.8,16.0,Completed
T003873,2026-07-09,R08,B030,18,3,0,0,Rain,0.94,33.0,26.8,19.8,Completed
T003874,2026-07-09,R08,B030,19,3,0,0,Rain,0.482,17.0,26.8,13.8,Completed
T003875,2026-07-09,R08,B032,20,3,0,0,Rain,0.483,14.0,26.8,15.1,Completed
T003876,2026-07-09,R08,B032,21,3,0,0,Rain,0.464,7.0,26.8,16.7,Completed
T003877,2026-07-09,R09,B034,8,3,0,0,Rain,0.954,17.0,63.6,19.9,Completed
T003878,2026-07-09,R09,B034,9,3,0,0,Rain,0.985,27.0,63.6,19.9,Completed
T003879,2026-07-09,R09,B035,11,3,0,0,Rain,0.474,,63.6,15.4,Completed
T003880,2026-07-09,R09,B034,17,3,0,0,Rain,0.997,23.0,63.6,17.0,Completed
T003881,2026-07-09,R09,B034,18,3,0,0,Rain,0.938,24.0,63.6,23.1,Completed
T003882,2026-07-09,R10,B037,5,3,0,0,Rain,0.483,3.0,38.0,10.5,Completed
T003883,2026-07-09,R10,B038,6,3,0,0,Rain,0.415,8.0,38.0,6.9,Completed
T003884,2026-07-09,R10,B037,7,3,0,0,Rain,0.476,14.0,38.0,7.7,Completed
T003885,2026-07-09,R10,B038,8,3,0,0,Rain,0.977,30.0,38.0,13.7,Completed
T003886,2026-07-09,R10,B037,9,3,0,0,Rain,0.976,29.0,38.0,16.2,Completed
T003887,2026-07-09,R10,B040,11,3,0,0,Rain,0.439,9.0,38.0,11.7,Completed
T003888,2026-07-09,R10,B037,16,3,0,0,Rain,0.449,16.0,38.0,5.1,Completed
T003889,2026-07-09,R10,B038,17,3,0,0,Rain,0.914,26.0,38.0,16.8,Completed
T003890,2026-07-09,R10,B037,18,3,0,0,Rain,0.993,22.0,38.0,8.6,Completed
T003891,2026-07-09,R10,B040,21,3,0,0,Rain,0.425,7.0,38.0,7.0,Completed
T003892,2026-07-10,R01,B002,5,4,0,0,Heat,0.31,10.0,50.8,7.6,Completed
T003893,2026-07-10,R01,B004,6,4,0,0,Heat,0.251,17.0,50.8,3.5,Completed
T003894,2026-07-10,R01,B004,8,4,0,0,Heat,0.78,42.0,50.8,13.0,Completed
T003895,2026-07-10,R01,B002,9,4,0,0,Heat,0.801,24.0,50.8,12.1,Completed
T003896,2026-07-10,R01,B004,12,4,0,0,Heat,0.34,21.0,50.8,5.8,Completed
T003897,2026-07-10,R01,B001,13,4,0,0,Heat,0.281,20.0,50.8,5.5,Completed
T003898,2026-07-10,R01,B002,16,4,0,0,Heat,0.293,31.0,50.8,5.7,Completed
T003899,2026-07-10,R01,B004,17,4,0,0,Heat,0.779,50.0,50.8,18.6,Completed
T003900,2026-07-10,R01,B001,18,4,0,0,Heat,0.787,46.0,50.8,15.7,Completed
T003901,2026-07-10,R01,B001,19,4,0,0,Heat,0.261,33.0,50.8,5.0,Completed
T003902,2026-07-10,R01,B002,20,4,0,0,Heat,0.32,18.0,50.8,5.4,Completed
T003903,2026-07-10,R02,B005,8,4,0,0,Heat,0.783,32.0,36.4,11.5,Completed
T003904,2026-07-10,R02,B007,9,4,0,0,Heat,0.845,38.0,36.4,5.7,Completed
T003905,2026-07-10,R02,B008,10,4,0,0,Heat,0.349,31.0,36.4,2.6,Completed
T003906,2026-07-10,R02,B005,11,4,0,0,Heat,0.338,18.0,36.4,8.5,Completed
T003907,2026-07-10,R02,B006,13,4,0,0,Heat,0.254,20.0,36.4,8.8,Completed
T003908,2026-07-10,R02,B007,17,4,0,0,Heat,0.835,46.0,36.4,-45.0,Completed
T003909,2026-07-10,R02,B005,18,4,0,0,Heat,0.822,30.0,36.4,9.8,Completed
T003910,2026-07-10,R02,B008,19,4,0,0,Heat,0.293,32.0,36.4,6.2,Completed
T003911,2026-07-10,R02,B008,20,4,0,0,Heat,0.338,13.0,36.4,0.1,Completed
T003912,2026-07-10,R03,B009,6,4,0,0,Heat,0.265,10.0,58.8,8.7,Completed
T003913,2026-07-10,R03,B009,7,4,0,0,Heat,0.284,16.0,58.8,10.9,Completed
T003914,2026-07-10,R03,B011,8,4,0,0,Heat,0.777,50.0,58.8,13.2,Completed
T003915,2026-07-10,R03,B011,9,4,0,0,Heat,0.79,35.0,58.8,14.1,Completed
T003916,2026-07-10,R03,B011,10,4,0,0,Heat,0.297,28.0,58.8,5.0,Completed
T003917,2026-07-10,R03,B010,17,4,0,0,Heat,0.788,44.0,58.8,16.0,Completed
T003918,2026-07-10,R03,B010,18,4,0,0,Heat,0.781,0.0,58.8,,Cancelled
T003919,2026-07-10,R04,B014,6,4,0,0,Heat,0.271,14.0,28.4,3.7,Completed
T003920,2026-07-10,R04,B014,8,4,0,0,Heat,0.775,46.0,28.4,7.7,Completed
T003921,2026-07-10,R04,B015,9,4,0,0,Heat,0.838,41.0,28.4,14.3,Completed
T003922,2026-07-10,R04,B015,11,4,0,0,Heat,0.252,11.0,28.4,10.2,Completed
T003923,2026-07-10,R04,B014,13,4,0,0,Heat,0.256,19.0,28.4,4.3,Completed
T003924,2026-07-10,R04,B016,15,4,0,0,Heat,0.265,14.0,28.4,2.6,Completed
T003925,2026-07-10,R04,B016,17,4,0,0,Heat,0.799,28.0,28.4,2.6,Completed
T003926,2026-07-10,R04,B014,18,4,0,0,Heat,0.764,39.0,28.4,10.6,Completed
T003927,2026-07-10,R04,B014,19,4,0,0,Heat,0.332,36.0,28.4,5.7,Completed
T003928,2026-07-10,R04,B015,20,4,0,0,Heat,0.27,12.0,28.4,6.1,Completed
T003929,2026-07-10,R04,B016,21,4,0,0,Heat,0.25,8.0,28.4,2.1,Completed
T003930,2026-07-10,R05,B020,7,4,0,0,Heat,0.273,17.0,44.4,5.2,Completed
T003931,2026-07-10,R05,B018,8,4,0,0,Heat,0.787,21.0,44.4,17.9,Completed
T003932,2026-07-10,R05,B020,9,4,0,0,Heat,0.825,33.0,44.4,9.1,Completed
T003933,2026-07-10,R05,B019,13,4,0,0,Heat,0.264,24.0,44.4,3.8,Completed
T003934,2026-07-10,R05,B018,14,4,0,0,Heat,0.251,14.0,44.4,9.1,Completed
T003935,2026-07-10,R05,B018,17,4,0,0,Heat,0.827,30.0,44.4,11.4,Completed
T003936,2026-07-10,R05,B018,18,4,0,0,Heat,0.769,30.0,44.4,4.5,Completed
T003937,2026-07-10,R05,B019,20,4,0,0,Heat,0.322,17.0,44.4,10.6,Completed
T003938,2026-07-10,R05,B017,21,4,0,0,Heat,0.276,10.0,44.4,8.4,Completed
T003939,2026-07-10,R06,B021,5,4,0,0,Heat,0.266,9.0,41.2,7.8,Completed
T003940,2026-07-10,R06,B023,6,4,0,0,Heat,0.324,18.0,41.2,4.3,Completed
T003941,2026-07-10,R06,B024,8,4,0,0,Heat,0.772,41.0,41.2,7.2,Completed
T003942,2026-07-10,R06,B024,9,4,0,0,Heat,0.767,43.0,41.2,11.3,Completed
T003943,2026-07-10,R06,B021,12,4,0,0,Heat,0.319,20.0,41.2,6.4,Completed
T003944,2026-07-10,R06,B022,14,4,0,0,Heat,0.325,19.0,41.2,0.6,Completed
T003945,2026-07-10,R06,B024,15,4,0,0,Heat,0.265,29.0,41.2,2.9,Completed
T003946,2026-07-10,R06,B021,17,4,0,0,Heat,0.794,41.0,41.2,10.6,Completed
T003947,2026-07-10,R06,B023,18,4,0,0,Heat,0.759,0.0,41.2,,Cancelled
T003948,2026-07-10,R06,B024,20,4,0,0,Heat,0.337,18.0,41.2,5.2,Completed
T003949,2026-07-10,R07,B025,6,4,0,0,Heat,0.296,10.0,33.2,10.3,Completed
T003950,2026-07-10,R07,B025,8,4,0,0,Heat,0.823,30.0,33.2,10.9,Completed
T003951,2026-07-10,R07,B028,9,4,0,0,Heat,0.75,19.0,33.2,6.0,Completed
T003952,2026-07-10,R07,B025,11,4,0,0,Heat,0.277,11.0,33.2,5.2,Completed
T003953,2026-07-10,R07,B025,13,4,0,0,Heat,0.266,0.0,33.2,,Cancelled
T003954,2026-07-10,R07,B025,16,4,0,0,Heat,0.322,20.0,33.2,10.1,Completed
T003955,2026-07-10,R07,B028,17,4,0,0,Heat,0.777,15.0,33.2,9.8,Completed
T003956,2026-07-10,R07,B026,18,4,0,0,Heat,0.841,28.0,33.2,13.3,Completed
T003957,2026-07-10,R07,B027,19,4,0,0,Heat,0.284,18.0,33.2,7.0,Completed
T003958,2026-07-10,R07,B025,20,4,0,0,Heat,0.314,13.0,33.2,6.8,Completed
T003959,2026-07-10,R07,B025,21,4,0,0,Heat,0.289,0.0,33.2,,Cancelled
T003960,2026-07-10,R08,B032,6,4,0,0,Heat,0.266,14.0,26.8,3.4,Completed
T003961,2026-07-10,R08,B029,7,4,0,0,Heat,0.305,15.0,26.8,4.1,Completed
T003962,2026-07-10,R08,B031,8,4,0,0,Heat,0.772,30.0,26.8,6.4,Completed
T003963,2026-07-10,R08,B032,9,4,0,0,Heat,0.82,400.0,26.8,9.7,Completed
T003964,2026-07-10,R08,B032,10,4,0,0,Heat,0.298,26.0,26.8,10.6,Completed
T003965,2026-07-10,R08,B031,11,4,0,0,Heat,0.328,13.0,26.8,5.7,Completed
T003966,2026-07-10,R08,B030,13,4,0,0,Heat,0.298,19.0,26.8,4.0,Completed
T003967,2026-07-10,R08,B032,14,4,0,0,Heat,0.25,18.0,26.8,5.3,Completed
T003968,2026-07-10,R08,B030,17,4,0,0,Heat,0.786,28.0,26.8,11.8,Completed
T003969,2026-07-10,R08,B030,18,4,0,0,Heat,0.751,30.0,26.8,7.8,Completed
T003970,2026-07-10,R08,B032,19,4,0,0,Heat,0.254,24.0,26.8,14.4,Completed
T003971,2026-07-10,R09,B035,5,4,0,0,Heat,0.291,5.0,63.6,3.9,Completed
T003972,2026-07-10,R09,B036,8,4,0,0,Heat,0.804,,63.6,7.3,Completed
T003973,2026-07-10,R09,B033,9,4,0,0,Heat,0.801,28.0,63.6,12.9,Completed
T003974,2026-07-10,R09,B034,10,4,0,0,Heat,0.329,17.0,63.6,12.3,Completed
T003975,2026-07-10,R09,B033,16,4,0,0,Heat,0.326,22.0,63.6,9.1,Completed
T003976,2026-07-10,R09,B035,17,4,0,0,Heat,0.8,18.0,63.6,7.8,Completed
T003977,2026-07-10,R09,B033,18,4,0,0,Heat,0.835,25.0,63.6,15.2,Completed
T003978,2026-07-10,R09,B034,19,4,0,0,Heat,0.304,13.0,63.6,5.9,Completed
T003979,2026-07-10,R09,B036,21,4,0,0,Heat,0.277,4.0,63.6,8.5,Completed
T003980,2026-07-10,R10,B037,5,4,0,0,Heat,0.332,4.0,38.0,0.5,Completed
T003981,2026-07-10,R10,B040,7,4,0,0,Heat,0.272,19.0,38.0,2.1,Completed
T003982,2026-07-10,R10,B038,8,4,0,0,Heat,0.825,22.0,38.0,8.6,Completed
T003983,2026-07-10,R10,B037,9,4,0,0,Heat,0.786,20.0,38.0,11.1,Completed
T003984,2026-07-10,R10,B039,13,4,0,0,Heat,0.277,13.0,38.0,-0.4,Completed
T003985,2026-07-10,R10,B040,14,4,0,0,Heat,0.275,11.0,38.0,3.0,Completed
T003986,2026-07-10,R10,B040,15,4,0,0,Heat,0.326,13.0,38.0,1.5,Completed
T003987,2026-07-10,R10,B040,17,4,0,0,Heat,0.785,27.0,38.0,5.2,Completed
T003988,2026-07-10,R10,B039,18,4,0,0,Heat,0.848,25.0,38.0,15.8,Completed
T003989,2026-07-11,R01,B002,8,5,1,0,Clear,0.618,33.0,50.8,13.5,Completed
T003990,2026-07-11,R01,B001,9,5,1,0,Clear,0.602,41.0,50.8,14.5,Completed
T003991,2026-07-11,R01,B004,12,5,1,0,Clear,0.114,21.0,50.8,0.1,Completed
T003992,2026-07-11,R01,B002,13,5,1,0,Clear,0.173,21.0,50.8,5.1,Completed
T003993,2026-07-11,R01,B004,14,5,1,0,Clear,,16.0,50.8,4.2,Completed
T003994,2026-07-11,R01,B002,17,5,1,0,Clear,0.623,37.0,50.8,11.8,Completed
T003995,2026-07-11,R01,B001,18,5,1,0,Clear,0.622,50.0,50.8,15.8,Completed
T003996,2026-07-11,R01,B002,19,5,1,0,Clear,0.103,22.0,50.8,9.5,Completed
T003997,2026-07-11,R02,B008,5,5,1,0,Clear,0.173,5.0,36.4,1.8,Completed
T003998,2026-07-11,R02,B007,6,5,1,0,Clear,0.12,12.0,36.4,1.7,Completed
T003999,2026-07-11,R02,B005,7,5,1,0,Clear,0.106,16.0,36.4,0.4,Completed
T004000,2026-07-11,R02,B007,8,5,1,0,Clear,0.644,29.0,36.4,9.1,Completed
T004001,2026-07-11,R02,B008,9,5,1,0,Clear,0.634,29.0,36.4,5.9,Completed
T004002,2026-07-11,R02,B006,10,5,1,0,Clear,0.178,18.0,36.4,9.9,Completed
T004003,2026-07-11,R02,B008,11,5,1,0,Clear,0.198,15.0,36.4,4.8,Completed
T004004,2026-07-11,R02,B005,13,5,1,0,Clear,0.186,13.0,36.4,10.4,Completed
T004005,2026-07-11,R02,B007,14,5,1,0,Clear,0.121,17.0,36.4,5.3,Completed
T004006,2026-07-11,R02,B007,15,5,1,0,Clear,0.103,16.0,36.4,9.6,Completed
T004007,2026-07-11,R02,B006,17,5,1,0,Clear,0.677,33.0,36.4,13.4,Completed
T004008,2026-07-11,R02,B006,18,5,1,0,Clear,0.664,31.0,36.4,8.8,Completed
T004009,2026-07-11,R02,B008,20,5,1,0,Clear,0.178,16.0,36.4,-0.7,Completed
T004010,2026-07-11,R02,B005,21,5,1,0,Clear,0.132,6.0,36.4,4.8,Completed
T004011,2026-07-11,R03,B012,7,5,1,0,Clear,0.179,26.0,58.8,10.5,Completed
T004012,2026-07-11,R03,B010,8,5,1,0,Clear,0.665,29.0,58.8,12.3,Completed
T004013,2026-07-11,R03,B009,9,5,1,0,Clear,0.652,23.0,58.8,15.6,Completed
T004014,2026-07-11,R03,B011,10,5,1,0,Clear,0.191,21.0,58.8,11.3,Completed
T004015,2026-07-11,R03,B009,17,5,1,0,Clear,0.649,28.0,58.8,7.2,Completed
T004016,2026-07-11,R03,B009,18,5,1,0,Clear,0.646,34.0,58.8,9.4,Completed
T004017,2026-07-11,R03,B009,19,5,1,0,Clear,0.109,20.0,58.8,9.3,Completed
T004018,2026-07-11,R04,B015,5,5,1,0,Clear,0.177,5.0,28.4,10.1,Completed
T004019,2026-07-11,R04,B015,8,5,1,0,Clear,0.649,21.0,28.4,13.0,Completed
T004020,2026-07-11,R04,B015,9,5,1,0,Clear,0.697,28.0,28.4,10.4,Completed
T004021,2026-07-11,R04,B016,10,5,1,0,Clear,0.162,11.0,28.4,5.0,Completed
T004022,2026-07-11,R04,B013,11,5,1,0,Clear,0.167,13.0,28.4,10.3,Completed
T004023,2026-07-11,R04,B014,14,5,1,0,Clear,0.156,16.0,28.4,2.2,Completed
T004024,2026-07-11,R04,B016,15,5,1,0,Clear,0.161,11.0,28.4,5.6,Completed
T004025,2026-07-11,R04,B015,16,5,1,0,Clear,0.144,20.0,28.4,5.5,Completed
T004026,2026-07-11,R04,B015,17,5,1,0,Clear,0.673,24.0,28.4,13.3,Completed
T004027,2026-07-11,R04,B016,18,5,1,0,Clear,0.674,21.0,28.4,10.3,Completed
T004028,2026-07-11,R04,B016,20,5,1,0,Clear,0.103,10.0,28.4,1.1,Completed
T004029,2026-07-11,R05,B017,5,5,1,0,Clear,0.175,3.0,44.4,10.9,Completed
T004030,2026-07-11,R05,B020,7,5,1,0,Clear,0.121,12.0,44.4,-3.0,Completed
T004031,2026-07-11,R05,B017,8,5,1,0,Clear,0.684,22.0,44.4,9.4,Completed
T004032,2026-07-11,R05,B017,9,5,1,0,Clear,0.645,23.0,44.4,9.3,Completed
T004033,2026-07-11,R05,B018,10,5,1,0,Clear,0.115,11.0,44.4,-0.6,Completed
T004034,2026-07-11,R05,B017,11,5,1,0,Clear,0.193,12.0,44.4,4.7,Completed
T004035,2026-07-11,R05,B017,12,5,1,0,Clear,0.121,12.0,44.4,4.3,Completed
T004036,2026-07-11,R05,B020,15,5,1,0,Clear,0.131,12.0,44.4,-3.0,Completed
T004037,2026-07-11,R05,B019,17,5,1,0,Clear,0.615,25.0,44.4,9.6,Completed
T004038,2026-07-11,R05,B019,18,5,1,0,Clear,0.63,33.0,44.4,4.3,Completed
T004039,2026-07-11,R05,B019,19,5,1,0,Clear,0.128,20.0,44.4,6.0,Completed
T004040,2026-07-11,R05,B018,20,5,1,0,Clear,0.18,6.0,44.4,8.2,Completed
T004041,2026-07-11,R05,B020,21,5,1,0,Clear,0.143,8.0,44.4,3.6,Completed
T004042,2026-07-11,R06,B023,5,5,1,0,Clear,0.185,5.0,41.2,9.3,Completed
T004043,2026-07-11,R06,B022,8,5,1,0,Clear,0.699,27.0,41.2,12.0,Completed
T004044,2026-07-11,R06,B024,9,5,1,0,Clear,0.656,38.0,41.2,5.9,Completed
T004045,2026-07-11,R06,B023,10,5,1,0,Clear,0.122,,41.2,1.4,Completed
T004046,2026-07-11,R06,B023,12,5,1,0,Clear,0.138,18.0,41.2,6.8,Completed
T004047,2026-07-11,R06,B023,13,5,1,0,Clear,0.124,20.0,41.2,5.9,Completed
T004048,2026-07-11,R06,B022,15,5,1,0,Clear,0.177,0.0,41.2,,Cancelled
T004049,2026-07-11,R06,B023,17,5,1,0,Clear,0.606,31.0,41.2,13.5,Completed
T004050,2026-07-11,R06,B022,18,5,1,0,Clear,0.608,28.0,41.2,4.3,Completed
T004051,2026-07-11,R07,B027,8,5,1,0,Clear,0.679,19.0,33.2,10.0,Completed
T004052,2026-07-11,R07,B027,9,5,1,0,Clear,0.675,,33.2,15.8,Completed
T004053,2026-07-11,R07,B028,10,5,1,0,Clear,0.116,14.0,33.2,7.8,Completed
T004054,2026-07-11,R07,B027,11,5,1,0,Clear,0.188,10.0,33.2,4.7,Completed
T004055,2026-07-11,R07,B025,17,5,1,0,Clear,0.688,21.0,33.2,9.4,Completed
T004056,2026-07-11,R07,B027,18,5,1,0,Clear,0.677,15.0,33.2,13.1,Completed
T004057,2026-07-11,R07,B025,19,5,1,0,Clear,0.199,9.0,33.2,6.9,Completed
T004058,2026-07-11,R07,B027,20,5,1,0,Clear,0.194,11.0,33.2,9.0,Completed
T004059,2026-07-11,R07,B028,21,5,1,0,Clear,0.124,4.0,33.2,6.7,Completed
T004060,2026-07-11,R08,B031,6,5,1,0,Clear,0.142,7.0,26.8,3.4,Completed
T004061,2026-07-11,R08,B031,8,5,1,0,Clear,0.639,19.0,26.8,10.9,Completed
T004062,2026-07-11,R08,B029,9,5,1,0,Clear,0.604,18.0,26.8,7.4,Completed
T004063,2026-07-11,R08,B030,13,5,1,0,Clear,0.166,10.0,26.8,5.1,Completed
T004064,2026-07-11,R08,B030,14,5,1,0,Clear,0.129,11.0,26.8,1.5,Completed
T004065,2026-07-11,R08,B029,17,5,1,0,Clear,0.677,18.0,26.8,11.0,Completed
T004066,2026-07-11,R08,B029,18,5,1,0,Clear,0.648,15.0,26.8,7.7,Completed
T004067,2026-07-11,R08,B029,21,5,1,0,Clear,0.106,5.0,26.8,3.4,Completed
T004068,2026-07-11,R09,B034,5,5,1,0,Clear,0.159,3.0,63.6,6.9,Completed
T004069,2026-07-11,R09,B036,6,5,1,0,Clear,0.122,5.0,63.6,7.8,Completed
T004070,2026-07-11,R09,B035,8,5,1,0,Clear,0.646,20.0,63.6,11.8,Completed
T004071,2026-07-11,R09,B036,9,5,1,0,Clear,0.696,13.0,63.6,12.2,Completed
T004072,2026-07-11,R09,B033,10,5,1,0,Clear,0.109,12.0,63.6,7.7,Completed
T004073,2026-07-11,R09,B035,14,5,1,0,Clear,0.112,8.0,63.6,1.3,Completed
T004074,2026-07-11,R09,B033,17,5,1,0,Clear,0.604,16.0,63.6,12.1,Completed
T004075,2026-07-11,R09,B034,18,5,1,0,Clear,0.677,20.0,63.6,11.2,Completed
T004076,2026-07-11,R09,B033,19,5,1,0,Clear,0.185,12.0,63.6,5.0,Completed
T004077,2026-07-11,R10,B039,5,5,1,0,Clear,0.148,4.0,38.0,3.3,Completed
T004078,2026-07-11,R10,B040,8,5,1,0,,0.628,19.0,38.0,3.9,Completed
T004079,2026-07-11,R10,B039,9,5,1,0,Clear,0.605,25.0,38.0,4.9,Completed
T004080,2026-07-11,R10,B038,10,5,1,0,Clear,0.184,12.0,38.0,6.5,Completed
T004081,2026-07-11,R10,B037,11,5,1,0,Clear,0.104,8.0,38.0,1.6,Completed
T004082,2026-07-11,R10,B037,13,5,1,0,Clear,0.199,9.0,38.0,-0.5,Completed
T004083,2026-07-11,R10,B038,16,5,1,0,Clear,0.168,13.0,38.0,3.4,Completed
T004084,2026-07-11,R10,B039,17,5,1,0,Clear,0.601,17.0,38.0,10.4,Completed
T004085,2026-07-11,R10,B038,18,5,1,0,Clear,0.604,21.0,38.0,6.3,Completed
T004086,2026-07-11,R10,B037,19,5,1,0,Clear,0.107,11.0,38.0,1.2,Completed
T004087,2026-07-11,R10,B037,20,5,1,0,Clear,0.131,11.0,38.0,-3.0,Completed
T004088,2026-07-11,R10,B040,21,5,1,0,Clear,0.154,6.0,38.0,1.7,Completed
T004089,2026-07-12,R01,B003,8,6,1,0,Rain,0.829,39.0,50.8,13.8,Completed
T004090,2026-07-12,R01,B003,9,6,1,0,Rain,0.806,35.0,50.8,13.3,Completed
T004091,2026-07-12,R01,B001,10,6,1,0,Rain,0.264,17.0,50.8,8.9,Completed
T004092,2026-07-12,R01,B002,11,6,1,0,Rain,0.348,19.0,50.8,9.2,Completed
T004093,2026-07-12,R01,B004,12,6,1,0,Rain,0.302,15.0,50.8,9.4,Completed
T004094,2026-07-12,R01,B001,13,6,1,0,Rain,0.331,21.0,50.8,10.8,Completed
T004095,2026-07-12,R01,B004,15,6,1,0,Rain,0.347,19.0,50.8,17.3,Completed
T004096,2026-07-12,R01,B003,16,6,1,0,Rain,0.3,0.0,50.8,,Cancelled
T004097,2026-07-12,R01,B002,17,6,1,0,Rain,0.816,28.0,50.8,13.1,Completed
T004098,2026-07-12,R01,B002,18,6,1,0,Rain,0.841,29.0,50.8,16.4,Completed
T004099,2026-07-12,R01,B002,19,6,1,0,Rain,0.345,25.0,50.8,10.4,Completed
T004100,2026-07-12,R02,B008,5,6,1,0,Rain,0.311,5.0,36.4,9.8,Completed
T004101,2026-07-12,R02,B005,7,6,1,0,Rain,0.33,8.0,36.4,6.5,Completed
T004102,2026-07-12,R02,B008,8,6,1,0,Rain,0.842,20.0,36.4,12.8,Completed
T004103,2026-07-12,R02,B006,9,6,1,0,Rain,0.782,31.0,36.4,12.5,Completed
T004104,2026-07-12,R02,B006,10,6,1,0,Rain,0.262,27.0,36.4,7.8,Completed
T004105,2026-07-12,R02,B007,11,6,1,0,Rain,0.27,12.0,36.4,7.0,Completed
T004106,2026-07-12,R02,B005,13,6,1,0,Rain,0.315,,36.4,9.5,Completed
T004107,2026-07-12,R02,B005,15,6,1,0,Rain,0.307,10.0,36.4,17.8,Completed
T004108,2026-07-12,R02,B007,17,6,1,0,Rain,0.816,24.0,36.4,17.1,Completed
T004109,2026-07-12,R02,B007,18,6,1,0,Rain,0.794,24.0,36.4,15.8,Completed
T004110,2026-07-12,R02,B007,20,6,1,0,Rain,0.333,14.0,36.4,8.9,Completed
T004111,2026-07-12,R03,B009,6,6,1,0,Rain,0.282,7.0,58.8,13.1,Completed
T004112,2026-07-12,R03,B010,8,6,1,0,Rain,0.827,29.0,58.8,20.6,Completed
T004113,2026-07-12,R03,B011,9,6,1,0,Rain,0.756,32.0,58.8,18.6,Completed
T004114,2026-07-12,R03,B009,10,6,1,0,Rain,0.321,12.0,58.8,12.6,Completed
T004115,2026-07-12,R03,B011,12,6,1,0,,0.278,15.0,58.8,7.4,Completed
T004116,2026-07-12,R03,B009,14,6,1,0,Rain,0.3,10.0,58.8,10.6,Completed
T004117,2026-07-12,R03,B012,15,6,1,0,Rain,0.338,21.0,58.8,15.3,Completed
T004118,2026-07-12,R03,B010,17,6,1,0,Rain,0.784,27.0,58.8,17.6,Completed
T004119,2026-07-12,R03,B012,18,6,1,0,Rain,0.802,32.0,58.8,16.9,Completed
T004120,2026-07-12,R04,B016,5,6,1,0,Rain,0.326,4.0,28.4,11.4,Completed
T004121,2026-07-12,R04,B013,8,6,1,0,Rain,0.826,23.0,28.4,11.8,Completed
T004122,2026-07-12,R04,B015,9,6,1,0,Rain,0.786,19.0,28.4,21.8,Completed
T004123,2026-07-12,R04,B016,10,6,1,0,Rain,0.267,12.0,28.4,10.2,Completed
T004124,2026-07-12,R04,B014,11,6,1,0,Rain,0.264,8.0,28.4,7.7,Completed
T004125,2026-07-12,R04,B016,13,6,1,0,Rain,0.313,12.0,28.4,9.9,Completed
T004126,2026-07-12,R04,B016,16,6,1,0,Rain,0.277,15.0,28.4,10.0,Completed
T004127,2026-07-12,R04,B016,17,6,1,0,Rain,0.755,15.0,28.4,8.0,Completed
T004128,2026-07-12,R04,B016,18,6,1,0,Rain,0.824,0.0,28.4,,Cancelled
T004129,2026-07-12,R04,B015,19,6,1,0,Rain,0.271,14.0,28.4,5.0,Completed
T004130,2026-07-12,R05,B019,8,6,1,0,Rain,0.775,28.0,44.4,21.6,Completed
T004131,2026-07-12,R05,B020,9,6,1,0,Rain,0.806,20.0,44.4,12.4,Completed
T004132,2026-07-12,R05,B019,14,6,1,0,Rain,0.275,15.0,44.4,11.8,Completed
T004133,2026-07-12,R05,B018,17,6,1,0,Rain,0.757,13.0,44.4,16.6,Completed
T004134,2026-07-12,R05,B020,18,6,1,0,Rain,0.835,22.0,44.4,19.3,Completed
T004135,2026-07-12,R05,B020,20,6,1,0,Rain,0.279,11.0,44.4,4.7,Completed
T004136,2026-07-12,R06,B022,6,6,1,0,Rain,0.276,10.0,41.2,10.6,Completed
T004137,2026-07-12,R06,B023,8,6,1,0,Rain,0.83,28.0,41.2,14.8,Completed
T004138,2026-07-12,R06,B024,9,6,1,0,Rain,0.843,33.0,41.2,16.9,Completed
T004139,2026-07-12,R06,B021,15,6,1,0,Rain,0.331,11.0,41.2,7.8,Completed
T004140,2026-07-12,R06,B024,17,6,1,0,Rain,0.831,23.0,41.2,14.6,Completed
T004141,2026-07-12,R06,B021,18,6,1,0,Rain,0.752,22.0,41.2,23.0,Completed
T004142,2026-07-12,R06,B024,19,6,1,0,Rain,0.269,16.0,41.2,6.6,Completed
T004143,2026-07-12,R06,B024,21,6,1,0,Rain,0.305,8.0,41.2,7.1,Completed
T004144,2026-07-12,R07,B027,8,6,1,0,Rain,0.843,15.0,33.2,16.9,Completed
T004145,2026-07-12,R07,B025,9,6,1,0,Rain,0.786,19.0,33.2,19.8,Completed
T004146,2026-07-12,R07,B025,10,6,1,0,Rain,0.333,12.0,33.2,17.4,Completed
T004147,2026-07-12,R07,B025,13,6,1,0,Rain,0.275,10.0,33.2,10.9,Completed
T004148,2026-07-12,R07,B025,16,6,1,0,Rain,0.339,13.0,33.2,13.4,Completed
T004149,2026-07-12,R07,B026,17,6,1,0,Rain,0.847,12.0,33.2,20.9,Completed
T004150,2026-07-12,R07,B025,18,6,1,0,Rain,0.813,21.0,33.2,18.9,Completed
T004151,2026-07-12,R07,B027,20,6,1,0,Rain,0.298,7.0,33.2,8.5,Completed
T004152,2026-07-12,R07,B028,21,6,1,0,Rain,0.31,3.0,33.2,12.7,Completed
T004153,2026-07-12,R08,B032,5,6,1,0,Rain,0.344,4.0,26.8,9.4,Completed
T004154,2026-07-12,R08,B032,7,6,1,0,Rain,0.348,17.0,26.8,13.1,Completed
T004155,2026-07-12,R08,B032,8,6,1,0,Rain,0.752,20.0,26.8,20.4,Completed
T004156,2026-07-12,R08,B031,9,6,1,0,Rain,0.806,19.0,26.8,11.5,Completed
T004157,2026-07-12,R08,B030,10,6,1,0,Rain,0.317,11.0,26.8,5.2,Completed
T004158,2026-07-12,R08,B029,17,6,1,0,Rain,0.829,0.0,26.8,,Cancelled
T004159,2026-07-12,R08,B032,18,6,1,0,Rain,0.798,24.0,26.8,12.9,Completed
T004160,2026-07-12,R08,B031,20,6,1,0,Rain,0.336,8.0,26.8,8.2,Completed
T004161,2026-07-12,R09,B033,7,6,1,0,Rain,0.341,9.0,63.6,11.7,Completed
T004162,2026-07-12,R09,B034,8,6,1,0,Rain,0.835,13.0,63.6,14.6,Completed
T004163,2026-07-12,R09,B035,9,6,1,0,Rain,0.795,19.0,63.6,21.6,Completed
T004164,2026-07-12,R09,B035,14,6,1,0,Rain,0.322,8.0,63.6,12.1,Completed
T004165,2026-07-12,R09,B033,17,6,1,0,Rain,0.81,13.0,63.6,18.8,Completed
T004166,2026-07-12,R09,B033,18,6,1,0,Rain,0.788,14.0,63.6,23.5,Completed
T004167,2026-07-12,R10,B039,5,6,1,0,Rain,0.273,3.0,38.0,6.6,Completed
T004168,2026-07-12,R10,B040,8,6,1,0,Rain,0.829,19.0,38.0,10.9,Completed
T004169,2026-07-12,R10,B039,9,6,1,0,Rain,0.847,18.0,38.0,14.4,Completed
T004170,2026-07-12,R10,B037,10,6,1,0,Rain,0.287,10.0,38.0,7.8,Completed
T004171,2026-07-12,R10,B037,12,6,1,0,Rain,0.282,8.0,38.0,7.8,Completed
T004172,2026-07-12,R10,B039,17,6,1,0,Rain,0.78,16.0,38.0,10.4,Completed
T004173,2026-07-12,R10,B038,18,6,1,0,Rain,0.78,22.0,38.0,17.9,Completed
T004174,2026-07-13,R01,B004,8,0,0,0,Rain,0.916,41.0,50.8,19.3,Completed
T004175,2026-07-13,R01,B002,9,0,0,0,Rain,0.931,50.0,50.8,18.3,Completed
T004176,2026-07-13,R01,B004,10,0,0,0,Rain,0.425,34.0,50.8,15.9,Completed
T004177,2026-07-13,R01,B001,11,0,0,0,Rain,0.472,20.0,50.8,14.6,Completed
T004178,2026-07-13,R01,B003,12,0,0,0,Rain,0.494,29.0,50.8,3.2,Completed
T004179,2026-07-13,R01,B004,13,0,0,0,Rain,0.476,25.0,50.8,14.6,Completed
T004180,2026-07-13,R01,B002,14,0,0,0,Rain,0.445,28.0,50.8,10.7,Completed
T004181,2026-07-13,R01,B003,15,0,0,0,Rain,0.469,34.0,50.8,9.0,Completed
T004182,2026-07-13,R01,B004,16,0,0,0,Rain,0.44,28.0,50.8,14.2,Completed
T004183,2026-07-13,R01,B002,17,0,0,0,Rain,0.905,50.0,50.8,12.2,Completed
T004184,2026-07-13,R01,B002,18,0,0,0,Rain,0.958,45.0,50.8,20.3,Completed
T004185,2026-07-13,R01,B003,20,0,0,0,Rain,0.492,0.0,50.8,,Cancelled
T004186,2026-07-13,R01,B004,21,0,0,0,Rain,0.405,15.0,50.8,12.2,Completed
T004187,2026-07-13,R02,B008,8,0,0,0,Rain,0.968,28.0,36.4,13.3,Completed
T004188,2026-07-13,R02,B006,9,0,0,0,Rain,0.903,42.0,36.4,21.6,Completed
T004189,2026-07-13,R02,B005,12,0,0,0,Rain,0.453,15.0,36.4,14.3,Completed
T004190,2026-07-13,R02,B007,13,0,0,0,Rain,0.476,21.0,36.4,10.3,Completed
T004191,2026-07-13,R02,B005,15,0,0,0,Rain,0.425,22.0,36.4,10.1,Completed
T004192,2026-07-13,R02,B007,16,0,0,0,Rain,0.476,26.0,36.4,7.5,Completed
T004193,2026-07-13,R02,B005,17,0,0,0,Rain,0.925,27.0,36.4,25.3,Completed
T004194,2026-07-13,R02,B008,18,0,0,0,Rain,0.913,41.0,36.4,11.2,Completed
T004195,2026-07-13,R02,B007,19,0,0,0,Rain,0.478,31.0,36.4,8.3,Completed
T004196,2026-07-13,R02,B008,20,0,0,0,Rain,0.481,0.0,36.4,,Cancelled
T004197,2026-07-13,R02,B007,21,0,0,0,Rain,0.469,9.0,36.4,5.0,Completed
T004198,2026-07-13,R03,B010,5,0,0,0,Rain,0.449,6.0,58.8,12.9,Completed
T004199,2026-07-13,R03,B011,7,0,0,0,Rain,0.498,22.0,58.8,9.3,Completed
T004200,2026-07-13,R03,B011,8,0,0,0,Rain,0.979,34.0,58.8,19.4,Completed
T004201,2026-07-13,R03,B010,9,0,0,0,Rain,0.93,46.0,58.8,17.9,Completed
T004202,2026-07-13,R03,B010,11,0,0,0,Rain,0.401,19.0,58.8,11.5,Completed
T004203,2026-07-13,R03,B011,13,0,0,0,Rain,0.45,23.0,58.8,12.6,Completed
T004204,2026-07-13,R03,B010,15,0,0,0,Rain,0.434,25.0,58.8,15.2,Completed
T004205,2026-07-13,R03,B012,16,0,0,0,Rain,0.417,30.0,58.8,9.9,Completed
T004206,2026-07-13,R03,B010,17,0,0,0,Rain,0.971,44.0,58.8,19.4,Completed
T004207,2026-07-13,R03,B010,18,0,0,0,Rain,0.923,34.0,58.8,24.7,Completed
T004208,2026-07-13,R04,B014,8,0,0,0,Rain,0.944,29.0,28.4,12.8,Completed
T004209,2026-07-13,R04,B013,9,0,0,0,Rain,0.91,32.0,28.4,19.5,Completed
T004210,2026-07-13,R04,B015,10,0,0,0,Rain,0.414,22.0,28.4,12.3,Completed
T004211,2026-07-13,R04,B016,12,0,0,0,Rain,0.448,15.0,28.4,12.2,Completed
T004212,2026-07-13,R04,B013,13,0,0,0,Rain,0.478,19.0,28.4,12.2,Completed
T004213,2026-07-13,R04,B015,16,0,0,0,Rain,0.469,22.0,28.4,15.5,Completed
T004214,2026-07-13,R04,B015,17,0,0,0,Rain,0.917,28.0,28.4,16.9,Completed
T004215,2026-07-13,R04,B014,18,0,0,0,Rain,0.975,32.0,28.4,16.7,Completed
T004216,2026-07-13,R04,B013,19,0,0,0,Rain,0.482,27.0,28.4,8.1,Completed
T004217,2026-07-13,R05,B018,5,0,0,0,Rain,0.423,5.0,44.4,9.0,Completed
T004218,2026-07-13,R05,B020,7,0,0,0,Rain,0.497,19.0,44.4,15.2,Completed
T004219,2026-07-13,R05,B020,8,0,0,0,Rain,,19.0,44.4,20.3,Completed
T004220,2026-07-13,R05,B020,9,0,0,0,Rain,,32.0,44.4,14.6,Completed
T004221,2026-07-13,R05,B018,10,0,0,0,Rain,0.483,15.0,44.4,13.5,Completed
T004222,2026-07-13,R05,B019,11,0,0,0,Rain,0.485,18.0,44.4,12.5,Completed
T004223,2026-07-13,R05,B020,12,0,0,0,Rain,0.443,13.0,44.4,9.6,Completed
T004224,2026-07-13,R05,B018,14,0,0,0,Rain,0.489,13.0,44.4,11.5,Completed
T004225,2026-07-13,R05,B018,16,0,0,0,Rain,0.415,14.0,44.4,17.8,Completed
T004226,2026-07-13,R05,B019,17,0,0,0,Rain,0.93,36.0,44.4,19.3,Completed
T004227,2026-07-13,R05,B017,18,0,0,0,Rain,0.971,34.0,44.4,17.2,Completed
T004228,2026-07-13,R05,B018,19,0,0,0,Rain,0.494,13.0,44.4,12.4,Completed
T004229,2026-07-13,R05,B020,20,0,0,0,Rain,0.406,11.0,44.4,10.6,Completed
T004230,2026-07-13,R05,B019,21,0,0,0,Rain,0.446,9.0,44.4,15.2,Completed
T004231,2026-07-13,R06,B022,6,0,0,0,Rain,0.452,14.0,41.2,8.2,Completed
T004232,2026-07-13,R06,B023,7,0,0,0,Rain,0.489,0.0,41.2,,Cancelled
T004233,2026-07-13,R06,B022,8,0,0,0,Rain,0.917,25.0,41.2,17.3,Completed
T004234,2026-07-13,R06,B023,9,0,0,0,Rain,0.942,50.0,41.2,19.4,Completed
T004235,2026-07-13,R06,B023,10,0,0,0,Rain,0.471,23.0,41.2,10.2,Completed
T004236,2026-07-13,R06,B023,13,0,0,0,Rain,0.455,24.0,41.2,10.5,Completed
T004237,2026-07-13,R06,B021,14,0,0,0,Rain,0.407,17.0,41.2,10.4,Completed
T004238,2026-07-13,R06,B024,15,0,0,0,Rain,0.411,25.0,41.2,13.2,Completed
T004239,2026-07-13,R06,B023,16,0,0,0,Rain,,29.0,41.2,13.7,Completed
T004240,2026-07-13,R06,B021,17,0,0,0,Rain,0.968,35.0,41.2,24.5,Completed
T004241,2026-07-13,R06,B022,18,0,0,0,Rain,0.95,36.0,41.2,17.1,Completed
T004242,2026-07-13,R07,B028,8,0,0,0,Rain,0.94,22.0,33.2,26.1,Completed
T004243,2026-07-13,R07,B026,9,0,0,0,Rain,0.944,18.0,33.2,16.5,Completed
T004244,2026-07-13,R07,B026,10,0,0,0,Rain,0.438,13.0,33.2,7.9,Completed
T004245,2026-07-13,R07,B028,13,0,0,0,Rain,0.491,11.0,33.2,12.6,Completed
T004246,2026-07-13,R07,B026,17,0,0,0,Rain,0.965,0.0,33.2,,Cancelled
T004247,2026-07-13,R07,B028,18,0,0,0,Rain,0.988,21.0,33.2,20.0,Completed
T004248,2026-07-13,R08,B029,5,0,0,0,Rain,0.479,5.0,26.8,11.7,Completed
T004249,2026-07-13,R08,B030,6,0,0,0,Rain,0.412,11.0,26.8,12.0,Completed
T004250,2026-07-13,R08,B032,8,0,0,0,Rain,0.908,37.0,26.8,24.4,Completed
T004251,2026-07-13,R08,B029,9,0,0,0,Rain,0.942,22.0,26.8,19.8,Completed
T004252,2026-07-13,R08,B032,12,0,0,0,Rain,0.434,15.0,26.8,10.2,Completed
T004253,2026-07-13,R08,B029,13,0,0,0,Rain,0.424,14.0,26.8,13.3,Completed
T004254,2026-07-13,R08,B031,14,0,0,0,Rain,0.492,16.0,26.8,10.9,Completed
T004255,2026-07-13,R08,B030,15,0,0,0,Rain,0.445,14.0,26.8,10.7,Completed
T004256,2026-07-13,R08,B030,17,0,0,0,Rain,0.951,26.0,26.8,18.7,Completed
T004257,2026-07-13,R08,B031,18,0,0,0,Rain,0.911,29.0,26.8,15.5,Completed
T004258,2026-07-13,R08,B031,20,0,0,0,Rain,0.438,11.0,26.8,9.7,Completed
T004259,2026-07-13,R09,B034,7,0,0,0,Rain,0.463,14.0,63.6,13.2,Completed
T004260,2026-07-13,R09,B035,8,0,0,0,Rain,0.941,15.0,63.6,16.9,Completed
T004261,2026-07-13,R09,B035,9,0,0,0,Rain,0.98,20.0,63.6,20.9,Completed
T004262,2026-07-13,R09,B034,10,0,0,0,Rain,0.498,14.0,63.6,15.8,Completed
T004263,2026-07-13,R09,B034,14,0,0,0,Rain,0.445,12.0,63.6,10.4,Completed
T004264,2026-07-13,R09,B035,16,0,0,0,Rain,0.4,15.0,63.6,4.5,Completed
T004265,2026-07-13,R09,B036,17,0,0,0,Rain,0.985,14.0,63.6,22.3,Completed
T004266,2026-07-13,R09,B035,18,0,0,0,Rain,0.957,16.0,63.6,20.8,Completed
T004267,2026-07-13,R09,B036,21,0,0,0,Rain,0.483,5.0,63.6,15.7,Completed
T004268,2026-07-13,R10,B038,6,0,0,0,Rain,0.479,10.0,38.0,11.4,Completed
T004269,2026-07-13,R10,B037,7,0,0,0,Rain,0.459,9.0,38.0,12.2,Completed
T004270,2026-07-13,R10,B040,8,0,0,0,Rain,0.962,26.0,38.0,15.0,Completed
T004271,2026-07-13,R10,B037,9,0,0,0,Rain,0.9,20.0,38.0,11.7,Completed
T004272,2026-07-13,R10,B039,10,0,0,0,Rain,0.423,16.0,38.0,13.8,Completed
T004273,2026-07-13,R10,B039,12,0,0,0,Rain,0.403,11.0,38.0,9.0,Completed
T004274,2026-07-13,R10,B037,13,0,0,0,Rain,0.407,11.0,38.0,12.7,Completed
T004275,2026-07-13,R10,B038,16,0,0,0,Rain,0.483,15.0,38.0,12.0,Completed
T004276,2026-07-13,R10,B038,17,0,0,0,Rain,0.992,26.0,38.0,19.8,Completed
T004277,2026-07-13,R10,B040,18,0,0,0,Rain,0.916,29.0,38.0,15.3,Completed
T004278,2026-07-13,R10,B037,19,0,0,0,Rain,0.46,19.0,38.0,12.4,Completed
T004279,2026-07-13,R10,B038,20,0,0,0,Rain,0.432,8.0,38.0,8.7,Completed
T004280,2026-07-13,R10,B040,21,0,0,0,Rain,0.493,7.0,38.0,7.0,Completed
T004281,2026-07-14,R01,B001,5,1,0,0,Heat,0.304,13.0,50.8,9.6,Completed
T004282,2026-07-14,R01,B002,7,1,0,0,Heat,0.295,30.0,50.8,2.2,Completed
T004283,2026-07-14,R01,B003,8,1,0,0,Heat,0.845,44.0,50.8,9.7,Completed
T004284,2026-07-14,R01,B004,9,1,0,0,Heat,0.793,50.0,50.8,17.0,Completed
T004285,2026-07-14,R01,B001,10,1,0,0,Heat,0.271,37.0,50.8,13.2,Completed
T004286,2026-07-14,R01,B002,13,1,0,0,Heat,0.317,25.0,50.8,6.5,Completed
T004287,2026-07-14,R01,B001,14,1,0,0,Heat,0.285,22.0,50.8,4.7,Completed
T004288,2026-07-14,R01,B004,17,1,0,0,Heat,0.822,47.0,50.8,16.3,Completed
T004289,2026-07-14,R01,B001,18,1,0,0,Heat,0.824,50.0,50.8,16.3,Completed
T004290,2026-07-14,R02,B006,5,1,0,0,Heat,0.34,10.0,36.4,6.4,Completed
T004291,2026-07-14,R02,B006,6,1,0,0,Heat,0.347,14.0,36.4,4.8,Completed
T004292,2026-07-14,R02,B008,7,1,0,0,Heat,0.308,23.0,36.4,-0.0,Completed
T004293,2026-07-14,R02,B007,8,1,0,0,Heat,0.836,41.0,36.4,8.0,Completed
T004294,2026-07-14,R02,B008,9,1,0,0,Heat,0.835,42.0,36.4,8.3,Completed
T004295,2026-07-14,R02,B007,11,1,0,0,Heat,0.281,20.0,36.4,7.6,Completed
T004296,2026-07-14,R02,B006,12,1,0,0,Heat,0.322,31.0,36.4,5.0,Completed
T004297,2026-07-14,R02,B006,14,1,0,0,Heat,0.269,29.0,36.4,6.8,Completed
T004298,2026-07-14,R02,B006,16,1,0,0,Heat,0.316,41.0,36.4,5.7,Completed
T004299,2026-07-14,R02,B005,17,1,0,0,Heat,0.802,28.0,36.4,14.0,Completed
T004300,2026-07-14,R02,B005,18,1,0,0,Heat,0.788,40.0,36.4,15.8,Completed
T004301,2026-07-14,R02,B005,19,1,0,0,Heat,0.285,19.0,36.4,4.5,Completed
T004302,2026-07-14,R02,B006,21,1,0,0,Heat,0.267,18.0,36.4,4.2,Completed
T004303,2026-07-14,R03,B012,7,1,0,0,Heat,0.276,38.0,58.8,7.6,Completed
T004304,2026-07-14,R03,B011,8,1,0,0,Heat,0.838,44.0,58.8,13.5,Completed
T004305,2026-07-14,R03,B012,9,1,0,0,Heat,0.767,0.0,58.8,,Cancelled
T004306,2026-07-14,R03,B009,10,1,0,0,Heat,0.34,22.0,58.8,2.9,Completed
T004307,2026-07-14,R03,B009,11,1,0,0,Heat,0.276,15.0,58.8,5.6,Completed
T004308,2026-07-14,R03,B011,12,1,0,0,Heat,0.275,21.0,58.8,1.3,Completed
T004309,2026-07-14,R03,B012,13,1,0,0,Heat,0.271,29.0,58.8,6.7,Completed
T004310,2026-07-14,R03,B010,15,1,0,0,Heat,0.266,25.0,58.8,10.8,Completed
T004311,2026-07-14,R03,B011,17,1,0,0,Heat,0.823,30.0,58.8,10.5,Completed
T004312,2026-07-14,R03,B011,18,1,0,0,Heat,0.827,49.0,58.8,12.5,Completed
T004313,2026-07-14,R03,B010,19,1,0,0,Heat,0.278,34.0,58.8,6.6,Completed
T004314,2026-07-14,R04,B013,7,1,0,0,,0.301,16.0,28.4,10.2,Completed
T004315,2026-07-14,R04,B015,8,1,0,0,,0.78,42.0,28.4,15.6,Completed
T004316,2026-07-14,R04,B014,9,1,0,0,Heat,0.819,53.0,28.4,12.7,Completed
T004317,2026-07-14,R04,B015,10,1,0,0,Heat,0.304,21.0,28.4,8.1,Completed
T004318,2026-07-14,R04,B016,12,1,0,0,Heat,0.288,17.0,28.4,2.3,Completed
T004319,2026-07-14,R04,B013,16,1,0,0,Heat,0.29,19.0,28.4,8.1,Completed
T004320,2026-07-14,R04,B014,17,1,0,0,Heat,0.769,29.0,28.4,12.2,Completed
T004321,2026-07-14,R04,B014,18,1,0,0,Heat,0.769,46.0,28.4,8.8,Completed
T004322,2026-07-14,R04,B013,20,1,0,0,Heat,0.27,14.0,28.4,6.2,Completed
T004323,2026-07-14,R05,B017,5,1,0,0,Heat,0.255,6.0,44.4,6.2,Completed
T004324,2026-07-14,R05,B017,7,1,0,0,Heat,0.317,18.0,44.4,9.7,Completed
T004325,2026-07-14,R05,B018,8,1,0,0,Heat,0.816,20.0,44.4,16.6,Completed
T004326,2026-07-14,R05,B019,9,1,0,0,Heat,0.751,46.0,44.4,13.8,Completed
T004327,2026-07-14,R05,B019,11,1,0,0,Heat,0.345,23.0,44.4,10.7,Completed
T004328,2026-07-14,R05,B020,12,1,0,0,Heat,0.28,20.0,44.4,-1.1,Completed
T004329,2026-07-14,R05,B020,13,1,0,0,Heat,0.35,17.0,44.4,7.5,Completed
T004330,2026-07-14,R05,B019,14,1,0,0,Heat,0.292,16.0,44.4,5.8,Completed
T004331,2026-07-14,R05,B020,15,1,0,0,Heat,0.307,15.0,44.4,4.3,Completed
T004332,2026-07-14,R05,B017,16,1,0,0,Heat,0.323,19.0,44.4,6.0,Completed
T004333,2026-07-14,R05,B017,17,1,0,0,Heat,0.799,26.0,44.4,9.4,Completed
T004334,2026-07-14,R05,B020,18,1,0,0,Heat,0.765,27.0,44.4,6.9,Completed
T004335,2026-07-14,R05,B020,19,1,0,0,Heat,0.27,21.0,44.4,9.0,Completed
T004336,2026-07-14,R05,B019,20,1,0,0,Heat,0.295,14.0,44.4,1.1,Completed
T004337,2026-07-14,R05,B019,21,1,0,0,Heat,0.347,11.0,44.4,11.0,Completed
T004338,2026-07-14,R06,B024,5,1,0,0,Heat,0.261,10.0,41.2,10.1,Completed
T004339,2026-07-14,R06,B023,6,1,0,0,Heat,0.273,17.0,41.2,3.4,Completed
T004340,2026-07-14,R06,B024,7,1,0,0,Heat,,21.0,41.2,0.5,Completed
T004341,2026-07-14,R06,B023,8,1,0,0,Heat,0.754,57.0,41.2,10.7,Completed
T004342,2026-07-14,R06,B021,9,1,0,0,Heat,0.793,46.0,41.2,12.0,Completed
T004343,2026-07-14,R06,B023,11,1,0,0,Heat,0.269,24.0,41.2,-1.1,Completed
T004344,2026-07-14,R06,B022,13,1,0,0,Heat,0.28,24.0,41.2,7.4,Completed
T004345,2026-07-14,R06,B022,14,1,0,0,Heat,0.297,17.0,41.2,4.1,Completed
T004346,2026-07-14,R06,B021,17,1,0,0,Heat,0.83,33.0,41.2,14.9,Completed
T004347,2026-07-14,R06,B021,18,1,0,0,Heat,0.821,34.0,41.2,16.8,Completed
T004348,2026-07-14,R06,B021,19,1,0,0,Heat,0.322,29.0,41.2,8.9,Completed
T004349,2026-07-14,R06,B023,21,1,0,0,Heat,0.307,11.0,41.2,14.9,Completed
T004350,2026-07-14,R07,B026,5,1,0,0,Heat,0.272,5.0,33.2,9.0,Completed
T004351,2026-07-14,R07,B025,6,1,0,0,Heat,0.292,9.0,33.2,5.6,Completed
T004352,2026-07-14,R07,B027,8,1,0,0,Heat,0.803,18.0,33.2,19.5,Completed
T004353,2026-07-14,R07,B025,9,1,0,0,Heat,0.847,28.0,33.2,10.9,Completed
T004354,2026-07-14,R07,B026,11,1,0,0,Heat,0.253,14.0,33.2,5.8,Completed
T004355,2026-07-14,R07,B026,12,1,0,0,Heat,0.263,12.0,33.2,3.0,Completed
T004356,2026-07-14,R07,B026,13,1,0,0,Heat,0.252,12.0,33.2,5.2,Completed
T004357,2026-07-14,R07,B026,14,1,0,0,Heat,0.265,10.0,33.2,4.3,Completed
T004358,2026-07-14,R07,B026,17,1,0,0,Heat,0.787,24.0,33.2,12.2,Completed
T004359,2026-07-14,R07,B026,18,1,0,0,Heat,0.755,26.0,33.2,14.1,Completed
T004360,2026-07-14,R07,B028,19,1,0,0,Heat,0.328,14.0,33.2,6.1,Completed
T004361,2026-07-14,R07,B028,20,1,0,0,Heat,0.312,10.0,33.2,7.2,Completed
T004362,2026-07-14,R07,B026,21,1,0,0,Heat,0.343,4.0,33.2,7.3,Completed
T004363,2026-07-14,R08,B031,7,1,0,0,Heat,0.302,23.0,26.8,3.2,Completed
T004364,2026-07-14,R08,B030,8,1,0,0,Heat,0.751,23.0,26.8,19.7,Completed
T004365,2026-07-14,R08,B031,9,1,0,0,Heat,0.813,34.0,26.8,15.0,Completed
T004366,2026-07-14,R08,B031,11,1,0,0,Heat,0.311,14.0,26.8,-0.7,Completed
T004367,2026-07-14,R08,B029,14,1,0,0,Heat,0.28,12.0,26.8,3.0,Completed
T004368,2026-07-14,R08,B031,17,1,0,0,Heat,0.819,34.0,26.8,11.8,Completed
T004369,2026-07-14,R08,B032,18,1,0,0,Heat,0.791,0.0,26.8,,Cancelled
T004370,2026-07-14,R08,B029,21,1,0,0,Heat,0.278,7.0,26.8,7.6,Completed
T004371,2026-07-14,R09,B034,5,1,0,0,Heat,0.278,3.0,63.6,2.0,Completed
T004372,2026-07-14,R09,B035,6,1,0,0,Heat,0.299,8.0,63.6,3.0,Completed
T004373,2026-07-14,R09,B036,8,1,0,0,Heat,0.772,22.0,63.6,11.7,Completed
T004374,2026-07-14,R09,B035,9,1,0,0,,0.845,25.0,63.6,15.4,Completed
T004375,2026-07-14,R09,B035,11,1,0,0,Heat,0.322,14.0,63.6,10.0,Completed
T004376,2026-07-14,R09,B035,17,1,0,0,Heat,0.772,21.0,63.6,15.1,Completed
T004377,2026-07-14,R09,B033,18,1,0,0,Heat,0.755,25.0,63.6,15.9,Completed
T004378,2026-07-14,R09,B035,20,1,0,0,Heat,0.281,9.0,63.6,4.0,Completed
T004379,2026-07-14,R09,B036,21,1,0,0,,0.279,4.0,63.6,13.1,Completed
T004380,2026-07-14,R10,B038,5,1,0,0,Heat,0.282,5.0,38.0,6.8,Completed
T004381,2026-07-14,R10,B038,7,1,0,0,Heat,0.33,20.0,38.0,2.3,Completed
T004382,2026-07-14,R10,B039,8,1,0,0,Heat,0.812,20.0,38.0,11.6,Completed
T004383,2026-07-14,R10,B037,9,1,0,0,Heat,0.816,22.0,38.0,12.6,Completed
T004384,2026-07-14,R10,B037,12,1,0,0,Heat,0.317,15.0,38.0,2.2,Completed
T004385,2026-07-14,R10,B039,15,1,0,0,Heat,0.343,16.0,38.0,10.8,Completed
T004386,2026-07-14,R10,B040,16,1,0,0,Heat,0.321,20.0,38.0,5.1,Completed
T004387,2026-07-14,R10,B038,17,1,0,0,Heat,0.782,25.0,38.0,11.6,Completed
T004388,2026-07-14,R10,B039,18,1,0,0,Heat,0.779,24.0,38.0,12.3,Completed
T004389,2026-07-14,R10,B037,19,1,0,0,Heat,0.296,16.0,38.0,5.1,Completed
T004390,2026-07-14,R10,B038,20,1,0,0,Heat,0.342,,38.0,5.8,Completed
T004391,2026-07-14,R10,B038,21,1,0,0,Heat,0.337,8.0,38.0,0.4,Completed
T004392,2026-07-15,R01,B001,6,2,0,0,Clear,0.273,22.0,50.8,9.0,Completed
T004393,2026-07-15,R01,B004,7,2,0,0,Clear,0.336,32.0,50.8,6.2,Completed
T004394,2026-07-15,R01,B001,8,2,0,0,Clear,0.81,0.0,50.8,,Cancelled
T004395,2026-07-15,R01,B002,9,2,0,0,Clear,0.83,48.0,50.8,9.0,Completed
T004396,2026-07-15,R01,B001,10,2,0,0,Clear,0.334,44.0,50.8,4.5,Completed
T004397,2026-07-15,R01,B004,11,2,0,0,Clear,0.328,30.0,50.8,9.5,Completed
T004398,2026-07-15,R01,B003,12,2,0,0,Clear,0.3,36.0,50.8,8.1,Completed
T004399,2026-07-15,R01,B003,17,2,0,0,Clear,0.826,60.0,50.8,9.7,Completed
T004400,2026-07-15,R01,B002,18,2,0,0,Clear,0.785,43.0,50.8,8.3,Completed
T004401,2026-07-15,R01,B001,21,2,0,0,Clear,0.331,18.0,50.8,11.6,Completed
T004402,2026-07-15,R02,B008,5,2,0,0,Clear,0.27,9.0,36.4,4.8,Completed
T004403,2026-07-15,R02,B008,8,2,0,0,Clear,0.845,45.0,36.4,16.1,Completed
T004404,2026-07-15,R02,B007,9,2,0,0,Clear,0.759,44.0,36.4,9.4,Completed
T004405,2026-07-15,R02,B005,14,2,0,0,Clear,0.265,20.0,36.4,-0.2,Completed
T004406,2026-07-15,R02,B006,15,2,0,0,Clear,0.263,33.0,36.4,7.6,Completed
T004407,2026-07-15,R02,B006,16,2,0,0,Clear,0.298,42.0,36.4,5.4,Completed
T004408,2026-07-15,R02,B008,17,2,0,0,Clear,0.822,43.0,36.4,10.1,Completed
T004409,2026-07-15,R02,B005,18,2,0,0,Clear,0.78,0.0,36.4,,Cancelled
T004410,2026-07-15,R02,B007,21,2,0,0,Clear,0.349,8.0,36.4,1.1,Completed
T004411,2026-07-15,R03,B009,8,2,0,0,Clear,0.84,28.0,58.8,14.1,Completed
T004412,2026-07-15,R03,B009,9,2,0,0,Clear,0.765,37.0,58.8,16.9,Completed
T004413,2026-07-15,R03,B012,11,2,0,0,Clear,0.304,34.0,58.8,8.4,Completed
T004414,2026-07-15,R03,B009,12,2,0,0,Clear,0.333,19.0,58.8,2.7,Completed
T004415,2026-07-15,R03,B012,14,2,0,0,Clear,0.304,27.0,58.8,5.6,Completed
T004416,2026-07-15,R03,B010,15,2,0,0,Clear,0.273,26.0,58.8,5.6,Completed
T004417,2026-07-15,R03,B010,17,2,0,0,Clear,0.844,43.0,58.8,16.9,Completed
T004418,2026-07-15,R03,B009,18,2,0,0,Clear,0.799,40.0,58.8,14.8,Completed
T004419,2026-07-15,R03,B010,19,2,0,0,Clear,0.284,35.0,58.8,4.8,Completed
T004420,2026-07-15,R03,B011,21,2,0,0,Clear,0.306,12.0,58.8,10.7,Completed
T004421,2026-07-15,R04,B016,8,2,0,0,Clear,0.814,37.0,28.4,12.4,Completed
T004422,2026-07-15,R04,B013,9,2,0,0,Clear,0.766,34.0,28.4,14.7,Completed
T004423,2026-07-15,R04,B016,10,2,0,0,Clear,0.26,22.0,28.4,2.5,Completed
T004424,2026-07-15,R04,B014,14,2,0,0,Clear,0.322,23.0,28.4,6.2,Completed
T004425,2026-07-15,R04,B016,16,2,0,0,Clear,0.281,20.0,28.4,2.0,Completed
T004426,2026-07-15,R04,B015,17,2,0,0,Clear,0.758,35.0,28.4,18.9,Completed
T004427,2026-07-15,R04,B016,18,2,0,0,Clear,0.766,26.0,28.4,13.0,Completed
T004428,2026-07-15,R05,B020,7,2,0,0,Clear,0.283,22.0,44.4,-2.4,Completed
T004429,2026-07-15,R05,B018,8,2,0,0,Clear,0.796,22.0,44.4,13.3,Completed
T004430,2026-07-15,R05,B018,9,2,0,0,Clear,0.832,38.0,44.4,15.6,Completed
T004431,2026-07-15,R05,B018,15,2,0,0,Clear,0.286,12.0,44.4,3.3,Completed
T004432,2026-07-15,R05,B018,17,2,0,0,Clear,0.768,0.0,44.4,,Cancelled
T004433,2026-07-15,R05,B018,18,2,0,0,Clear,0.816,23.0,44.4,15.6,Completed
T004434,2026-07-15,R05,B019,19,2,0,0,Clear,0.297,26.0,44.4,5.8,Completed
T004435,2026-07-15,R05,B020,20,2,0,0,Clear,0.316,17.0,44.4,3.2,Completed
T004436,2026-07-15,R06,B022,5,2,0,0,Clear,0.343,7.0,41.2,5.1,Completed
T004437,2026-07-15,R06,B021,8,2,0,0,Clear,0.817,37.0,41.2,15.3,Completed
T004438,2026-07-15,R06,B021,9,2,0,0,Clear,0.819,40.0,41.2,15.9,Completed
T004439,2026-07-15,R06,B023,11,2,0,0,Clear,0.32,29.0,41.2,6.2,Completed
T004440,2026-07-15,R06,B023,12,2,0,0,Clear,0.252,24.0,41.2,4.7,Completed
T004441,2026-07-15,R06,B022,16,2,0,0,Clear,0.299,31.0,41.2,5.0,Completed
T004442,2026-07-15,R06,B022,17,2,0,0,Clear,0.808,35.0,41.2,16.4,Completed
T004443,2026-07-15,R06,B021,18,2,0,0,Clear,0.84,45.0,41.2,13.0,Completed
T004444,2026-07-15,R06,B021,19,2,0,0,Clear,0.299,27.0,41.2,8.6,Completed
T004445,2026-07-15,R07,B027,5,2,0,0,Clear,0.254,7.0,33.2,9.2,Completed
T004446,2026-07-15,R07,B028,8,2,0,0,Clear,0.819,20.0,33.2,15.4,Completed
T004447,2026-07-15,R07,B026,9,2,0,0,Clear,0.842,24.0,33.2,17.1,Completed
T004448,2026-07-15,R07,B025,10,2,0,0,Clear,0.348,17.0,33.2,3.6,Completed
T004449,2026-07-15,R07,B028,14,2,0,0,Clear,0.333,9.0,33.2,4.3,Completed
T004450,2026-07-15,R07,B028,15,2,0,0,Clear,0.305,15.0,33.2,6.2,Completed
T004451,2026-07-15,R07,B026,17,2,0,0,Clear,0.829,28.0,33.2,8.5,Completed
T004452,2026-07-15,R07,B025,18,2,0,0,Clear,0.795,28.0,33.2,15.6,Completed
T004453,2026-07-15,R07,B025,19,2,0,0,Clear,0.321,21.0,33.2,10.8,Completed
T004454,2026-07-15,R08,B031,6,2,0,0,Clear,0.295,10.0,26.8,4.1,Completed
T004455,2026-07-15,R08,B029,8,2,0,0,Clear,0.757,23.0,26.8,5.9,Completed
T004456,2026-07-15,R08,B030,9,2,0,0,Clear,0.763,50.0,26.8,15.2,Completed
T004457,2026-07-15,R08,B032,10,2,0,0,Clear,0.277,28.0,26.8,0.7,Completed
T004458,2026-07-15,R08,B032,11,2,0,0,Clear,0.339,17.0,26.8,8.2,Completed
T004459,2026-07-15,R08,B032,13,2,0,0,Clear,0.263,20.0,26.8,5.8,Completed
T004460,2026-07-15,R08,B029,15,2,0,0,Clear,0.306,20.0,26.8,6.3,Completed
T004461,2026-07-15,R08,B029,17,2,0,0,Clear,0.755,26.0,26.8,7.6,Completed
T004462,2026-07-15,R08,B031,18,2,0,0,Clear,0.766,24.0,26.8,9.3,Completed
T004463,2026-07-15,R08,B030,19,2,0,0,Clear,0.262,17.0,26.8,9.5,Completed
T004464,2026-07-15,R09,B036,6,2,0,0,Clear,0.251,7.0,63.6,3.1,Completed
T004465,2026-07-15,R09,B035,8,2,0,0,Clear,0.816,25.0,63.6,11.6,Completed
T004466,2026-07-15,R09,B034,9,2,0,0,Clear,0.802,30.0,63.6,10.4,Completed
T004467,2026-07-15,R09,B036,10,2,0,0,Clear,0.312,14.0,63.6,8.8,Completed
T004468,2026-07-15,R09,B036,13,2,0,0,Clear,0.301,13.0,63.6,10.3,Completed
T004469,2026-07-15,R09,B034,17,2,0,0,Clear,0.847,32.0,63.6,10.9,Completed
T004470,2026-07-15,R09,B033,18,2,0,0,Clear,0.78,26.0,63.6,19.3,Completed
T004471,2026-07-15,R09,B034,21,2,0,0,Clear,0.276,7.0,63.6,4.5,Completed
T004472,2026-07-15,R10,B037,6,2,0,0,Clear,0.271,8.0,38.0,5.0,Completed
T004473,2026-07-15,R10,B037,7,2,0,0,Clear,0.333,14.0,38.0,4.9,Completed
T004474,2026-07-15,R10,B038,8,2,0,0,Clear,0.811,27.0,38.0,4.9,Completed
T004475,2026-07-15,R10,B040,9,2,0,0,Clear,0.789,22.0,38.0,8.9,Completed
T004476,2026-07-15,R10,B039,10,2,0,0,Clear,0.276,21.0,38.0,3.0,Completed
T004477,2026-07-15,R10,B039,11,2,0,0,Clear,0.341,,38.0,8.2,Completed
T004478,2026-07-15,R10,B040,14,2,0,0,Clear,0.325,16.0,38.0,6.4,Completed
T004479,2026-07-15,R10,B040,17,2,0,0,Clear,0.814,31.0,38.0,10.1,Completed
T004480,2026-07-15,R10,B040,18,2,0,0,Clear,0.818,26.0,38.0,7.4,Completed
T004481,2026-07-16,R01,B002,7,3,0,0,Clear,0.315,0.0,50.8,,Cancelled
T004482,2026-07-16,R01,B003,8,3,0,0,Clear,0.798,44.0,50.8,9.8,Completed
T004483,2026-07-16,R01,B003,9,3,0,0,Clear,0.808,59.0,50.8,15.9,Completed
T004484,2026-07-16,R01,B001,10,3,0,0,Clear,0.309,0.0,50.8,,Cancelled
T004485,2026-07-16,R01,B001,11,3,0,0,Clear,0.321,25.0,50.8,9.1,Completed
T004486,2026-07-16,R01,B002,17,3,0,0,Clear,0.779,48.0,50.8,12.8,Completed
T004487,2026-07-16,R01,B003,18,3,0,0,Clear,0.84,60.0,50.8,11.2,Completed
T004488,2026-07-16,R01,B001,20,3,0,0,Clear,0.339,28.0,50.8,8.0,Completed
T004489,2026-07-16,R01,B003,21,3,0,0,Clear,0.302,15.0,50.8,5.0,Completed
T004490,2026-07-16,R02,B008,5,3,0,0,Clear,0.26,12.0,36.4,3.8,Completed
T004491,2026-07-16,R02,B008,8,3,0,0,Clear,0.799,41.0,36.4,10.4,Completed
T004492,2026-07-16,R02,B007,9,3,0,0,Clear,0.753,50.0,36.4,9.8,Completed
T004493,2026-07-16,R02,B006,13,3,0,0,Clear,0.32,29.0,36.4,5.2,Completed
T004494,2026-07-16,R02,B005,14,3,0,0,Clear,0.325,18.0,36.4,14.8,Completed
T004495,2026-07-16,R02,B005,16,3,0,0,Clear,0.283,24.0,36.4,2.8,Completed
T004496,2026-07-16,R02,B007,17,3,0,0,Clear,0.823,39.0,36.4,15.2,Completed
T004497,2026-07-16,R02,B007,18,3,0,0,Clear,0.768,46.0,36.4,8.5,Completed
T004498,2026-07-16,R02,B005,20,3,0,0,Clear,0.262,13.0,36.4,5.2,Completed
T004499,2026-07-16,R02,B008,21,3,0,0,Clear,0.276,12.0,36.4,3.9,Completed
T004500,2026-07-16,R03,B012,6,3,0,0,Clear,0.348,22.0,58.8,6.1,Completed
T004501,2026-07-16,R03,B009,8,3,0,0,Clear,0.756,29.0,58.8,14.8,Completed
T004502,2026-07-16,R03,B010,9,3,0,0,Clear,0.838,34.0,58.8,11.8,Completed
T004503,2026-07-16,R03,B012,12,3,0,0,Clear,0.324,36.0,58.8,4.6,Completed
T004504,2026-07-16,R03,B010,13,3,0,0,Clear,0.348,30.0,58.8,7.9,Completed
T004505,2026-07-16,R03,B010,15,3,0,0,Clear,0.322,30.0,58.8,10.0,Completed
T004506,2026-07-16,R03,B011,17,3,0,0,Clear,0.752,47.0,58.8,15.1,Completed
T004507,2026-07-16,R03,B009,18,3,0,0,Clear,0.767,30.0,58.8,13.5,Completed
T004508,2026-07-16,R03,B009,19,3,0,0,Clear,0.279,28.0,58.8,3.4,Completed
T004509,2026-07-16,R04,B016,5,3,0,0,Clear,0.285,7.0,28.4,2.7,Completed
T004510,2026-07-16,R04,B016,8,3,0,0,Clear,0.849,29.0,28.4,6.9,Completed
T004511,2026-07-16,R04,B013,9,3,0,0,Clear,0.829,49.0,28.4,15.5,Completed
T004512,2026-07-16,R04,B013,10,3,0,0,Clear,0.267,28.0,28.4,10.4,Completed
T004513,2026-07-16,R04,B014,11,3,0,0,Clear,0.332,22.0,28.4,11.9,Completed
T004514,2026-07-16,R04,B015,12,3,0,0,Clear,0.257,17.0,28.4,3.9,Completed
T004515,2026-07-16,R04,B016,14,3,0,0,Clear,0.326,12.0,28.4,2.8,Completed
T004516,2026-07-16,R04,B013,16,3,0,0,Clear,0.259,32.0,28.4,8.0,Completed
T004517,2026-07-16,R04,B013,17,3,0,0,Clear,0.814,27.0,28.4,15.7,Completed
T004518,2026-07-16,R04,B014,18,3,0,0,Clear,0.849,41.0,28.4,13.0,Completed
T004519,2026-07-16,R04,B013,20,3,0,0,Clear,0.305,18.0,28.4,8.6,Completed
T004520,2026-07-16,R05,B019,6,3,0,0,Clear,0.335,12.0,44.4,4.9,Completed
T004521,2026-07-16,R05,B018,8,3,0,0,Clear,0.762,23.0,44.4,11.0,Completed
T004522,2026-07-16,R05,B017,9,3,0,0,Clear,0.833,31.0,44.4,13.6,Completed
T004523,2026-07-16,R05,B017,12,3,0,0,Clear,0.269,20.0,44.4,2.7,Completed
T004524,2026-07-16,R05,B020,13,3,0,0,Clear,0.334,24.0,44.4,3.6,Completed
T004525,2026-07-16,R05,B019,17,3,0,0,Clear,0.756,0.0,44.4,,Cancelled
T004526,2026-07-16,R05,B017,18,3,0,0,Clear,0.839,39.0,44.4,7.0,Completed
T004527,2026-07-16,R05,B018,19,3,0,0,Clear,0.298,18.0,44.4,5.4,Completed
T004528,2026-07-16,R05,B017,21,3,0,0,Clear,0.298,400.0,44.4,10.0,Completed
T004529,2026-07-16,R06,B022,5,3,0,0,Clear,0.314,8.0,41.2,12.7,Completed
T004530,2026-07-16,R06,B021,6,3,0,0,Clear,0.292,15.0,41.2,11.5,Completed
T004531,2026-07-16,R06,B022,8,3,0,0,Clear,0.764,36.0,41.2,3.5,Completed
T004532,2026-07-16,R06,B021,9,3,0,0,Clear,0.799,49.0,41.2,11.8,Completed
T004533,2026-07-16,R06,B023,12,3,0,0,Clear,0.268,21.0,41.2,0.6,Completed
T004534,2026-07-16,R06,B024,13,3,0,0,Clear,0.278,24.0,41.2,1.7,Completed
T004535,2026-07-16,R06,B022,16,3,0,0,Clear,0.313,23.0,41.2,8.4,Completed
T004536,2026-07-16,R06,B021,17,3,0,0,Clear,0.827,38.0,41.2,12.3,Completed
T004537,2026-07-16,R06,B023,18,3,0,0,Clear,0.822,43.0,41.2,15.5,Completed
T004538,2026-07-16,R07,B028,8,3,0,0,Clear,0.818,23.0,33.2,12.8,Completed
T004539,2026-07-16,R07,B027,9,3,0,0,Clear,0.803,34.0,33.2,11.8,Completed
T004540,2026-07-16,R07,B026,10,3,0,0,Clear,0.308,14.0,33.2,4.5,Completed
T004541,2026-07-16,R07,B026,12,3,0,0,Clear,0.29,8.0,33.2,8.1,Completed
T004542,2026-07-16,R07,B028,13,3,0,0,Clear,0.303,12.0,33.2,10.0,Completed
T004543,2026-07-16,R07,B028,14,3,0,0,Clear,0.335,16.0,33.2,4.3,Completed
T004544,2026-07-16,R07,B026,15,3,0,0,Clear,0.288,12.0,33.2,9.4,Completed
T004545,2026-07-16,R07,B025,17,3,0,0,Clear,0.76,18.0,33.2,11.8,Completed
T004546,2026-07-16,R07,B025,18,3,0,0,Clear,0.763,26.0,33.2,12.0,Completed
T004547,2026-07-16,R07,B027,19,3,0,0,Clear,0.328,18.0,33.2,6.0,Completed
T004548,2026-07-16,R07,B025,20,3,0,0,Clear,0.276,12.0,33.2,12.6,Completed
T004549,2026-07-16,R07,B026,21,3,0,0,Clear,0.273,6.0,33.2,0.1,Completed
T004550,2026-07-16,R08,B031,8,3,0,0,Clear,0.761,26.0,26.8,10.8,Completed
T004551,2026-07-16,R08,B031,9,3,0,0,Clear,0.758,27.0,26.8,12.8,Completed
T004552,2026-07-16,R08,B030,10,3,0,0,Clear,0.276,24.0,26.8,6.2,Completed
T004553,2026-07-16,R08,B032,12,3,0,0,Clear,0.259,28.0,26.8,13.5,Completed
T004554,2026-07-16,R08,B031,13,3,0,0,Clear,0.293,17.0,26.8,1.3,Completed
T004555,2026-07-16,R08,B031,14,3,0,0,Clear,0.301,14.0,26.8,5.4,Completed
T004556,2026-07-16,R08,B031,16,3,0,0,Clear,0.31,17.0,26.8,1.4,Completed
T004557,2026-07-16,R08,B032,17,3,0,0,Clear,0.76,35.0,26.8,11.2,Completed
T004558,2026-07-16,R08,B029,18,3,0,0,Clear,0.841,28.0,26.8,14.5,Completed
T004559,2026-07-16,R09,B033,6,3,0,0,,0.294,12.0,63.6,8.9,Completed
T004560,2026-07-16,R09,B033,8,3,0,0,Clear,0.8,24.0,63.6,10.7,Completed
T004561,2026-07-16,R09,B036,9,3,0,0,Clear,0.799,24.0,63.6,8.5,Completed
T004562,2026-07-16,R09,B035,13,3,0,0,Clear,0.272,0.0,63.6,,Cancelled
T004563,2026-07-16,R09,B033,14,3,0,0,Clear,0.256,12.0,63.6,4.8,Completed
T004564,2026-07-16,R09,B035,17,3,0,0,Clear,0.809,21.0,63.6,14.9,Completed
T004565,2026-07-16,R09,B034,18,3,0,0,Clear,0.848,21.0,63.6,14.9,Completed
T004566,2026-07-16,R09,B033,19,3,0,0,Clear,0.343,15.0,63.6,10.2,Completed
T004567,2026-07-16,R09,B033,20,3,0,0,Clear,0.256,15.0,63.6,7.0,Completed
T004568,2026-07-16,R09,B035,21,3,0,0,Clear,0.267,8.0,63.6,4.4,Completed
T004569,2026-07-16,R10,B037,8,3,0,0,Clear,0.792,19.0,38.0,14.7,Completed
T004570,2026-07-16,R10,B040,9,3,0,0,Clear,0.751,37.0,38.0,12.2,Completed
T004571,2026-07-16,R10,B038,12,3,0,0,Clear,0.276,15.0,38.0,5.3,Completed
T004572,2026-07-16,R10,B040,13,3,0,0,Clear,0.347,17.0,38.0,1.7,Completed
T004573,2026-07-16,R10,B039,14,3,0,0,Clear,0.336,14.0,38.0,5.5,Completed
T004574,2026-07-16,R10,B040,15,3,0,0,Clear,0.295,15.0,38.0,5.0,Completed
T004575,2026-07-16,R10,B038,16,3,0,0,Clear,0.334,20.0,38.0,6.5,Completed
T004576,2026-07-16,R10,B040,17,3,0,0,Clear,0.813,29.0,38.0,10.6,Completed
T004577,2026-07-16,R10,B040,18,3,0,0,Clear,0.82,0.0,38.0,,Cancelled
T004578,2026-07-16,R10,B040,20,3,0,0,Clear,0.339,11.0,38.0,3.1,Completed
T004579,2026-07-16,R10,B040,21,3,0,0,Clear,0.272,7.0,38.0,9.6,Completed
T004580,2026-07-17,R01,B004,8,4,0,0,Clear,0.765,46.0,50.8,8.9,Completed
T004581,2026-07-17,R01,B002,9,4,0,0,Clear,0.787,50.0,50.8,11.3,Completed
T004582,2026-07-17,R01,B003,12,4,0,0,Clear,0.298,37.0,50.8,5.8,Completed
T004583,2026-07-17,R01,B001,13,4,0,0,Clear,0.341,27.0,50.8,10.6,Completed
T004584,2026-07-17,R01,B001,15,4,0,0,Clear,0.29,28.0,50.8,7.3,Completed
T004585,2026-07-17,R01,B001,16,4,0,0,Clear,0.261,36.0,50.8,11.3,Completed
T004586,2026-07-17,R01,B002,17,4,0,0,Clear,0.793,44.0,50.8,18.3,Completed
T004587,2026-07-17,R01,B003,18,4,0,0,Clear,0.8,60.0,50.8,9.5,Completed
T004588,2026-07-17,R01,B004,20,4,0,0,Clear,0.32,22.0,50.8,6.1,Completed
T004589,2026-07-17,R01,B002,21,4,0,0,Clear,0.281,12.0,50.8,3.9,Completed
T004590,2026-07-17,R02,B006,7,4,0,0,Clear,0.252,37.0,36.4,3.7,Completed
T004591,2026-07-17,R02,B005,8,4,0,0,Clear,0.8,30.0,36.4,18.1,Completed
T004592,2026-07-17,R02,B006,9,4,0,0,Clear,0.752,48.0,36.4,18.8,Completed
T004593,2026-07-17,R02,B008,11,4,0,0,Clear,0.262,23.0,36.4,8.1,Completed
T004594,2026-07-17,R02,B006,12,4,0,0,Clear,0.322,22.0,36.4,1.7,Completed
T004595,2026-07-17,R02,B007,13,4,0,0,Clear,0.338,24.0,36.4,-0.7,Completed
T004596,2026-07-17,R02,B006,15,4,0,0,Clear,0.328,33.0,36.4,4.8,Completed
T004597,2026-07-17,R02,B008,16,4,0,0,Clear,,32.0,36.4,7.2,Completed
T004598,2026-07-17,R02,B006,17,4,0,0,Clear,0.809,60.0,36.4,11.0,Completed
T004599,2026-07-17,R02,B006,18,4,0,0,Clear,0.788,60.0,36.4,21.1,Completed
T004600,2026-07-17,R02,B005,19,4,0,0,Clear,0.311,20.0,36.4,14.6,Completed
T004601,2026-07-17,R03,B011,5,4,0,0,Clear,0.32,7.0,58.8,7.3,Completed
T004602,2026-07-17,R03,B011,6,4,0,0,Clear,0.321,16.0,58.8,8.1,Completed
T004603,2026-07-17,R03,B012,8,4,0,0,Clear,0.847,40.0,58.8,13.5,Completed
T004604,2026-07-17,R03,B011,9,4,0,0,Clear,0.764,50.0,58.8,10.8,Completed
T004605,2026-07-17,R03,B012,14,4,0,0,Clear,0.279,31.0,58.8,4.8,Completed
T004606,2026-07-17,R03,B010,16,4,0,0,Clear,0.309,34.0,58.8,8.1,Completed
T004607,2026-07-17,R03,B010,17,4,0,0,Clear,0.799,46.0,58.8,14.3,Completed
T004608,2026-07-17,R03,B011,18,4,0,0,Clear,0.819,44.0,58.8,11.8,Completed
T004609,2026-07-17,R03,B011,19,4,0,0,Clear,0.267,35.0,58.8,5.9,Completed
T004610,2026-07-17,R04,B013,5,4,0,0,Clear,0.281,5.0,28.4,6.7,Completed
T004611,2026-07-17,R04,B015,6,4,0,0,Clear,0.322,0.0,28.4,,Cancelled
T004612,2026-07-17,R04,B013,8,4,0,0,Clear,0.796,47.0,28.4,14.1,Completed
T004613,2026-07-17,R04,B015,9,4,0,0,Clear,0.762,40.0,28.4,13.5,Completed
T004614,2026-07-17,R04,B014,10,4,0,0,Clear,0.27,31.0,28.4,0.2,Completed
T004615,2026-07-17,R04,B014,11,4,0,0,Clear,0.337,22.0,28.4,8.3,Completed
T004616,2026-07-17,R04,B016,13,4,0,0,Clear,0.278,14.0,28.4,4.4,Completed
T004617,2026-07-17,R04,B013,15,4,0,0,Clear,0.32,20.0,28.4,7.4,Completed
T004618,2026-07-17,R04,B013,17,4,0,0,Clear,0.787,36.0,28.4,9.2,Completed
T004619,2026-07-17,R04,B014,18,4,0,0,Clear,0.802,49.0,28.4,11.7,Completed
T004620,2026-07-17,R04,B014,19,4,0,0,Clear,0.342,29.0,28.4,3.0,Completed
T004621,2026-07-17,R05,B020,7,4,0,0,Clear,0.348,19.0,44.4,10.0,Completed
T004622,2026-07-17,R05,B019,8,4,0,0,Clear,0.84,34.0,44.4,9.8,Completed
T004623,2026-07-17,R05,B017,9,4,0,0,Clear,0.754,24.0,44.4,8.5,Completed
T004624,2026-07-17,R05,B019,10,4,0,0,Clear,0.295,29.0,44.4,5.6,Completed
T004625,2026-07-17,R05,B020,13,4,0,0,Clear,0.324,23.0,44.4,5.0,Completed
T004626,2026-07-17,R05,B018,15,4,0,0,Clear,0.298,17.0,44.4,7.6,Completed
T004627,2026-07-17,R05,B017,16,4,0,0,Clear,0.265,26.0,44.4,1.6,Completed
T004628,2026-07-17,R05,B018,17,4,0,0,Clear,0.822,28.0,44.4,13.1,Completed
T004629,2026-07-17,R05,B020,18,4,0,0,Clear,0.836,35.0,44.4,13.3,Completed
T004630,2026-07-17,R05,B018,20,4,0,0,Clear,0.334,11.0,44.4,8.5,Completed
T004631,2026-07-17,R06,B024,5,4,0,0,Clear,0.31,10.0,41.2,7.4,Completed
T004632,2026-07-17,R06,B023,8,4,0,0,Clear,0.789,52.0,41.2,8.2,Completed
T004633,2026-07-17,R06,B021,9,4,0,0,Clear,0.758,38.0,41.2,13.2,Completed
T004634,2026-07-17,R06,B023,11,4,0,0,Clear,0.284,20.0,41.2,14.0,Completed
T004635,2026-07-17,R06,B023,13,4,0,0,Clear,0.343,25.0,41.2,13.3,Completed
T004636,2026-07-17,R06,B022,14,4,0,0,Clear,0.296,19.0,41.2,1.2,Completed
T004637,2026-07-17,R06,B021,15,4,0,0,Clear,0.339,19.0,41.2,5.8,Completed
T004638,2026-07-17,R06,B023,16,4,0,0,Clear,0.286,39.0,41.2,10.5,Completed
T004639,2026-07-17,R06,B023,17,4,0,0,Clear,0.765,55.0,41.2,7.8,Completed
T004640,2026-07-17,R06,B021,18,4,0,0,Clear,0.828,44.0,41.2,9.1,Completed
T004641,2026-07-17,R06,B021,19,4,0,0,Clear,0.348,29.0,41.2,10.6,Completed
T004642,2026-07-17,R06,B023,20,4,0,0,Clear,0.332,20.0,41.2,7.2,Completed
T004643,2026-07-17,R07,B027,6,4,0,0,Clear,0.251,9.0,33.2,7.8,Completed
T004644,2026-07-17,R07,B027,8,4,0,0,Clear,0.774,34.0,33.2,16.0,Completed
T004645,2026-07-17,R07,B025,9,4,0,0,Clear,0.771,26.0,33.2,10.2,Completed
T004646,2026-07-17,R07,B027,11,4,0,0,Clear,0.293,16.0,33.2,5.0,Completed
T004647,2026-07-17,R07,B025,14,4,0,0,Clear,0.324,16.0,33.2,9.7,Completed
T004648,2026-07-17,R07,B025,17,4,0,0,Clear,0.783,25.0,33.2,12.9,Completed
T004649,2026-07-17,R07,B027,18,4,0,0,Clear,0.798,28.0,33.2,10.9,Completed
T004650,2026-07-17,R07,B025,21,4,0,0,Clear,0.275,8.0,33.2,5.4,Completed
T004651,2026-07-17,R08,B029,5,4,0,0,Clear,0.339,5.0,26.8,9.2,Completed
T004652,2026-07-17,R08,B032,6,4,0,0,Clear,0.257,16.0,26.8,-1.2,Completed
T004653,2026-07-17,R08,B030,8,4,0,0,Clear,0.805,32.0,26.8,12.6,Completed
T004654,2026-07-17,R08,B031,9,4,0,0,Clear,0.807,39.0,26.8,13.3,Completed
T004655,2026-07-17,R08,B032,10,4,0,0,Clear,0.283,23.0,26.8,6.6,Completed
T004656,2026-07-17,R08,B029,14,4,0,0,Clear,0.347,8.0,26.8,5.6,Completed
T004657,2026-07-17,R08,B030,15,4,0,0,Clear,0.337,17.0,26.8,3.7,Completed
T004658,2026-07-17,R08,B031,17,4,0,0,Clear,0.849,27.0,26.8,13.8,Completed
T004659,2026-07-17,R08,B030,18,4,0,0,Clear,0.814,33.0,26.8,14.4,Completed
T004660,2026-07-17,R08,B030,20,4,0,0,Clear,0.329,16.0,26.8,6.9,Completed
T004661,2026-07-17,R09,B033,7,4,0,0,Clear,0.252,13.0,63.6,6.6,Completed
T004662,2026-07-17,R09,B033,8,4,0,0,Clear,0.767,20.0,63.6,12.8,Completed
T004663,2026-07-17,R09,B036,9,4,0,0,Clear,0.85,20.0,63.6,14.6,Completed
T004664,2026-07-17,R09,B033,14,4,0,0,Clear,0.303,11.0,63.6,9.4,Completed
T004665,2026-07-17,R09,B035,15,4,0,0,Clear,0.295,14.0,63.6,7.7,Completed
T004666,2026-07-17,R09,B035,17,4,0,0,Clear,0.833,18.0,63.6,15.6,Completed
T004667,2026-07-17,R09,B033,18,4,0,0,Clear,0.813,26.0,63.6,14.8,Completed
T004668,2026-07-17,R09,B034,19,4,0,0,Clear,0.271,14.0,63.6,2.3,Completed
T004669,2026-07-17,R10,B039,7,4,0,0,Clear,0.349,14.0,38.0,6.8,Completed
T004670,2026-07-17,R10,B037,8,4,0,0,Clear,0.797,21.0,38.0,11.5,Completed
T004671,2026-07-17,R10,B040,9,4,0,0,Clear,0.816,21.0,38.0,7.6,Completed
T004672,2026-07-17,R10,B039,13,4,0,0,Clear,0.328,13.0,38.0,8.6,Completed
T004673,2026-07-17,R10,B038,15,4,0,0,Clear,0.281,16.0,38.0,4.4,Completed
T004674,2026-07-17,R10,B040,17,4,0,0,Clear,0.823,26.0,38.0,13.5,Completed
T004675,2026-07-17,R10,B039,18,4,0,0,Clear,0.845,22.0,38.0,12.0,Completed
T004676,2026-07-17,R10,B039,21,4,0,0,Clear,0.292,7.0,38.0,7.7,Completed
T004677,2026-07-18,R01,B001,7,5,1,0,Clear,0.123,19.0,50.8,2.6,Completed
T004678,2026-07-18,R01,B001,8,5,1,0,Clear,0.625,28.0,50.8,13.5,Completed
T004679,2026-07-18,R01,B004,9,5,1,0,Clear,0.664,32.0,50.8,16.0,Completed
T004680,2026-07-18,R01,B002,10,5,1,0,Clear,0.113,21.0,50.8,6.9,Completed
T004681,2026-07-18,R01,B003,11,5,1,0,Clear,0.134,20.0,50.8,3.9,Completed
T004682,2026-07-18,R01,B003,12,5,1,0,Clear,0.126,19.0,50.8,-2.7,Completed
T004683,2026-07-18,R01,B002,13,5,1,0,Clear,0.187,25.0,50.8,7.9,Completed
T004684,2026-07-18,R01,B003,16,5,1,0,Clear,0.196,28.0,50.8,4.2,Completed
T004685,2026-07-18,R01,B001,17,5,1,0,Clear,0.695,34.0,50.8,9.9,Completed
T004686,2026-07-18,R01,B003,18,5,1,0,Clear,0.628,36.0,50.8,9.4,Completed
T004687,2026-07-18,R01,B004,20,5,1,0,Clear,0.13,20.0,50.8,8.6,Completed
T004688,2026-07-18,R02,B006,5,5,1,0,Clear,0.144,7.0,36.4,3.8,Completed
T004689,2026-07-18,R02,B007,7,5,1,0,Clear,0.1,18.0,36.4,3.8,Completed
T004690,2026-07-18,R02,B005,8,5,1,0,Clear,0.634,20.0,36.4,14.6,Completed
T004691,2026-07-18,R02,B006,9,5,1,0,Clear,0.685,31.0,36.4,11.6,Completed
T004692,2026-07-18,R02,B008,10,5,1,0,Clear,0.135,21.0,36.4,3.7,Completed
T004693,2026-07-18,R02,B005,12,5,1,0,Clear,0.138,14.0,36.4,7.2,Completed
T004694,2026-07-18,R02,B005,17,5,1,0,Clear,0.632,19.0,36.4,10.7,Completed
T004695,2026-07-18,R02,B008,18,5,1,0,Clear,0.662,27.0,36.4,13.9,Completed
T004696,2026-07-18,R02,B005,20,5,1,0,Clear,0.197,9.0,36.4,4.3,Completed
T004697,2026-07-18,R02,B005,21,5,1,0,Clear,0.135,5.0,36.4,5.3,Completed
T004698,2026-07-18,R03,B009,7,5,1,0,Clear,0.175,17.0,58.8,12.3,Completed
T004699,2026-07-18,R03,B010,8,5,1,0,Clear,0.665,22.0,58.8,12.9,Completed
T004700,2026-07-18,R03,B009,9,5,1,0,Clear,0.653,29.0,58.8,8.4,Completed
T004701,2026-07-18,R03,B009,17,5,1,0,Clear,0.678,0.0,58.8,,Cancelled
T004702,2026-07-18,R03,B012,18,5,1,0,,0.652,28.0,58.8,14.8,Completed
T004703,2026-07-18,R03,B011,20,5,1,0,Clear,0.151,12.0,58.8,1.8,Completed
T004704,2026-07-18,R03,B011,21,5,1,0,Clear,0.135,9.0,58.8,10.8,Completed
T004705,2026-07-18,R04,B013,5,5,1,0,Clear,0.179,5.0,28.4,5.6,Completed
T004706,2026-07-18,R04,B013,8,5,1,0,Clear,0.667,22.0,28.4,14.9,Completed
T004707,2026-07-18,R04,B015,9,5,1,0,Clear,0.653,33.0,28.4,5.6,Completed
T004708,2026-07-18,R04,B016,11,5,1,0,Clear,0.137,11.0,28.4,3.6,Completed
T004709,2026-07-18,R04,B016,12,5,1,0,Clear,0.115,11.0,28.4,6.2,Completed
T004710,2026-07-18,R04,B015,13,5,1,0,Clear,0.194,14.0,28.4,4.0,Completed
T004711,2026-07-18,R04,B016,15,5,1,0,Clear,0.195,10.0,28.4,1.5,Completed
T004712,2026-07-18,R04,B016,16,5,1,0,Clear,0.159,14.0,28.4,3.0,Completed
T004713,2026-07-18,R04,B013,17,5,1,0,Clear,,29.0,28.4,13.5,Completed
T004714,2026-07-18,R04,B016,18,5,1,0,Clear,0.641,21.0,28.4,13.5,Completed
T004715,2026-07-18,R04,B016,19,5,1,0,Clear,0.109,16.0,28.4,4.4,Completed
T004716,2026-07-18,R04,B014,21,5,1,0,Clear,0.144,8.0,28.4,-0.6,Completed
T004717,2026-07-18,R05,B018,5,5,1,0,Clear,0.109,3.0,44.4,8.0,Completed
T004718,2026-07-18,R05,B018,6,5,1,0,Clear,0.142,7.0,44.4,7.7,Completed
T004719,2026-07-18,R05,B020,7,5,1,0,Clear,0.148,11.0,44.4,5.5,Completed
T004720,2026-07-18,R05,B019,8,5,1,0,Clear,0.643,20.0,44.4,9.6,Completed
T004721,2026-07-18,R05,B020,9,5,1,0,Clear,0.628,17.0,44.4,12.3,Completed
T004722,2026-07-18,R05,B018,10,5,1,0,Clear,0.129,16.0,44.4,5.9,Completed
T004723,2026-07-18,R05,B019,11,5,1,0,Clear,0.175,,44.4,0.0,Completed
T004724,2026-07-18,R05,B019,14,5,1,0,Clear,0.163,14.0,44.4,8.8,Completed
T004725,2026-07-18,R05,B019,15,5,1,0,Clear,0.106,15.0,44.4,1.7,Completed
T004726,2026-07-18,R05,B017,16,5,1,0,Clear,0.141,17.0,44.4,4.2,Completed
T004727,2026-07-18,R05,B019,17,5,1,0,Clear,0.663,21.0,44.4,8.4,Completed
T004728,2026-07-18,R05,B017,18,5,1,0,Clear,0.639,28.0,44.4,8.8,Completed
T004729,2026-07-18,R06,B023,5,5,1,0,Clear,0.182,8.0,41.2,3.7,Completed
T004730,2026-07-18,R06,B022,8,5,1,0,Clear,0.661,22.0,41.2,7.9,Completed
T004731,2026-07-18,R06,B022,9,5,1,0,Clear,0.688,40.0,41.2,10.0,Completed
T004732,2026-07-18,R06,B024,12,5,1,0,Clear,0.169,16.0,41.2,0.7,Completed
T004733,2026-07-18,R06,B022,14,5,1,0,Clear,0.122,14.0,41.2,-2.1,Completed
T004734,2026-07-18,R06,B022,15,5,1,0,Clear,0.186,12.0,41.2,7.0,Completed
T004735,2026-07-18,R06,B022,16,5,1,0,Clear,0.13,21.0,41.2,2.2,Completed
T004736,2026-07-18,R06,B022,17,5,1,0,Clear,0.663,22.0,41.2,10.4,Completed
T004737,2026-07-18,R06,B022,18,5,1,0,Clear,0.691,17.0,41.2,6.3,Completed
T004738,2026-07-18,R06,B022,20,5,1,0,Clear,0.125,11.0,41.2,-0.2,Completed
T004739,2026-07-18,R06,B022,21,5,1,0,Clear,0.155,8.0,41.2,4.8,Completed
T004740,2026-07-18,R07,B025,5,5,1,0,Clear,0.193,4.0,33.2,2.5,Completed
T004741,2026-07-18,R07,B025,6,5,1,0,Clear,0.184,6.0,33.2,5.7,Completed
T004742,2026-07-18,R07,B026,7,5,1,0,Clear,0.11,8.0,33.2,5.0,Completed
T004743,2026-07-18,R07,B026,8,5,1,0,Clear,0.601,17.0,33.2,9.9,Completed
T004744,2026-07-18,R07,B027,9,5,1,0,Clear,0.679,0.0,33.2,,Cancelled
T004745,2026-07-18,R07,B027,10,5,1,0,Clear,0.106,12.0,33.2,6.9,Completed
T004746,2026-07-18,R07,B028,13,5,1,0,Clear,0.102,8.0,33.2,4.3,Completed
T004747,2026-07-18,R07,B028,17,5,1,0,Clear,0.667,12.0,33.2,11.4,Completed
T004748,2026-07-18,R07,B025,18,5,1,0,Clear,0.619,17.0,33.2,6.3,Completed
T004749,2026-07-18,R07,B026,20,5,1,0,Clear,0.101,9.0,33.2,-0.3,Completed
T004750,2026-07-18,R07,B026,21,5,1,0,Clear,0.164,4.0,33.2,8.6,Completed
T004751,2026-07-18,R08,B031,5,5,1,0,Clear,,6.0,26.8,3.4,Completed
T004752,2026-07-18,R08,B030,6,5,1,0,Clear,0.155,11.0,26.8,1.5,Completed
T004753,2026-07-18,R08,B030,8,5,1,0,Clear,0.608,22.0,26.8,11.9,Completed
T004754,2026-07-18,R08,B031,9,5,1,0,Clear,0.685,30.0,26.8,13.2,Completed
T004755,2026-07-18,R08,B031,11,5,1,0,Clear,0.125,11.0,26.8,1.7,Completed
T004756,2026-07-18,R08,B029,12,5,1,0,Clear,0.121,11.0,26.8,-1.2,Completed
T004757,2026-07-18,R08,B032,13,5,1,0,Clear,0.163,19.0,26.8,-2.9,Completed
T004758,2026-07-18,R08,B032,14,5,1,0,Clear,0.171,15.0,26.8,3.7,Completed
T004759,2026-07-18,R08,B030,17,5,1,0,Clear,,21.0,26.8,16.8,Completed
T004760,2026-07-18,R08,B031,18,5,1,0,Clear,0.698,22.0,26.8,5.1,Completed
T004761,2026-07-18,R08,B030,19,5,1,0,Clear,0.183,16.0,26.8,4.8,Completed
T004762,2026-07-18,R08,B029,21,5,1,0,Clear,0.164,6.0,26.8,5.7,Completed
T004763,2026-07-18,R09,B033,5,5,1,0,Clear,0.13,3.0,63.6,5.1,Completed
T004764,2026-07-18,R09,B034,6,5,1,0,Clear,0.115,7.0,63.6,4.7,Completed
T004765,2026-07-18,R09,B035,8,5,1,0,Clear,0.69,14.0,63.6,7.0,Completed
T004766,2026-07-18,R09,B035,9,5,1,0,Clear,0.629,21.0,63.6,12.5,Completed
T004767,2026-07-18,R09,B035,13,5,1,0,Clear,0.154,11.0,63.6,7.1,Completed
T004768,2026-07-18,R09,B035,16,5,1,0,Clear,0.141,14.0,63.6,2.3,Completed
T004769,2026-07-18,R09,B033,17,5,1,0,Clear,0.666,16.0,63.6,11.7,Completed
T004770,2026-07-18,R09,B034,18,5,1,0,Clear,0.671,14.0,63.6,15.7,Completed
T004771,2026-07-18,R09,B034,20,5,1,0,Clear,0.15,7.0,63.6,1.4,Completed
T004772,2026-07-18,R10,B040,5,5,1,0,Clear,0.189,3.0,38.0,0.1,Completed
T004773,2026-07-18,R10,B039,8,5,1,0,Clear,0.648,18.0,38.0,5.5,Completed
T004774,2026-07-18,R10,B038,9,5,1,0,,0.653,30.0,38.0,14.7,Completed
T004775,2026-07-18,R10,B040,11,5,1,0,Clear,0.146,12.0,38.0,-0.1,Completed
T004776,2026-07-18,R10,B040,12,5,1,0,Clear,0.176,13.0,38.0,3.8,Completed
T004777,2026-07-18,R10,B040,16,5,1,0,Clear,0.158,14.0,38.0,3.7,Completed
T004778,2026-07-18,R10,B037,17,5,1,0,Clear,0.636,13.0,38.0,7.9,Completed
T004779,2026-07-18,R10,B038,18,5,1,0,Clear,0.602,23.0,38.0,11.6,Completed
T004780,2026-07-18,R10,B040,20,5,1,0,Clear,0.169,6.0,38.0,2.6,Completed
T004781,2026-07-18,R10,B040,21,5,1,0,Clear,0.114,7.0,38.0,0.5,Completed
T004782,2026-07-19,R01,B003,5,6,1,0,Rain,0.276,9.0,50.8,7.6,Completed
T004783,2026-07-19,R01,B004,6,6,1,0,Rain,0.324,15.0,50.8,13.0,Completed
T004784,2026-07-19,R01,B001,8,6,1,0,Rain,0.821,28.0,50.8,24.1,Completed
T004785,2026-07-19,R01,B004,9,6,1,0,Rain,0.847,33.0,50.8,25.5,Completed
T004786,2026-07-19,R01,B002,10,6,1,0,Rain,0.293,18.0,50.8,6.1,Completed
T004787,2026-07-19,R01,B002,12,6,1,0,Rain,0.33,0.0,50.8,,Cancelled
T004788,2026-07-19,R01,B003,15,6,1,0,Rain,0.329,23.0,50.8,13.6,Completed
T004789,2026-07-19,R01,B002,16,6,1,0,Rain,0.311,20.0,50.8,7.5,Completed
T004790,2026-07-19,R01,B003,17,6,1,0,Rain,0.76,36.0,50.8,17.5,Completed
T004791,2026-07-19,R01,B001,18,6,1,0,Rain,0.806,0.0,50.8,,Cancelled
T004792,2026-07-19,R01,B002,20,6,1,0,Rain,0.265,16.0,50.8,9.9,Completed
T004793,2026-07-19,R02,B006,5,6,1,0,Rain,0.294,0.0,36.4,,Cancelled
T004794,2026-07-19,R02,B006,6,6,1,0,Rain,0.259,11.0,36.4,10.8,Completed
T004795,2026-07-19,R02,B007,8,6,1,0,Rain,0.773,26.0,36.4,20.6,Completed
T004796,2026-07-19,R02,B007,9,6,1,0,Rain,0.811,20.0,36.4,16.5,Completed
T004797,2026-07-19,R02,B007,13,6,1,0,Rain,0.284,14.0,36.4,7.0,Completed
T004798,2026-07-19,R02,B006,15,6,1,0,Rain,0.253,16.0,36.4,2.5,Completed
T004799,2026-07-19,R02,B006,17,6,1,0,Rain,0.778,29.0,36.4,19.1,Completed
T004800,2026-07-19,R02,B008,18,6,1,0,Rain,0.801,26.0,36.4,18.2,Completed
T004801,2026-07-19,R02,B006,19,6,1,0,Rain,,0.0,36.4,,Cancelled
T004802,2026-07-19,R02,B006,20,6,1,0,Rain,0.329,13.0,36.4,6.7,Completed
T004803,2026-07-19,R02,B006,21,6,1,0,Rain,0.315,9.0,36.4,10.1,Completed
T004804,2026-07-19,R03,B012,6,6,1,0,Rain,0.323,13.0,58.8,17.8,Completed
T004805,2026-07-19,R03,B010,8,6,1,0,Rain,0.821,25.0,58.8,20.1,Completed
T004806,2026-07-19,R03,B012,9,6,1,0,Rain,0.759,35.0,58.8,18.2,Completed
T004807,2026-07-19,R03,B011,10,6,1,0,Rain,0.329,18.0,58.8,9.7,Completed
T004808,2026-07-19,R03,B010,11,6,1,0,Rain,0.27,15.0,58.8,9.0,Completed
T004809,2026-07-19,R03,B009,12,6,1,0,Rain,0.29,12.0,58.8,15.0,Completed
T004810,2026-07-19,R03,B010,13,6,1,0,Rain,0.299,0.0,58.8,,Cancelled
T004811,2026-07-19,R03,B010,15,6,1,0,Rain,0.251,18.0,58.8,14.9,Completed
T004812,2026-07-19,R03,B012,17,6,1,0,Rain,0.825,32.0,58.8,18.6,Completed
T004813,2026-07-19,R03,B010,18,6,1,0,Rain,0.839,30.0,58.8,15.6,Completed
T004814,2026-07-19,R03,B010,19,6,1,0,Rain,0.256,16.0,58.8,15.0,Completed
T004815,2026-07-19,R03,B012,20,6,1,0,Rain,0.342,12.0,58.8,11.1,Completed
T004816,2026-07-19,R04,B014,7,6,1,0,Rain,0.263,20.0,28.4,14.8,Completed
T004817,2026-07-19,R04,B015,8,6,1,0,Rain,0.767,17.0,28.4,15.3,Completed
T004818,2026-07-19,R04,B014,9,6,1,0,Rain,0.821,38.0,28.4,15.0,Completed
T004819,2026-07-19,R04,B013,10,6,1,0,Rain,0.267,0.0,28.4,,Cancelled
T004820,2026-07-19,R04,B014,12,6,1,0,Rain,0.289,,28.4,8.7,Completed
T004821,2026-07-19,R04,B013,15,6,1,0,Rain,0.266,11.0,28.4,8.1,Completed
T004822,2026-07-19,R04,B015,17,6,1,0,Rain,0.787,22.0,28.4,19.5,Completed
T004823,2026-07-19,R04,B016,18,6,1,0,Rain,0.793,15.0,28.4,15.5,Completed
T004824,2026-07-19,R04,B015,19,6,1,0,Rain,0.307,14.0,28.4,7.3,Completed
T004825,2026-07-19,R04,B013,20,6,1,0,Rain,0.27,9.0,28.4,5.9,Completed
T004826,2026-07-19,R05,B019,6,6,1,0,Rain,0.298,9.0,44.4,10.4,Completed
T004827,2026-07-19,R05,B020,8,6,1,0,Rain,0.826,21.0,44.4,14.0,Completed
T004828,2026-07-19,R05,B019,9,6,1,0,Rain,0.812,27.0,44.4,20.1,Completed
T004829,2026-07-19,R05,B020,12,6,1,0,Rain,0.272,10.0,44.4,5.2,Completed
T004830,2026-07-19,R05,B019,14,6,1,0,Rain,0.276,12.0,44.4,10.0,Completed
T004831,2026-07-19,R05,B018,17,6,1,0,Rain,0.848,17.0,44.4,17.8,Completed
T004832,2026-07-19,R05,B017,18,6,1,0,Rain,0.849,25.0,44.4,19.7,Completed
T004833,2026-07-19,R05,B019,19,6,1,0,Rain,0.316,12.0,44.4,12.0,Completed
T004834,2026-07-19,R05,B018,20,6,1,0,Rain,0.285,6.0,44.4,16.5,Completed
T004835,2026-07-19,R05,B019,21,6,1,0,Rain,0.304,6.0,44.4,10.2,Completed
T004836,2026-07-19,R06,B024,5,6,1,0,Rain,0.316,5.0,41.2,10.7,Completed
T004837,2026-07-19,R06,B021,8,6,1,0,Rain,0.848,22.0,41.2,17.5,Completed
T004838,2026-07-19,R06,B024,9,6,1,0,Rain,0.835,27.0,41.2,9.5,Completed
T004839,2026-07-19,R06,B023,10,6,1,0,Rain,0.333,22.0,41.2,11.7,Completed
T004840,2026-07-19,R06,B024,12,6,1,0,Rain,0.315,18.0,41.2,9.9,Completed
T004841,2026-07-19,R06,B022,14,6,1,0,Rain,0.314,13.0,41.2,2.8,Completed
T004842,2026-07-19,R06,B023,15,6,1,0,Rain,0.34,13.0,41.2,4.8,Completed
T004843,2026-07-19,R06,B021,17,6,1,0,Rain,0.765,14.0,41.2,15.6,Completed
T004844,2026-07-19,R06,B024,18,6,1,0,Rain,0.8,29.0,41.2,14.8,Completed
T004845,2026-07-19,R06,B024,19,6,1,0,Rain,0.341,22.0,41.2,6.3,Completed
T004846,2026-07-19,R07,B028,7,6,1,0,Rain,0.301,8.0,33.2,3.6,Completed
T004847,2026-07-19,R07,B026,8,6,1,0,Rain,0.788,10.0,33.2,17.0,Completed
T004848,2026-07-19,R07,B025,9,6,1,0,Rain,0.759,24.0,33.2,15.6,Completed
T004849,2026-07-19,R07,B028,11,6,1,0,Rain,0.343,8.0,33.2,12.1,Completed
T004850,2026-07-19,R07,B025,13,6,1,0,Rain,0.303,0.0,33.2,,Cancelled
T004851,2026-07-19,R07,B028,15,6,1,0,Rain,0.342,8.0,33.2,10.5,Completed
T004852,2026-07-19,R07,B025,16,6,1,0,Rain,0.341,13.0,33.2,12.2,Completed
T004853,2026-07-19,R07,B025,17,6,1,0,Rain,0.785,16.0,33.2,18.9,Completed
T004854,2026-07-19,R07,B027,18,6,1,0,Rain,0.818,18.0,33.2,11.9,Completed
T004855,2026-07-19,R08,B032,8,6,1,0,Rain,0.843,24.0,26.8,21.5,Completed
T004856,2026-07-19,R08,B030,9,6,1,0,Rain,0.846,20.0,26.8,14.8,Completed
T004857,2026-07-19,R08,B030,10,6,1,0,Rain,0.306,12.0,26.8,11.9,Completed
T004858,2026-07-19,R08,B031,11,6,1,0,Rain,0.263,12.0,26.8,10.4,Completed
T004859,2026-07-19,R08,B031,13,6,1,0,Rain,0.29,13.0,26.8,11.6,Completed
T004860,2026-07-19,R08,B032,15,6,1,0,Rain,0.339,0.0,26.8,,Cancelled
T004861,2026-07-19,R08,B032,17,6,1,0,Rain,0.844,21.0,26.8,13.4,Completed
T004862,2026-07-19,R08,B031,18,6,1,0,Rain,0.842,21.0,26.8,13.1,Completed
T004863,2026-07-19,R08,B029,20,6,1,0,Rain,0.344,8.0,26.8,12.5,Completed
T004864,2026-07-19,R09,B034,7,6,1,0,Rain,0.331,6.0,63.6,11.9,Completed
T004865,2026-07-19,R09,B034,8,6,1,0,Rain,0.785,13.0,63.6,16.0,Completed
T004866,2026-07-19,R09,B036,9,6,1,0,Rain,0.842,13.0,63.6,23.6,Completed
T004867,2026-07-19,R09,B035,10,6,1,0,Rain,0.257,7.0,63.6,13.9,Completed
T004868,2026-07-19,R09,B035,12,6,1,0,Rain,0.285,9.0,63.6,14.4,Completed
T004869,2026-07-19,R09,B034,13,6,1,0,Rain,0.278,9.0,63.6,10.7,Completed
T004870,2026-07-19,R09,B035,17,6,1,0,Rain,0.763,10.0,63.6,19.0,Completed
T004871,2026-07-19,R09,B036,18,6,1,0,Rain,0.768,14.0,63.6,18.1,Completed
T004872,2026-07-19,R10,B040,5,6,1,0,Rain,0.349,4.0,38.0,6.7,Completed
T004873,2026-07-19,R10,B038,8,6,1,0,Rain,0.764,19.0,38.0,19.3,Completed
T004874,2026-07-19,R10,B040,9,6,1,0,Rain,0.827,23.0,38.0,15.4,Completed
T004875,2026-07-19,R10,B039,11,6,1,0,Rain,0.261,8.0,38.0,12.9,Completed
T004876,2026-07-19,R10,B037,13,6,1,0,Rain,0.279,7.0,38.0,6.4,Completed
T004877,2026-07-19,R10,B037,14,6,1,0,Rain,0.274,9.0,38.0,6.7,Completed
T004878,2026-07-19,R10,B037,16,6,1,0,Rain,0.269,9.0,38.0,5.6,Completed
T004879,2026-07-19,R10,B037,17,6,1,0,Rain,0.82,14.0,38.0,14.1,Completed
T004880,2026-07-19,R10,B037,18,6,1,0,Rain,0.845,13.0,38.0,13.7,Completed
T004881,2026-07-19,R10,B039,19,6,1,0,Rain,0.298,8.0,38.0,9.7,Completed
T004882,2026-07-19,R10,B038,20,6,1,0,Rain,0.346,7.0,38.0,8.2,Completed
T004883,2026-07-19,R10,B038,21,6,1,0,Rain,0.346,6.0,38.0,9.0,Completed
T004884,2026-07-20,R01,B001,5,0,0,0,Clear,0.344,13.0,50.8,14.2,Completed
T004885,2026-07-20,R01,B002,7,0,0,0,Clear,0.336,34.0,50.8,8.0,Completed
T004886,2026-07-20,R01,B001,8,0,0,0,Clear,0.81,50.0,50.8,13.4,Completed
T004887,2026-07-20,R01,B004,9,0,0,0,Clear,0.836,50.0,50.8,13.9,Completed
T004888,2026-07-20,R01,B002,10,0,0,0,Clear,0.256,28.0,50.8,4.3,Completed
T004889,2026-07-20,R01,B004,11,0,0,0,Clear,0.285,26.0,50.8,5.5,Completed
T004890,2026-07-20,R01,B004,12,0,0,0,Clear,0.309,27.0,50.8,12.8,Completed
T004891,2026-07-20,R01,B003,15,0,0,0,Clear,0.277,44.0,50.8,1.1,Completed
T004892,2026-07-20,R01,B002,17,0,0,0,Clear,0.792,40.0,50.8,12.2,Completed
T004893,2026-07-20,R01,B002,18,0,0,0,Clear,0.826,50.0,50.8,8.1,Completed
T004894,2026-07-20,R01,B003,20,0,0,0,Clear,0.272,31.0,50.8,2.4,Completed
T004895,2026-07-20,R02,B008,5,0,0,0,Clear,0.323,10.0,36.4,5.4,Completed
T004896,2026-07-20,R02,B005,7,0,0,0,Clear,0.273,20.0,36.4,10.3,Completed
T004897,2026-07-20,R02,B008,8,0,0,0,Clear,0.825,39.0,36.4,9.4,Completed
T004898,2026-07-20,R02,B007,9,0,0,0,Clear,0.775,43.0,36.4,16.0,Completed
T004899,2026-07-20,R02,B007,11,0,0,0,Clear,0.255,26.0,36.4,9.7,Completed
T004900,2026-07-20,R02,B008,13,0,0,0,Clear,0.289,20.0,36.4,0.3,Completed
T004901,2026-07-20,R02,B008,14,0,0,0,Clear,0.332,24.0,36.4,9.0,Completed
T004902,2026-07-20,R02,B006,17,0,0,0,Clear,0.814,60.0,36.4,10.4,Completed
T004903,2026-07-20,R02,B005,18,0,0,0,Clear,0.762,28.0,36.4,11.2,Completed
T004904,2026-07-20,R03,B012,5,0,0,0,Clear,0.279,13.0,58.8,8.4,Completed
T004905,2026-07-20,R03,B012,6,0,0,0,Clear,0.337,16.0,58.8,5.1,Completed
T004906,2026-07-20,R03,B009,8,0,0,0,Clear,0.818,40.0,58.8,15.0,Completed
T004907,2026-07-20,R03,B010,9,0,0,0,Clear,0.819,47.0,58.8,17.0,Completed
T004908,2026-07-20,R03,B011,11,0,0,0,Clear,0.317,28.0,58.8,7.0,Completed
T004909,2026-07-20,R03,B009,17,0,0,0,Clear,0.814,40.0,58.8,17.2,Completed
T004910,2026-07-20,R03,B009,18,0,0,0,Clear,0.812,40.0,58.8,18.0,Completed
T004911,2026-07-20,R04,B015,8,0,0,0,Clear,0.828,28.0,28.4,15.3,Completed
T004912,2026-07-20,R04,B015,9,0,0,0,Clear,0.821,42.0,28.4,11.3,Completed
T004913,2026-07-20,R04,B013,10,0,0,0,Clear,0.345,27.0,28.4,4.7,Completed
T004914,2026-07-20,R04,B016,11,0,0,0,Clear,0.251,14.0,28.4,11.7,Completed
T004915,2026-07-20,R04,B014,13,0,0,0,Clear,0.326,24.0,28.4,5.5,Completed
T004916,2026-07-20,R04,B016,14,0,0,0,Clear,0.287,15.0,28.4,3.3,Completed
T004917,2026-07-20,R04,B013,15,0,0,0,Clear,0.347,16.0,28.4,9.1,Completed
T004918,2026-07-20,R04,B013,17,0,0,0,Clear,0.756,0.0,28.4,,Cancelled
T004919,2026-07-20,R04,B016,18,0,0,0,Clear,0.765,29.0,28.4,19.6,Completed
T004920,2026-07-20,R04,B016,19,0,0,0,Clear,0.253,21.0,28.4,0.6,Completed
T004921,2026-07-20,R04,B014,20,0,0,0,Clear,0.271,19.0,28.4,0.5,Completed
T004922,2026-07-20,R04,B016,21,0,0,0,Clear,0.272,6.0,28.4,4.1,Completed
T004923,2026-07-20,R05,B019,6,0,0,0,Clear,0.277,17.0,44.4,13.1,Completed
T004924,2026-07-20,R05,B020,8,0,0,0,Clear,0.792,37.0,44.4,11.5,Completed
T004925,2026-07-20,R05,B017,9,0,0,0,Clear,0.824,34.0,44.4,12.3,Completed
T004926,2026-07-20,R05,B019,13,0,0,0,Clear,0.306,24.0,44.4,5.6,Completed
T004927,2026-07-20,R05,B017,14,0,0,0,Clear,0.335,18.0,44.4,4.1,Completed
T004928,2026-07-20,R05,B019,16,0,0,0,Clear,0.349,31.0,44.4,6.9,Completed
T004929,2026-07-20,R05,B018,17,0,0,0,Clear,0.828,26.0,44.4,15.3,Completed
T004930,2026-07-20,R05,B020,18,0,0,0,Clear,0.761,36.0,44.4,8.4,Completed
T004931,2026-07-20,R06,B024,6,0,0,0,Clear,0.348,18.0,41.2,5.6,Completed
T004932,2026-07-20,R06,B022,8,0,0,0,,0.849,33.0,41.2,7.4,Completed
T004933,2026-07-20,R06,B023,9,0,0,0,Clear,0.83,0.0,41.2,,Cancelled
T004934,2026-07-20,R06,B023,10,0,0,0,Clear,0.271,30.0,41.2,7.2,Completed
T004935,2026-07-20,R06,B022,15,0,0,0,Clear,0.293,24.0,41.2,5.9,Completed
T004936,2026-07-20,R06,B023,17,0,0,0,Clear,0.79,38.0,41.2,13.8,Completed
T004937,2026-07-20,R06,B023,18,0,0,0,Clear,0.8,49.0,41.2,10.9,Completed
T004938,2026-07-20,R06,B022,20,0,0,0,,0.277,,41.2,8.2,Completed
T004939,2026-07-20,R07,B028,7,0,0,0,Clear,0.308,17.0,33.2,12.9,Completed
T004940,2026-07-20,R07,B027,8,0,0,0,Clear,0.82,25.0,33.2,15.5,Completed
T004941,2026-07-20,R07,B027,9,0,0,0,Clear,0.804,40.0,33.2,10.7,Completed
T004942,2026-07-20,R07,B028,12,0,0,0,Clear,0.283,13.0,33.2,3.5,Completed
T004943,2026-07-20,R07,B028,15,0,0,0,Clear,0.341,0.0,33.2,,Cancelled
T004944,2026-07-20,R07,B028,17,0,0,0,Clear,0.76,23.0,33.2,10.3,Completed
T004945,2026-07-20,R07,B027,18,0,0,0,Clear,0.812,29.0,33.2,13.1,Completed
T004946,2026-07-20,R07,B027,19,0,0,0,Clear,0.294,11.0,33.2,7.2,Completed
T004947,2026-07-20,R08,B030,8,0,0,0,Clear,0.838,,26.8,10.8,Completed
T004948,2026-07-20,R08,B030,9,0,0,0,Clear,0.797,35.0,26.8,15.5,Completed
T004949,2026-07-20,R08,B032,10,0,0,0,Clear,0.267,29.0,26.8,2.7,Completed
T004950,2026-07-20,R08,B030,11,0,0,0,Clear,0.286,17.0,26.8,7.4,Completed
T004951,2026-07-20,R08,B032,14,0,0,0,Clear,0.332,20.0,26.8,10.6,Completed
T004952,2026-07-20,R08,B032,17,0,0,0,Clear,0.795,31.0,26.8,20.9,Completed
T004953,2026-07-20,R08,B031,18,0,0,0,Clear,0.845,37.0,26.8,14.7,Completed
T004954,2026-07-20,R08,B031,20,0,0,0,Clear,0.288,10.0,26.8,7.4,Completed
T004955,2026-07-20,R08,B032,21,0,0,0,Clear,0.326,13.0,26.8,3.9,Completed
T004956,2026-07-20,R09,B036,5,0,0,0,Clear,0.324,4.0,63.6,5.3,Completed
T004957,2026-07-20,R09,B035,6,0,0,0,Clear,0.338,9.0,63.6,7.3,Completed
T004958,2026-07-20,R09,B033,8,0,0,0,Clear,0.823,28.0,63.6,16.3,Completed
T004959,2026-07-20,R09,B033,9,0,0,0,Clear,0.784,28.0,63.6,13.6,Completed
T004960,2026-07-20,R09,B035,12,0,0,0,Clear,0.313,15.0,63.6,6.2,Completed
T004961,2026-07-20,R09,B035,15,0,0,0,Clear,0.297,14.0,63.6,6.7,Completed
T004962,2026-07-20,R09,B036,17,0,0,0,Clear,0.776,27.0,63.6,8.4,Completed
T004963,2026-07-20,R09,B034,18,0,0,0,Clear,0.791,21.0,63.6,14.3,Completed
T004964,2026-07-20,R09,B035,19,0,0,0,Clear,0.296,13.0,63.6,10.0,Completed
T004965,2026-07-20,R09,B035,20,0,0,0,Clear,0.306,8.0,63.6,9.6,Completed
T004966,2026-07-20,R10,B039,5,0,0,0,Clear,0.327,5.0,38.0,1.1,Completed
T004967,2026-07-20,R10,B038,6,0,0,0,Clear,0.323,9.0,38.0,4.7,Completed
T004968,2026-07-20,R10,B037,8,0,0,0,Clear,0.765,24.0,38.0,13.2,Completed
T004969,2026-07-20,R10,B037,9,0,0,0,Clear,0.835,27.0,38.0,12.9,Completed
T004970,2026-07-20,R10,B038,10,0,0,0,Clear,0.314,23.0,38.0,7.3,Completed
T004971,2026-07-20,R10,B040,11,0,0,0,Clear,0.306,14.0,38.0,4.7,Completed
T004972,2026-07-20,R10,B037,13,0,0,0,Clear,0.272,16.0,38.0,4.0,Completed
T004973,2026-07-20,R10,B038,15,0,0,0,Clear,0.322,23.0,38.0,5.0,Completed
T004974,2026-07-20,R10,B038,17,0,0,0,Clear,0.765,23.0,38.0,10.9,Completed
T004975,2026-07-20,R10,B039,18,0,0,0,Clear,0.767,15.0,38.0,10.5,Completed
T004976,2026-07-20,R10,B037,20,0,0,0,Clear,0.278,8.0,38.0,5.4,Completed
T004977,2026-07-21,R01,B004,6,1,0,0,Rain,0.463,15.0,50.8,13.8,Completed
T004978,2026-07-21,R01,B004,7,1,0,0,Rain,0.464,28.0,50.8,11.4,Completed
T004979,2026-07-21,R01,B001,8,1,0,0,Rain,0.974,46.0,50.8,23.1,Completed
T004980,2026-07-21,R01,B003,9,1,0,0,Rain,0.943,60.0,50.8,21.6,Completed
T004981,2026-07-21,R01,B002,10,1,0,0,Rain,0.454,36.0,50.8,9.0,Completed
T004982,2026-07-21,R01,B002,13,1,0,0,Rain,0.42,27.0,50.8,10.9,Completed
T004983,2026-07-21,R01,B004,14,1,0,0,Rain,0.499,28.0,50.8,13.6,Completed
T004984,2026-07-21,R01,B004,15,1,0,0,Rain,0.41,24.0,50.8,12.8,Completed
T004985,2026-07-21,R01,B004,16,1,0,0,Rain,0.458,34.0,50.8,14.7,Completed
T004986,2026-07-21,R01,B001,17,1,0,0,Rain,0.98,0.0,50.8,,Cancelled
T004987,2026-07-21,R01,B003,18,1,0,0,Rain,0.916,60.0,50.8,21.7,Completed
T004988,2026-07-21,R01,B004,19,1,0,0,Rain,0.473,34.0,50.8,7.8,Completed
T004989,2026-07-21,R01,B003,20,1,0,0,Rain,0.437,30.0,50.8,8.8,Completed
T004990,2026-07-21,R01,B004,21,1,0,0,Rain,0.486,15.0,50.8,10.9,Completed
T004991,2026-07-21,R02,B005,5,1,0,0,Rain,0.48,6.0,36.4,18.2,Completed
T004992,2026-07-21,R02,B007,6,1,0,0,Rain,0.451,10.0,36.4,9.4,Completed
T004993,2026-07-21,R02,B006,8,1,0,0,Rain,0.948,40.0,36.4,17.7,Completed
T004994,2026-07-21,R02,B007,9,1,0,0,Rain,0.934,47.0,36.4,14.2,Completed
T004995,2026-07-21,R02,B006,11,1,0,0,Rain,0.437,23.0,36.4,11.8,Completed
T004996,2026-07-21,R02,B008,12,1,0,0,Rain,0.437,,36.4,13.8,Completed
T004997,2026-07-21,R02,B006,13,1,0,0,Rain,0.442,22.0,36.4,14.9,Completed
T004998,2026-07-21,R02,B007,14,1,0,0,Rain,0.416,25.0,36.4,6.5,Completed
T004999,2026-07-21,R02,B007,15,1,0,0,Rain,0.496,23.0,36.4,15.4,Completed
T005000,2026-07-21,R02,B007,17,1,0,0,Rain,0.982,33.0,36.4,17.3,Completed
T005001,2026-07-21,R02,B007,18,1,0,0,,0.986,45.0,36.4,12.9,Completed
T005002,2026-07-21,R02,B007,21,1,0,0,Rain,0.438,10.0,36.4,7.8,Completed
T005003,2026-07-21,R03,B010,7,1,0,0,Rain,0.455,25.0,58.8,12.6,Completed
T005004,2026-07-21,R03,B010,8,1,0,0,Rain,0.971,37.0,58.8,24.8,Completed
T005005,2026-07-21,R03,B009,9,1,0,0,Rain,0.943,33.0,58.8,23.0,Completed
T005006,2026-07-21,R03,B010,11,1,0,0,Rain,0.441,21.0,58.8,21.0,Completed
T005007,2026-07-21,R03,B011,13,1,0,0,Rain,0.418,28.0,58.8,14.7,Completed
T005008,2026-07-21,R03,B011,15,1,0,0,Rain,0.406,22.0,58.8,13.4,Completed
T005009,2026-07-21,R03,B011,16,1,0,0,Rain,0.407,32.0,58.8,16.5,Completed
T005010,2026-07-21,R03,B010,17,1,0,0,Rain,0.935,38.0,58.8,21.1,Completed
T005011,2026-07-21,R03,B012,18,1,0,0,Rain,0.958,0.0,58.8,,Cancelled
T005012,2026-07-21,R04,B013,5,1,0,0,Rain,0.497,5.0,28.4,10.7,Completed
T005013,2026-07-21,R04,B015,6,1,0,0,Rain,0.407,10.0,28.4,17.7,Completed
T005014,2026-07-21,R04,B014,7,1,0,0,Rain,0.496,24.0,28.4,11.6,Completed
T005015,2026-07-21,R04,B014,8,1,0,0,Rain,0.987,38.0,28.4,19.3,Completed
T005016,2026-07-21,R04,B015,9,1,0,0,Rain,0.969,34.0,28.4,15.4,Completed
T005017,2026-07-21,R04,B016,10,1,0,0,Rain,0.407,0.0,28.4,,Cancelled
T005018,2026-07-21,R04,B016,11,1,0,0,Rain,0.409,,28.4,,Cancelled
T005019,2026-07-21,R04,B015,16,1,0,0,Rain,0.477,21.0,28.4,10.0,Completed
T005020,2026-07-21,R04,B013,17,1,0,0,Rain,0.936,31.0,28.4,17.3,Completed
T005021,2026-07-21,R04,B015,18,1,0,0,Rain,0.946,16.0,28.4,15.1,Completed
T005022,2026-07-21,R05,B018,5,1,0,0,Rain,0.471,6.0,44.4,14.7,Completed
T005023,2026-07-21,R05,B020,8,1,0,0,Rain,0.951,30.0,44.4,20.8,Completed
T005024,2026-07-21,R05,B017,9,1,0,0,Rain,0.958,27.0,44.4,19.2,Completed
T005025,2026-07-21,R05,B019,17,1,0,0,Rain,0.922,38.0,44.4,18.3,Completed
T005026,2026-07-21,R05,B019,18,1,0,0,Rain,0.969,30.0,44.4,18.3,Completed
T005027,2026-07-21,R06,B023,6,1,0,0,Rain,0.4,18.0,41.2,9.4,Completed
T005028,2026-07-21,R06,B023,8,1,0,0,Rain,0.962,39.0,41.2,17.2,Completed
T005029,2026-07-21,R06,B022,9,1,0,0,Rain,0.92,29.0,41.2,16.7,Completed
T005030,2026-07-21,R06,B021,10,1,0,0,Rain,0.44,22.0,41.2,13.1,Completed
T005031,2026-07-21,R06,B022,11,1,0,0,Rain,0.425,16.0,41.2,10.7,Completed
T005032,2026-07-21,R06,B024,12,1,0,0,Rain,0.468,22.0,41.2,7.5,Completed
T005033,2026-07-21,R06,B024,14,1,0,0,Rain,0.491,21.0,41.2,9.1,Completed
T005034,2026-07-21,R06,B024,17,1,0,0,Rain,0.962,38.0,41.2,19.9,Completed
T005035,2026-07-21,R06,B022,18,1,0,0,Rain,0.97,37.0,41.2,12.7,Completed
T005036,2026-07-21,R06,B023,19,1,0,0,Rain,,21.0,41.2,14.8,Completed
T005037,2026-07-21,R06,B021,21,1,0,0,Rain,0.414,8.0,41.2,12.9,Completed
T005038,2026-07-21,R07,B026,6,1,0,0,Rain,0.401,6.0,33.2,14.0,Completed
T005039,2026-07-21,R07,B026,8,1,0,0,Rain,0.926,15.0,33.2,17.4,Completed
T005040,2026-07-21,R07,B027,9,1,0,0,Rain,0.951,16.0,33.2,13.5,Completed
T005041,2026-07-21,R07,B027,10,1,0,0,Rain,0.469,15.0,33.2,11.4,Completed
T005042,2026-07-21,R07,B028,11,1,0,0,Rain,0.44,10.0,33.2,13.5,Completed
T005043,2026-07-21,R07,B027,17,1,0,0,Rain,0.964,24.0,33.2,18.2,Completed
T005044,2026-07-21,R07,B026,18,1,0,0,Rain,0.931,20.0,33.2,21.6,Completed
T005045,2026-07-21,R07,B028,19,1,0,0,Rain,0.464,15.0,33.2,10.8,Completed
T005046,2026-07-21,R07,B027,21,1,0,0,Rain,0.482,9.0,33.2,10.8,Completed
T005047,2026-07-21,R08,B031,5,1,0,0,Rain,0.401,5.0,26.8,13.0,Completed
T005048,2026-07-21,R08,B031,6,1,0,0,Rain,0.409,10.0,26.8,5.4,Completed
T005049,2026-07-21,R08,B029,8,1,0,0,Rain,0.925,17.0,26.8,17.5,Completed
T005050,2026-07-21,R08,B030,9,1,0,0,Rain,0.924,30.0,26.8,19.6,Completed
T005051,2026-07-21,R08,B029,10,1,0,0,Rain,0.497,14.0,26.8,15.6,Completed
T005052,2026-07-21,R08,B029,11,1,0,0,Rain,0.422,7.0,26.8,11.3,Completed
T005053,2026-07-21,R08,B030,13,1,0,0,Rain,0.491,15.0,26.8,15.9,Completed
T005054,2026-07-21,R08,B032,17,1,0,0,Rain,0.978,30.0,26.8,17.8,Completed
T005055,2026-07-21,R08,B031,18,1,0,0,Rain,0.948,0.0,26.8,,Cancelled
T005056,2026-07-21,R08,B032,19,1,0,0,Rain,0.435,25.0,26.8,11.9,Completed
T005057,2026-07-21,R08,B032,20,1,0,0,Rain,0.486,13.0,26.8,9.5,Completed
T005058,2026-07-21,R09,B036,5,1,0,0,Rain,0.418,,63.6,180.0,Completed
T005059,2026-07-21,R09,B033,7,1,0,0,Rain,0.454,13.0,63.6,17.0,Completed
T005060,2026-07-21,R09,B033,8,1,0,0,Rain,0.968,25.0,63.6,15.9,Completed
T005061,2026-07-21,R09,B033,9,1,0,0,Rain,0.986,27.0,63.6,23.8,Completed
T005062,2026-07-21,R09,B036,15,1,0,0,Rain,0.495,10.0,63.6,10.3,Completed
T005063,2026-07-21,R09,B036,17,1,0,0,Rain,0.921,15.0,63.6,19.5,Completed
T005064,2026-07-21,R09,B033,18,1,0,0,Rain,0.97,23.0,63.6,18.2,Completed
T005065,2026-07-21,R09,B035,20,1,0,0,Rain,0.473,10.0,63.6,7.7,Completed
T005066,2026-07-21,R09,B035,21,1,0,0,Rain,0.42,5.0,63.6,20.6,Completed
T005067,2026-07-21,R10,B040,5,1,0,0,Rain,0.423,6.0,38.0,16.2,Completed
T005068,2026-07-21,R10,B037,6,1,0,0,Rain,0.422,7.0,38.0,8.6,Completed
T005069,2026-07-21,R10,B038,8,1,0,0,Rain,0.925,26.0,38.0,17.5,Completed
T005070,2026-07-21,R10,B037,9,1,0,0,Rain,0.994,23.0,38.0,17.3,Completed
T005071,2026-07-21,R10,B038,12,1,0,0,Rain,0.418,9.0,38.0,6.1,Completed
T005072,2026-07-21,R10,B037,13,1,0,0,Rain,0.456,11.0,38.0,8.0,Completed
T005073,2026-07-21,R10,B037,15,1,0,0,Rain,0.447,14.0,38.0,13.6,Completed
T005074,2026-07-21,R10,B037,16,1,0,0,Rain,0.494,15.0,38.0,7.9,Completed
T005075,2026-07-21,R10,B040,17,1,0,0,Rain,0.927,29.0,38.0,13.0,Completed
T005076,2026-07-21,R10,B037,18,1,0,0,Rain,0.926,16.0,38.0,14.7,Completed
T005077,2026-07-21,R10,B038,20,1,0,0,Rain,0.408,14.0,38.0,12.3,Completed
T005078,2026-07-21,R10,B038,21,1,0,0,Rain,0.455,6.0,38.0,8.3,Completed
T005079,2026-07-22,R01,B003,5,2,0,0,Clear,0.304,16.0,50.8,5.8,Completed
T005080,2026-07-22,R01,B003,8,2,0,0,Clear,0.792,60.0,50.8,11.1,Completed
T005081,2026-07-22,R01,B002,9,2,0,0,Clear,0.753,50.0,50.8,11.8,Completed
T005082,2026-07-22,R01,B002,10,2,0,0,Clear,0.294,33.0,50.8,5.0,Completed
T005083,2026-07-22,R01,B001,13,2,0,0,Clear,0.304,25.0,50.8,8.1,Completed
T005084,2026-07-22,R01,B004,15,2,0,0,Clear,0.329,30.0,50.8,7.9,Completed
T005085,2026-07-22,R01,B003,16,2,0,0,Clear,0.343,45.0,50.8,8.9,Completed
T005086,2026-07-22,R01,B004,17,2,0,0,Clear,0.774,49.0,50.8,13.5,Completed
T005087,2026-07-22,R01,B001,18,2,0,0,Clear,0.803,50.0,50.8,15.5,Completed
T005088,2026-07-22,R01,B004,20,2,0,0,Clear,0.313,23.0,50.8,6.8,Completed
T005089,2026-07-22,R02,B005,7,2,0,0,Clear,0.333,22.0,36.4,5.8,Completed
T005090,2026-07-22,R02,B008,8,2,0,0,Clear,0.848,41.0,36.4,8.8,Completed
T005091,2026-07-22,R02,B008,9,2,0,0,Clear,0.796,45.0,36.4,7.6,Completed
T005092,2026-07-22,R02,B007,12,2,0,0,Clear,0.311,25.0,36.4,0.5,Completed
T005093,2026-07-22,R02,B007,16,2,0,0,Clear,0.276,26.0,36.4,4.7,Completed
T005094,2026-07-22,R02,B007,17,2,0,0,Clear,0.824,49.0,36.4,16.0,Completed
T005095,2026-07-22,R02,B007,18,2,0,0,Clear,0.758,37.0,36.4,8.7,Completed
T005096,2026-07-22,R02,B007,20,2,0,0,Clear,0.3,22.0,36.4,4.2,Completed
T005097,2026-07-22,R03,B009,8,2,0,0,Clear,0.753,38.0,58.8,11.3,Completed
T005098,2026-07-22,R03,B010,9,2,0,0,Clear,0.816,44.0,58.8,9.9,Completed
T005099,2026-07-22,R03,B010,10,2,0,0,Clear,0.272,31.0,58.8,8.6,Completed
T005100,2026-07-22,R03,B010,11,2,0,0,Clear,0.262,28.0,58.8,8.6,Completed
T005101,2026-07-22,R03,B012,12,2,0,0,Clear,0.298,19.0,58.8,9.0,Completed
T005102,2026-07-22,R03,B010,14,2,0,0,Clear,0.269,20.0,58.8,10.7,Completed
T005103,2026-07-22,R03,B010,15,2,0,0,Clear,0.333,24.0,58.8,6.2,Completed
T005104,2026-07-22,R03,B011,17,2,0,0,Clear,0.817,50.0,58.8,17.0,Completed
T005105,2026-07-22,R03,B009,18,2,0,0,Clear,0.846,34.0,58.8,15.2,Completed
T005106,2026-07-22,R03,B010,19,2,0,0,Clear,0.266,32.0,58.8,6.1,Completed
T005107,2026-07-22,R04,B014,5,2,0,0,Clear,0.323,11.0,28.4,9.3,Completed
T005108,2026-07-22,R04,B014,8,2,0,0,Clear,0.819,47.0,28.4,10.3,Completed
T005109,2026-07-22,R04,B016,9,2,0,0,Clear,0.754,40.0,28.4,8.1,Completed
T005110,2026-07-22,R04,B015,10,2,0,0,Clear,0.276,25.0,28.4,7.2,Completed
T005111,2026-07-22,R04,B014,11,2,0,0,Clear,0.317,25.0,28.4,3.3,Completed
T005112,2026-07-22,R04,B015,15,2,0,0,Clear,0.319,23.0,28.4,4.6,Completed
T005113,2026-07-22,R04,B016,17,2,0,0,Clear,0.837,34.0,28.4,18.2,Completed
T005114,2026-07-22,R04,B015,18,2,0,0,Clear,0.788,36.0,28.4,15.8,Completed
T005115,2026-07-22,R04,B016,19,2,0,0,Clear,0.34,18.0,28.4,4.3,Completed
T005116,2026-07-22,R05,B017,8,2,0,0,Clear,0.765,33.0,44.4,9.7,Completed
T005117,2026-07-22,R05,B020,9,2,0,0,Clear,0.812,29.0,44.4,15.9,Completed
T005118,2026-07-22,R05,B020,10,2,0,0,Clear,0.263,25.0,44.4,7.8,Completed
T005119,2026-07-22,R05,B017,13,2,0,0,Clear,0.273,19.0,44.4,-0.8,Completed
T005120,2026-07-22,R05,B020,15,2,0,0,Clear,0.269,16.0,44.4,9.9,Completed
T005121,2026-07-22,R05,B017,16,2,0,0,Clear,0.32,27.0,44.4,6.4,Completed
T005122,2026-07-22,R05,B020,17,2,0,0,Clear,0.832,33.0,44.4,10.5,Completed
T005123,2026-07-22,R05,B020,18,2,0,0,Clear,0.845,35.0,44.4,8.8,Completed
T005124,2026-07-22,R05,B019,19,2,0,0,Clear,0.289,32.0,44.4,4.0,Completed
T005125,2026-07-22,R05,B017,20,2,0,0,Clear,0.268,15.0,44.4,6.6,Completed
T005126,2026-07-22,R06,B024,6,2,0,0,Clear,0.305,12.0,41.2,10.4,Completed
T005127,2026-07-22,R06,B021,7,2,0,0,Clear,0.251,28.0,41.2,6.0,Completed
T005128,2026-07-22,R06,B022,8,2,0,0,Clear,0.774,44.0,41.2,10.8,Completed
T005129,2026-07-22,R06,B022,9,2,0,0,Clear,0.766,46.0,41.2,9.4,Completed
T005130,2026-07-22,R06,B023,12,2,0,0,Clear,0.294,29.0,41.2,5.3,Completed
T005131,2026-07-22,R06,B021,14,2,0,0,Clear,0.334,7.0,41.2,5.5,Completed
T005132,2026-07-22,R06,B022,15,2,0,0,Clear,0.283,21.0,41.2,3.5,Completed
T005133,2026-07-22,R06,B024,17,2,0,0,Clear,0.831,43.0,41.2,9.0,Completed
T005134,2026-07-22,R06,B023,18,2,0,0,Clear,0.826,55.0,41.2,7.1,Completed
T005135,2026-07-22,R06,B022,20,2,0,0,Clear,0.349,16.0,41.2,7.0,Completed
T005136,2026-07-22,R06,B022,21,2,0,0,Clear,0.251,11.0,41.2,7.7,Completed
T005137,2026-07-22,R07,B025,6,2,0,0,Clear,0.318,9.0,33.2,0.9,Completed
T005138,2026-07-22,R07,B025,7,2,0,0,Clear,0.257,20.0,33.2,5.2,Completed
T005139,2026-07-22,R07,B027,8,2,0,0,Clear,0.825,26.0,33.2,17.1,Completed
T005140,2026-07-22,R07,B028,9,2,0,0,Clear,0.755,22.0,33.2,9.2,Completed
T005141,2026-07-22,R07,B025,10,2,0,0,Clear,0.252,20.0,33.2,6.3,Completed
T005142,2026-07-22,R07,B027,12,2,0,0,Clear,0.301,18.0,33.2,5.4,Completed
T005143,2026-07-22,R07,B028,14,2,0,0,Clear,0.304,13.0,33.2,4.3,Completed
T005144,2026-07-22,R07,B028,16,2,0,0,Clear,0.346,16.0,33.2,5.3,Completed
T005145,2026-07-22,R07,B028,17,2,0,0,Clear,0.783,27.0,33.2,12.5,Completed
T005146,2026-07-22,R07,B028,18,2,0,0,Clear,0.771,27.0,33.2,14.3,Completed
T005147,2026-07-22,R07,B026,19,2,0,0,Clear,0.275,11.0,33.2,9.2,Completed
T005148,2026-07-22,R08,B032,5,2,0,0,Clear,0.327,6.0,26.8,3.6,Completed
T005149,2026-07-22,R08,B031,6,2,0,0,Clear,0.337,12.0,26.8,0.9,Completed
T005150,2026-07-22,R08,B030,7,2,0,0,Clear,0.314,24.0,26.8,10.8,Completed
T005151,2026-07-22,R08,B032,8,2,0,0,Clear,0.847,38.0,26.8,12.4,Completed
T005152,2026-07-22,R08,B030,9,2,0,0,Clear,0.807,45.0,26.8,17.8,Completed
T005153,2026-07-22,R08,B030,10,2,0,0,Clear,0.253,24.0,26.8,8.5,Completed
T005154,2026-07-22,R08,B030,13,2,0,0,Clear,0.264,21.0,26.8,-1.0,Completed
T005155,2026-07-22,R08,B030,14,2,0,0,Clear,0.322,14.0,26.8,3.9,Completed
T005156,2026-07-22,R08,B032,17,2,0,0,Clear,0.814,39.0,26.8,10.6,Completed
T005157,2026-07-22,R08,B030,18,2,0,0,Clear,0.803,29.0,26.8,13.6,Completed
T005158,2026-07-22,R08,B030,20,2,0,0,Clear,0.288,17.0,26.8,2.4,Completed
T005159,2026-07-22,R09,B033,6,2,0,0,Clear,0.344,10.0,63.6,6.9,Completed
T005160,2026-07-22,R09,B033,8,2,0,0,Clear,0.789,23.0,63.6,13.2,Completed
T005161,2026-07-22,R09,B036,9,2,0,0,Clear,0.765,23.0,63.6,12.4,Completed
T005162,2026-07-22,R09,B033,10,2,0,0,Clear,0.345,16.0,63.6,5.7,Completed
T005163,2026-07-22,R09,B035,11,2,0,0,Clear,0.283,12.0,63.6,6.1,Completed
T005164,2026-07-22,R09,B035,13,2,0,0,Clear,0.347,17.0,63.6,5.4,Completed
T005165,2026-07-22,R09,B033,15,2,0,0,Clear,0.304,17.0,63.6,1.0,Completed
T005166,2026-07-22,R09,B033,17,2,0,0,Clear,,21.0,63.6,14.9,Completed
T005167,2026-07-22,R09,B033,18,2,0,0,Clear,0.781,20.0,63.6,13.2,Completed
T005168,2026-07-22,R09,B034,19,2,0,0,Clear,0.293,20.0,63.6,5.5,Completed
T005169,2026-07-22,R09,B034,20,2,0,0,Clear,0.267,8.0,63.6,12.0,Completed
T005170,2026-07-22,R09,B034,21,2,0,0,Clear,0.309,0.0,63.6,,Cancelled
T005171,2026-07-22,R10,B038,6,2,0,0,Clear,0.276,12.0,38.0,3.7,Completed
T005172,2026-07-22,R10,B038,7,2,0,0,Clear,0.265,20.0,38.0,4.9,Completed
T005173,2026-07-22,R10,B039,8,2,0,0,Clear,0.785,22.0,38.0,13.5,Completed
T005174,2026-07-22,R10,B039,9,2,0,0,Clear,0.785,28.0,38.0,6.1,Completed
T005175,2026-07-22,R10,B037,10,2,0,0,Clear,0.311,21.0,38.0,5.4,Completed
T005176,2026-07-22,R10,B040,11,2,0,0,Clear,0.331,21.0,38.0,8.5,Completed
T005177,2026-07-22,R10,B040,13,2,0,0,Clear,0.26,17.0,38.0,3.4,Completed
T005178,2026-07-22,R10,B040,17,2,0,0,Clear,0.809,27.0,38.0,12.2,Completed
T005179,2026-07-22,R10,B037,18,2,0,0,Clear,0.764,28.0,38.0,5.2,Completed
T005180,2026-07-22,R10,B037,20,2,0,0,Clear,0.265,10.0,38.0,4.0,Completed
T005181,2026-07-22,R10,B038,21,2,0,0,Clear,0.326,8.0,38.0,4.7,Completed
T005182,2026-07-23,R01,B004,5,3,0,0,Rain,0.471,10.0,50.8,14.5,Completed
T005183,2026-07-23,R01,B004,8,3,0,0,Rain,0.919,28.0,50.8,21.3,Completed
T005184,2026-07-23,R01,B004,9,3,0,0,Rain,0.95,39.0,50.8,22.7,Completed
T005185,2026-07-23,R01,B004,10,3,0,0,Rain,0.457,30.0,50.8,19.1,Completed
T005186,2026-07-23,R01,B003,13,3,0,0,Rain,0.451,35.0,50.8,11.7,Completed
T005187,2026-07-23,R01,B002,14,3,0,0,Rain,0.478,30.0,50.8,13.3,Completed
T005188,2026-07-23,R01,B002,16,3,0,0,Rain,0.492,30.0,50.8,10.0,Completed
T005189,2026-07-23,R01,B002,17,3,0,0,Rain,0.984,47.0,50.8,17.9,Completed
T005190,2026-07-23,R01,B004,18,3,0,0,Rain,0.924,40.0,50.8,26.2,Completed
T005191,2026-07-23,R01,B003,19,3,0,0,Rain,0.42,35.0,50.8,10.2,Completed
T005192,2026-07-23,R01,B003,21,3,0,0,Rain,0.425,16.0,50.8,6.5,Completed
T005193,2026-07-23,R02,B007,7,3,0,0,Rain,0.459,21.0,36.4,11.5,Completed
T005194,2026-07-23,R02,B005,8,3,0,0,Rain,0.993,27.0,36.4,20.6,Completed
T005195,2026-07-23,R02,B006,9,3,0,0,Rain,0.97,39.0,36.4,18.8,Completed
T005196,2026-07-23,R02,B005,10,3,0,0,Rain,0.412,21.0,36.4,18.4,Completed
T005197,2026-07-23,R02,B005,11,3,0,0,Rain,0.476,15.0,36.4,9.7,Completed
T005198,2026-07-23,R02,B007,12,3,0,0,Rain,0.444,14.0,36.4,10.6,Completed
T005199,2026-07-23,R02,B007,14,3,0,0,Rain,0.42,11.0,36.4,9.8,Completed
T005200,2026-07-23,R02,B008,17,3,0,0,Rain,0.956,41.0,36.4,20.8,Completed
T005201,2026-07-23,R02,B007,18,3,0,0,Rain,0.928,35.0,36.4,10.1,Completed
T005202,2026-07-23,R02,B005,19,3,0,0,Rain,0.467,16.0,36.4,13.9,Completed
T005203,2026-07-23,R02,B005,20,3,0,0,Rain,0.443,12.0,36.4,9.3,Completed
T005204,2026-07-23,R03,B009,7,3,0,0,Rain,0.472,24.0,58.8,12.0,Completed
T005205,2026-07-23,R03,B011,8,3,0,0,Rain,0.932,46.0,58.8,18.1,Completed
T005206,2026-07-23,R03,B012,9,3,0,0,Rain,0.966,36.0,58.8,16.7,Completed
T005207,2026-07-23,R03,B009,10,3,0,0,Rain,,21.0,58.8,12.9,Completed
T005208,2026-07-23,R03,B011,12,3,0,0,Rain,0.427,19.0,58.8,8.7,Completed
T005209,2026-07-23,R03,B010,15,3,0,0,Rain,0.449,28.0,58.8,19.3,Completed
T005210,2026-07-23,R03,B009,17,3,0,0,Rain,0.976,32.0,58.8,20.5,Completed
T005211,2026-07-23,R03,B010,18,3,0,0,Rain,0.941,35.0,58.8,20.9,Completed
T005212,2026-07-23,R03,B012,21,3,0,0,Rain,0.404,12.0,58.8,14.2,Completed
T005213,2026-07-23,R04,B013,8,3,0,0,Rain,0.915,22.0,28.4,16.3,Completed
T005214,2026-07-23,R04,B015,9,3,0,0,Rain,0.956,48.0,28.4,-45.0,Completed
T005215,2026-07-23,R04,B014,10,3,0,0,Rain,0.459,22.0,28.4,14.1,Completed
T005216,2026-07-23,R04,B015,11,3,0,0,Rain,0.486,14.0,28.4,14.4,Completed
T005217,2026-07-23,R04,B015,12,3,0,0,Rain,0.487,19.0,28.4,16.9,Completed
T005218,2026-07-23,R04,B013,13,3,0,0,Rain,0.418,18.0,28.4,10.0,Completed
T005219,2026-07-23,R04,B013,14,3,0,0,Rain,0.491,12.0,28.4,17.1,Completed
T005220,2026-07-23,R04,B014,16,3,0,0,Rain,0.476,25.0,28.4,12.0,Completed
T005221,2026-07-23,R04,B016,17,3,0,0,,0.913,28.0,28.4,10.4,Completed
T005222,2026-07-23,R04,B014,18,3,0,0,Rain,0.942,40.0,28.4,13.5,Completed
T005223,2026-07-23,R04,B016,20,3,0,0,Rain,0.429,10.0,28.4,14.8,Completed
T005224,2026-07-23,R05,B019,6,3,0,0,Rain,0.408,11.0,44.4,12.0,Completed
T005225,2026-07-23,R05,B018,7,3,0,0,Rain,0.485,14.0,44.4,12.4,Completed
T005226,2026-07-23,R05,B017,8,3,0,0,Rain,0.976,29.0,44.4,17.2,Completed
T005227,2026-07-23,R05,B020,9,3,0,0,Rain,0.926,0.0,44.4,,Cancelled
T005228,2026-07-23,R05,B017,11,3,0,0,Rain,0.483,10.0,44.4,14.4,Completed
T005229,2026-07-23,R05,B017,12,3,0,0,Rain,0.486,20.0,44.4,3.9,Completed
T005230,2026-07-23,R05,B019,15,3,0,0,Rain,0.435,18.0,44.4,14.1,Completed
T005231,2026-07-23,R05,B020,17,3,0,0,Rain,0.913,,44.4,17.6,Completed
T005232,2026-07-23,R05,B017,18,3,0,0,Rain,0.94,25.0,44.4,14.9,Completed
T005233,2026-07-23,R05,B020,19,3,0,0,Rain,0.444,13.0,44.4,11.2,Completed
T005234,2026-07-23,R05,B017,21,3,0,0,Rain,0.436,7.0,44.4,10.5,Completed
T005235,2026-07-23,R06,B023,5,3,0,0,Rain,0.404,7.0,41.2,13.5,Completed
T005236,2026-07-23,R06,B024,7,3,0,0,Rain,0.423,22.0,41.2,9.4,Completed
T005237,2026-07-23,R06,B021,8,3,0,0,Rain,0.978,0.0,41.2,,Cancelled
T005238,2026-07-23,R06,B023,9,3,0,0,Rain,0.936,42.0,41.2,15.2,Completed
T005239,2026-07-23,R06,B024,12,3,0,0,Rain,0.494,24.0,41.2,10.6,Completed
T005240,2026-07-23,R06,B021,14,3,0,0,Rain,0.457,13.0,41.2,10.7,Completed
T005241,2026-07-23,R06,B021,16,3,0,0,Rain,0.402,21.0,41.2,12.7,Completed
T005242,2026-07-23,R06,B023,17,3,0,0,Rain,0.975,34.0,41.2,13.2,Completed
T005243,2026-07-23,R06,B021,18,3,0,0,Rain,0.914,37.0,41.2,18.5,Completed
T005244,2026-07-23,R06,B023,19,3,0,0,Rain,0.411,22.0,41.2,10.3,Completed
T005245,2026-07-23,R06,B024,20,3,0,0,Rain,0.444,17.0,41.2,9.4,Completed
T005246,2026-07-23,R07,B025,5,3,0,0,Rain,0.47,4.0,33.2,18.0,Completed
T005247,2026-07-23,R07,B027,8,3,0,0,Rain,0.903,0.0,33.2,,Cancelled
T005248,2026-07-23,R07,B026,9,3,0,0,Rain,0.987,19.0,33.2,22.4,Completed
T005249,2026-07-23,R07,B026,10,3,0,0,Rain,0.464,13.0,33.2,19.9,Completed
T005250,2026-07-23,R07,B028,16,3,0,0,Rain,0.434,10.0,33.2,12.6,Completed
T005251,2026-07-23,R07,B025,17,3,0,0,Rain,0.986,22.0,33.2,15.0,Completed
T005252,2026-07-23,R07,B025,18,3,0,0,Rain,0.952,23.0,33.2,21.2,Completed
T005253,2026-07-23,R07,B027,20,3,0,0,Rain,0.45,9.0,33.2,-45.0,Completed
T005254,2026-07-23,R08,B029,6,3,0,0,Rain,0.422,7.0,26.8,15.9,Completed
T005255,2026-07-23,R08,B029,8,3,0,0,Rain,0.911,24.0,26.8,18.0,Completed
T005256,2026-07-23,R08,B029,9,3,0,0,Rain,0.937,23.0,26.8,16.6,Completed
T005257,2026-07-23,R08,B030,11,3,0,0,Rain,0.401,16.0,26.8,11.5,Completed
T005258,2026-07-23,R08,B031,13,3,0,0,Rain,0.4,16.0,26.8,8.6,Completed
T005259,2026-07-23,R08,B029,15,3,0,0,Rain,0.441,14.0,26.8,8.6,Completed
T005260,2026-07-23,R08,B032,17,3,0,0,Rain,0.919,,26.8,14.7,Completed
T005261,2026-07-23,R08,B029,18,3,0,0,Rain,0.953,21.0,26.8,21.3,Completed
T005262,2026-07-23,R09,B036,5,3,0,0,Rain,0.416,4.0,63.6,14.9,Completed
T005263,2026-07-23,R09,B034,8,3,0,0,Rain,0.978,21.0,63.6,13.0,Completed
T005264,2026-07-23,R09,B035,9,3,0,0,Rain,0.963,26.0,63.6,19.6,Completed
T005265,2026-07-23,R09,B033,11,3,0,0,Rain,0.468,13.0,63.6,15.0,Completed
T005266,2026-07-23,R09,B033,12,3,0,0,Rain,0.418,10.0,63.6,19.3,Completed
T005267,2026-07-23,R09,B036,14,3,0,0,Rain,0.408,8.0,63.6,10.3,Completed
T005268,2026-07-23,R09,B033,15,3,0,0,Rain,0.429,11.0,63.6,17.0,Completed
T005269,2026-07-23,R09,B033,17,3,0,0,Rain,0.912,24.0,63.6,16.0,Completed
T005270,2026-07-23,R09,B034,18,3,0,0,Rain,0.944,24.0,63.6,21.5,Completed
T005271,2026-07-23,R09,B035,19,3,0,0,Rain,0.422,14.0,63.6,13.1,Completed
T005272,2026-07-23,R10,B038,5,3,0,0,Rain,0.44,4.0,38.0,10.4,Completed
T005273,2026-07-23,R10,B037,8,3,0,0,Rain,0.991,0.0,38.0,,Cancelled
T005274,2026-07-23,R10,B039,9,3,0,0,Rain,0.949,22.0,38.0,11.9,Completed
T005275,2026-07-23,R10,B039,11,3,0,0,Rain,0.42,11.0,38.0,8.6,Completed
T005276,2026-07-23,R10,B037,13,3,0,0,Rain,0.469,11.0,38.0,4.8,Completed
T005277,2026-07-23,R10,B039,15,3,0,0,Rain,0.475,15.0,38.0,13.8,Completed
T005278,2026-07-23,R10,B038,17,3,0,0,Rain,0.999,31.0,38.0,18.7,Completed
T005279,2026-07-23,R10,B039,18,3,0,0,Rain,0.982,18.0,38.0,22.9,Completed
T005280,2026-07-23,R10,B037,21,3,0,0,Rain,,3.0,38.0,1.2,Completed
T005281,2026-07-24,R01,B004,6,4,0,0,Clear,0.334,20.0,50.8,9.0,Completed
T005282,2026-07-24,R01,B004,7,4,0,0,Clear,0.336,39.0,50.8,7.1,Completed
T005283,2026-07-24,R01,B003,8,4,0,0,Clear,0.838,60.0,50.8,9.3,Completed
T005284,2026-07-24,R01,B001,9,4,0,0,Clear,0.775,50.0,50.8,14.8,Completed
T005285,2026-07-24,R01,B001,12,4,0,0,Clear,0.312,28.0,50.8,6.7,Completed
T005286,2026-07-24,R01,B002,13,4,0,0,Clear,0.304,27.0,50.8,7.2,Completed
T005287,2026-07-24,R01,B003,17,4,0,0,Clear,0.843,57.0,50.8,13.4,Completed
T005288,2026-07-24,R01,B001,18,4,0,0,Clear,0.84,46.0,50.8,17.7,Completed
T005289,2026-07-24,R01,B003,20,4,0,0,Clear,0.288,31.0,50.8,5.1,Completed
T005290,2026-07-24,R02,B008,5,4,0,0,Clear,0.308,8.0,36.4,6.4,Completed
T005291,2026-07-24,R02,B008,6,4,0,0,Clear,0.305,15.0,36.4,3.0,Completed
T005292,2026-07-24,R02,B008,8,4,0,0,Clear,0.835,45.0,36.4,12.1,Completed
T005293,2026-07-24,R02,B006,9,4,0,0,Clear,0.826,56.0,36.4,14.6,Completed
T005294,2026-07-24,R02,B007,11,4,0,0,Clear,0.342,19.0,36.4,3.8,Completed
T005295,2026-07-24,R02,B005,13,4,0,0,Clear,,23.0,36.4,9.1,Completed
T005296,2026-07-24,R02,B008,14,4,0,0,Clear,0.288,16.0,36.4,2.5,Completed
T005297,2026-07-24,R02,B008,15,4,0,0,Clear,0.329,35.0,36.4,7.5,Completed
T005298,2026-07-24,R02,B006,17,4,0,0,Clear,0.777,53.0,36.4,8.4,Completed
T005299,2026-07-24,R02,B006,18,4,0,0,Clear,0.841,56.0,36.4,11.6,Completed
T005300,2026-07-24,R02,B008,19,4,0,0,Clear,0.27,32.0,36.4,3.2,Completed
T005301,2026-07-24,R02,B008,21,4,0,0,Clear,0.254,11.0,36.4,5.5,Completed
T005302,2026-07-24,R03,B009,8,4,0,0,Clear,0.838,32.0,58.8,12.3,Completed
T005303,2026-07-24,R03,B010,9,4,0,0,Clear,0.823,50.0,58.8,13.2,Completed
T005304,2026-07-24,R03,B009,10,4,0,0,Clear,0.311,23.0,58.8,14.1,Completed
T005305,2026-07-24,R03,B011,15,4,0,0,Clear,0.29,30.0,58.8,3.0,Completed
T005306,2026-07-24,R03,B010,17,4,0,0,Clear,0.774,50.0,58.8,17.2,Completed
T005307,2026-07-24,R03,B009,18,4,0,0,Clear,0.793,37.0,58.8,14.3,Completed
T005308,2026-07-24,R04,B013,6,4,0,0,Clear,0.284,15.0,28.4,4.4,Completed
T005309,2026-07-24,R04,B013,7,4,0,0,Clear,0.325,22.0,28.4,5.9,Completed
T005310,2026-07-24,R04,B013,8,4,0,0,Clear,0.817,,28.4,16.3,Completed
T005311,2026-07-24,R04,B015,9,4,0,0,,0.773,50.0,28.4,14.9,Completed
T005312,2026-07-24,R04,B014,10,4,0,0,Clear,0.338,36.0,28.4,4.5,Completed
T005313,2026-07-24,R04,B014,11,4,0,0,Clear,0.287,18.0,28.4,9.7,Completed
T005314,2026-07-24,R04,B016,12,4,0,0,Clear,0.345,14.0,28.4,4.8,Completed
T005315,2026-07-24,R04,B016,14,4,0,0,Clear,0.304,15.0,28.4,-1.6,Completed
T005316,2026-07-24,R04,B016,15,4,0,0,Clear,0.329,14.0,28.4,3.0,Completed
T005317,2026-07-24,R04,B013,16,4,0,0,Clear,0.321,23.0,28.4,8.5,Completed
T005318,2026-07-24,R04,B013,17,4,0,0,Clear,0.801,43.0,28.4,15.8,Completed
T005319,2026-07-24,R04,B014,18,4,0,0,Clear,0.824,37.0,28.4,14.5,Completed
T005320,2026-07-24,R04,B013,19,4,0,0,Clear,0.301,20.0,28.4,4.4,Completed
T005321,2026-07-24,R05,B018,5,4,0,0,Clear,0.296,6.0,44.4,6.9,Completed
T005322,2026-07-24,R05,B018,6,4,0,0,Clear,0.302,11.0,44.4,3.3,Completed
T005323,2026-07-24,R05,B019,7,4,0,0,Clear,0.29,24.0,44.4,5.5,Completed
T005324,2026-07-24,R05,B018,8,4,0,0,Clear,0.816,30.0,44.4,12.9,Completed
T005325,2026-07-24,R05,B018,9,4,0,0,Clear,0.83,31.0,44.4,13.2,Completed
T005326,2026-07-24,R05,B019,10,4,0,0,Clear,0.252,32.0,44.4,9.1,Completed
T005327,2026-07-24,R05,B019,11,4,0,0,Clear,0.324,20.0,44.4,9.0,Completed
T005328,2026-07-24,R05,B020,14,4,0,0,Clear,0.32,12.0,44.4,3.4,Completed
T005329,2026-07-24,R05,B017,15,4,0,0,Clear,0.293,17.0,44.4,3.3,Completed
T005330,2026-07-24,R05,B019,17,4,0,0,Clear,0.768,37.0,44.4,13.8,Completed
T005331,2026-07-24,R05,B017,18,4,0,0,Clear,0.794,25.0,44.4,8.0,Completed
T005332,2026-07-24,R05,B020,19,4,0,0,Clear,0.321,24.0,44.4,-0.6,Completed
T005333,2026-07-24,R06,B022,8,4,0,0,Clear,0.833,37.0,41.2,16.1,Completed
T005334,2026-07-24,R06,B024,9,4,0,0,Clear,0.819,50.0,41.2,8.0,Completed
T005335,2026-07-24,R06,B024,10,4,0,0,Clear,0.338,37.0,41.2,9.1,Completed
T005336,2026-07-24,R06,B022,12,4,0,0,Clear,0.277,25.0,41.2,2.9,Completed
T005337,2026-07-24,R06,B024,14,4,0,0,Clear,0.252,20.0,41.2,8.0,Completed
T005338,2026-07-24,R06,B021,17,4,0,0,Clear,0.817,41.0,41.2,12.9,Completed
T005339,2026-07-24,R06,B021,18,4,0,0,Clear,0.812,31.0,41.2,11.1,Completed
T005340,2026-07-24,R06,B024,19,4,0,0,Clear,0.316,31.0,41.2,4.9,Completed
T005341,2026-07-24,R07,B027,6,4,0,0,Clear,0.268,8.0,33.2,3.1,Completed
T005342,2026-07-24,R07,B027,7,4,0,0,Clear,0.338,20.0,33.2,7.3,Completed
T005343,2026-07-24,R07,B028,8,4,0,0,Clear,0.805,26.0,33.2,16.2,Completed
T005344,2026-07-24,R07,B027,9,4,0,0,Clear,0.843,32.0,33.2,13.8,Completed
T005345,2026-07-24,R07,B026,12,4,0,0,Clear,0.324,0.0,33.2,,Cancelled
T005346,2026-07-24,R07,B027,15,4,0,0,Clear,0.289,18.0,33.2,8.4,Completed
T005347,2026-07-24,R07,B026,16,4,0,0,Clear,0.311,14.0,33.2,7.7,Completed
T005348,2026-07-24,R07,B027,17,4,0,0,Clear,0.826,22.0,33.2,21.2,Completed
T005349,2026-07-24,R07,B025,18,4,0,0,Clear,0.833,24.0,33.2,16.1,Completed
T005350,2026-07-24,R07,B025,19,4,0,0,Clear,0.311,15.0,33.2,12.0,Completed
T005351,2026-07-24,R07,B025,20,4,0,0,Clear,0.348,12.0,33.2,6.8,Completed
T005352,2026-07-24,R08,B029,5,4,0,0,Clear,0.324,6.0,26.8,9.4,Completed
T005353,2026-07-24,R08,B029,6,4,0,0,Clear,0.293,12.0,26.8,5.4,Completed
T005354,2026-07-24,R08,B032,7,4,0,0,Clear,0.279,22.0,26.8,12.8,Completed
T005355,2026-07-24,R08,B031,8,4,0,0,Clear,0.81,24.0,26.8,11.1,Completed
T005356,2026-07-24,R08,B032,9,4,0,0,Clear,0.8,40.0,26.8,10.3,Completed
T005357,2026-07-24,R08,B032,11,4,0,0,Clear,0.259,23.0,26.8,9.1,Completed
T005358,2026-07-24,R08,B031,13,4,0,0,Clear,0.319,18.0,26.8,3.9,Completed
T005359,2026-07-24,R08,B032,14,4,0,0,Clear,0.34,18.0,26.8,6.7,Completed
T005360,2026-07-24,R08,B032,16,4,0,0,Clear,0.318,26.0,26.8,8.0,Completed
T005361,2026-07-24,R08,B031,17,4,0,0,Clear,0.771,36.0,26.8,7.7,Completed
T005362,2026-07-24,R08,B030,18,4,0,0,Clear,0.751,28.0,26.8,16.2,Completed
T005363,2026-07-24,R08,B032,20,4,0,0,Clear,0.305,19.0,26.8,5.2,Completed
T005364,2026-07-24,R09,B033,5,4,0,0,Clear,0.292,5.0,63.6,8.9,Completed
T005365,2026-07-24,R09,B034,8,4,0,0,Clear,0.798,19.0,63.6,17.4,Completed
T005366,2026-07-24,R09,B033,9,4,0,0,Clear,0.81,32.0,63.6,16.1,Completed
T005367,2026-07-24,R09,B034,10,4,0,0,Clear,0.265,15.0,63.6,5.4,Completed
T005368,2026-07-24,R09,B034,12,4,0,0,Clear,0.285,13.0,63.6,10.7,Completed
T005369,2026-07-24,R09,B035,14,4,0,0,Clear,0.3,10.0,63.6,6.5,Completed
T005370,2026-07-24,R09,B034,16,4,0,0,Clear,0.252,18.0,63.6,2.9,Completed
T005371,2026-07-24,R09,B036,17,4,0,0,Clear,0.821,17.0,63.6,10.5,Completed
T005372,2026-07-24,R09,B035,18,4,0,0,Clear,0.764,24.0,63.6,10.7,Completed
T005373,2026-07-24,R09,B036,20,4,0,0,Clear,0.279,10.0,63.6,10.8,Completed
T005374,2026-07-24,R10,B037,5,4,0,0,Clear,0.339,4.0,38.0,9.0,Completed
T005375,2026-07-24,R10,B040,6,4,0,0,Clear,0.303,9.0,38.0,4.5,Completed
T005376,2026-07-24,R10,B038,7,4,0,0,Clear,0.301,18.0,38.0,-2.1,Completed
T005377,2026-07-24,R10,B038,8,4,0,0,Clear,0.826,31.0,38.0,7.8,Completed
T005378,2026-07-24,R10,B037,9,4,0,0,Clear,0.757,33.0,38.0,11.9,Completed
T005379,2026-07-24,R10,B037,10,4,0,0,Clear,0.292,20.0,38.0,5.1,Completed
T005380,2026-07-24,R10,B040,11,4,0,0,Clear,0.32,14.0,38.0,7.5,Completed
T005381,2026-07-24,R10,B037,14,4,0,0,Clear,0.262,8.0,38.0,3.5,Completed
T005382,2026-07-24,R10,B038,15,4,0,0,Clear,0.305,17.0,38.0,8.5,Completed
T005383,2026-07-24,R10,B037,16,4,0,0,Clear,0.282,20.0,38.0,3.5,Completed
T005384,2026-07-24,R10,B039,17,4,0,0,Clear,0.757,26.0,38.0,11.4,Completed
T005385,2026-07-24,R10,B038,18,4,0,0,Clear,0.827,32.0,38.0,11.2,Completed
T005386,2026-07-24,R10,B037,19,4,0,0,Clear,0.335,14.0,38.0,2.7,Completed
T005387,2026-07-25,R01,B002,5,5,1,0,Clear,0.16,7.0,50.8,6.7,Completed
T005388,2026-07-25,R01,B001,6,5,1,0,Clear,0.193,14.0,50.8,6.9,Completed
T005389,2026-07-25,R01,B001,7,5,1,0,Clear,0.164,0.0,50.8,,Cancelled
T005390,2026-07-25,R01,B002,8,5,1,0,Clear,0.631,31.0,50.8,14.2,Completed
T005391,2026-07-25,R01,B003,9,5,1,0,Clear,0.63,55.0,50.8,4.4,Completed
T005392,2026-07-25,R01,B004,10,5,1,0,Clear,0.14,23.0,50.8,9.0,Completed
T005393,2026-07-25,R01,B001,11,5,1,0,Clear,0.126,19.0,50.8,9.1,Completed
T005394,2026-07-25,R01,B002,17,5,1,0,Clear,0.697,38.0,50.8,7.3,Completed
T005395,2026-07-25,R01,B001,18,5,1,0,Clear,0.69,44.0,50.8,10.0,Completed
T005396,2026-07-25,R01,B001,21,5,1,0,Clear,0.116,10.0,50.8,4.2,Completed
T005397,2026-07-25,R02,B006,6,5,1,0,Clear,0.18,11.0,36.4,5.0,Completed
T005398,2026-07-25,R02,B008,8,5,1,0,Clear,0.614,33.0,36.4,3.3,Completed
T005399,2026-07-25,R02,B005,9,5,1,0,Clear,0.659,26.0,36.4,6.9,Completed
T005400,2026-07-25,R02,B006,12,5,1,0,Clear,0.191,24.0,36.4,2.3,Completed
T005401,2026-07-25,R02,B005,14,5,1,0,Clear,0.183,12.0,36.4,4.2,Completed
T005402,2026-07-25,R02,B005,16,5,1,0,Clear,0.191,14.0,36.4,10.3,Completed
T005403,2026-07-25,R02,B006,17,5,1,0,Clear,0.644,32.0,36.4,14.2,Completed
T005404,2026-07-25,R02,B007,18,5,1,0,Clear,0.604,27.0,36.4,4.0,Completed
T005405,2026-07-25,R02,B006,19,5,1,0,Clear,0.149,22.0,36.4,4.9,Completed
T005406,2026-07-25,R03,B012,6,5,1,0,Clear,0.117,14.0,58.8,5.2,Completed
T005407,2026-07-25,R03,B011,8,5,1,0,Clear,0.64,23.0,58.8,13.5,Completed
T005408,2026-07-25,R03,B010,9,5,1,0,Clear,0.668,33.0,58.8,15.1,Completed
T005409,2026-07-25,R03,B009,11,5,1,0,Clear,0.169,17.0,58.8,6.2,Completed
T005410,2026-07-25,R03,B009,12,5,1,0,Clear,0.17,13.0,58.8,16.0,Completed
T005411,2026-07-25,R03,B010,15,5,1,0,Clear,0.183,17.0,58.8,2.8,Completed
T005412,2026-07-25,R03,B010,17,5,1,0,Clear,0.633,28.0,58.8,3.8,Completed
T005413,2026-07-25,R03,B011,18,5,1,0,Clear,0.688,29.0,58.8,8.3,Completed
T005414,2026-07-25,R03,B012,20,5,1,0,Clear,0.139,21.0,58.8,2.0,Completed
T005415,2026-07-25,R03,B011,21,5,1,0,Clear,0.103,7.0,58.8,1.1,Completed
T005416,2026-07-25,R04,B014,7,5,1,0,Clear,0.148,19.0,28.4,6.4,Completed
T005417,2026-07-25,R04,B015,8,5,1,0,Clear,0.622,33.0,28.4,11.8,Completed
T005418,2026-07-25,R04,B014,9,5,1,0,Clear,0.644,28.0,28.4,8.0,Completed
T005419,2026-07-25,R04,B013,11,5,1,0,Clear,0.186,11.0,28.4,2.1,Completed
T005420,2026-07-25,R04,B016,13,5,1,0,Clear,0.109,11.0,28.4,7.0,Completed
T005421,2026-07-25,R04,B016,14,5,1,0,Clear,0.139,11.0,28.4,5.9,Completed
T005422,2026-07-25,R04,B016,17,5,1,0,Clear,,15.0,28.4,20.3,Completed
T005423,2026-07-25,R04,B015,18,5,1,0,Clear,0.697,24.0,28.4,13.4,Completed
T005424,2026-07-25,R04,B016,19,5,1,0,Clear,0.128,13.0,28.4,3.4,Completed
T005425,2026-07-25,R04,B016,20,5,1,0,Clear,0.164,9.0,28.4,3.2,Completed
T005426,2026-07-25,R05,B019,5,5,1,0,Clear,0.163,6.0,44.4,3.0,Completed
T005427,2026-07-25,R05,B019,7,5,1,0,Clear,0.18,24.0,44.4,2.8,Completed
T005428,2026-07-25,R05,B018,8,5,1,0,Clear,0.635,19.0,44.4,17.1,Completed
T005429,2026-07-25,R05,B018,9,5,1,0,Clear,0.615,23.0,44.4,15.4,Completed
T005430,2026-07-25,R05,B020,10,5,1,0,Clear,0.198,13.0,44.4,1.9,Completed
T005431,2026-07-25,R05,B018,11,5,1,0,Clear,0.168,8.0,44.4,6.7,Completed
T005432,2026-07-25,R05,B018,12,5,1,0,Clear,0.187,11.0,44.4,3.8,Completed
T005433,2026-07-25,R05,B020,15,5,1,0,Clear,0.191,12.0,44.4,3.3,Completed
T005434,2026-07-25,R05,B017,16,5,1,0,Clear,0.174,17.0,44.4,3.1,Completed
T005435,2026-07-25,R05,B020,17,5,1,0,Clear,0.663,21.0,44.4,11.7,Completed
T005436,2026-07-25,R05,B020,18,5,1,0,Clear,0.695,22.0,44.4,9.3,Completed
T005437,2026-07-25,R05,B018,19,5,1,0,Clear,0.138,11.0,44.4,-0.8,Completed
T005438,2026-07-25,R05,B018,21,5,1,0,Clear,0.117,5.0,44.4,-2.0,Completed
T005439,2026-07-25,R06,B021,8,5,1,0,Clear,0.642,29.0,41.2,9.6,Completed
T005440,2026-07-25,R06,B024,9,5,1,0,Clear,0.663,34.0,41.2,15.7,Completed
T005441,2026-07-25,R06,B023,11,5,1,0,Clear,0.192,14.0,41.2,8.1,Completed
T005442,2026-07-25,R06,B024,13,5,1,0,Clear,0.11,20.0,41.2,2.1,Completed
T005443,2026-07-25,R06,B021,16,5,1,0,Clear,0.108,23.0,41.2,6.9,Completed
T005444,2026-07-25,R06,B022,17,5,1,0,Clear,0.67,29.0,41.2,12.5,Completed
T005445,2026-07-25,R06,B024,18,5,1,0,Clear,0.615,29.0,41.2,4.8,Completed
T005446,2026-07-25,R06,B022,19,5,1,0,Clear,0.125,14.0,41.2,3.1,Completed
T005447,2026-07-25,R06,B024,20,5,1,0,Clear,0.113,17.0,41.2,3.3,Completed
T005448,2026-07-25,R07,B027,6,5,1,0,Clear,0.152,6.0,33.2,1.6,Completed
T005449,2026-07-25,R07,B025,8,5,1,0,Clear,0.69,19.0,33.2,18.1,Completed
T005450,2026-07-25,R07,B025,9,5,1,0,Clear,0.622,25.0,33.2,10.1,Completed
T005451,2026-07-25,R07,B026,11,5,1,0,Clear,0.158,9.0,33.2,8.1,Completed
T005452,2026-07-25,R07,B025,13,5,1,0,Clear,0.11,10.0,33.2,1.9,Completed
T005453,2026-07-25,R07,B027,14,5,1,0,Clear,0.17,9.0,33.2,8.2,Completed
T005454,2026-07-25,R07,B025,17,5,1,0,Clear,0.684,22.0,33.2,12.3,Completed
T005455,2026-07-25,R07,B026,18,5,1,0,Clear,0.645,16.0,33.2,10.9,Completed
T005456,2026-07-25,R07,B028,20,5,1,0,Clear,0.164,6.0,33.2,7.9,Completed
T005457,2026-07-25,R08,B030,5,5,1,0,Clear,0.168,5.0,26.8,6.2,Completed
T005458,2026-07-25,R08,B030,8,5,1,0,Clear,0.626,22.0,26.8,7.5,Completed
T005459,2026-07-25,R08,B032,9,5,1,0,Clear,0.662,28.0,26.8,12.8,Completed
T005460,2026-07-25,R08,B030,10,5,1,0,Clear,0.128,15.0,26.8,4.1,Completed
T005461,2026-07-25,R08,B031,16,5,1,0,Clear,0.165,17.0,26.8,2.2,Completed
T005462,2026-07-25,R08,B031,17,5,1,0,Clear,0.618,19.0,26.8,7.7,Completed
T005463,2026-07-25,R08,B029,18,5,1,0,Clear,0.601,19.0,26.8,5.5,Completed
T005464,2026-07-25,R08,B029,20,5,1,0,Clear,0.186,,26.8,2.7,Completed
T005465,2026-07-25,R08,B032,21,5,1,0,Clear,0.2,7.0,26.8,7.3,Completed
T005466,2026-07-25,R09,B035,8,5,1,0,,0.669,17.0,63.6,6.5,Completed
T005467,2026-07-25,R09,B034,9,5,1,0,Clear,0.602,16.0,63.6,6.2,Completed
T005468,2026-07-25,R09,B036,10,5,1,0,Clear,0.128,7.0,63.6,5.5,Completed
T005469,2026-07-25,R09,B034,14,5,1,0,Clear,0.164,8.0,63.6,3.7,Completed
T005470,2026-07-25,R09,B036,16,5,1,0,Clear,0.175,10.0,63.6,7.2,Completed
T005471,2026-07-25,R09,B036,17,5,1,0,Clear,0.687,13.0,63.6,11.5,Completed
T005472,2026-07-25,R09,B034,18,5,1,0,Clear,0.641,19.0,63.6,8.3,Completed
T005473,2026-07-25,R09,B035,19,5,1,0,Clear,0.106,13.0,63.6,7.6,Completed
T005474,2026-07-25,R10,B038,6,5,1,0,Clear,0.128,6.0,38.0,1.7,Completed
T005475,2026-07-25,R10,B039,7,5,1,0,Clear,0.159,11.0,38.0,8.2,Completed
T005476,2026-07-25,R10,B039,8,5,1,0,Clear,0.646,0.0,38.0,,Cancelled
T005477,2026-07-25,R10,B037,9,5,1,0,Clear,0.68,18.0,38.0,12.2,Completed
T005478,2026-07-25,R10,B039,11,5,1,0,Clear,0.19,9.0,38.0,3.1,Completed
T005479,2026-07-25,R10,B039,16,5,1,0,Clear,0.134,10.0,38.0,2.1,Completed
T005480,2026-07-25,R10,B038,17,5,1,0,Clear,0.692,19.0,38.0,8.0,Completed
T005481,2026-07-25,R10,B037,18,5,1,0,Clear,0.617,17.0,38.0,7.8,Completed
T005482,2026-07-25,R10,B039,19,5,1,0,Clear,0.16,10.0,38.0,4.0,Completed
T005483,2026-07-25,R10,B039,20,5,1,0,Clear,0.112,6.0,38.0,5.0,Completed
T005484,2026-07-26,R01,B004,8,6,1,0,Clear,0.609,33.0,50.8,12.7,Completed
T005485,2026-07-26,R01,B002,9,6,1,0,Clear,0.631,33.0,50.8,13.2,Completed
T005486,2026-07-26,R01,B003,12,6,1,0,Clear,0.155,28.0,50.8,5.1,Completed
T005487,2026-07-26,R01,B003,14,6,1,0,Clear,0.128,27.0,50.8,5.7,Completed
T005488,2026-07-26,R01,B001,15,6,1,0,Clear,0.125,0.0,50.8,,Cancelled
T005489,2026-07-26,R01,B004,16,6,1,0,Clear,0.176,28.0,50.8,13.3,Completed
T005490,2026-07-26,R01,B001,17,6,1,0,Clear,0.682,35.0,50.8,17.3,Completed
T005491,2026-07-26,R01,B001,18,6,1,0,Clear,0.632,,50.8,6.2,Completed
T005492,2026-07-26,R01,B001,21,6,1,0,Clear,0.161,10.0,50.8,7.1,Completed
T005493,2026-07-26,R02,B008,5,6,1,0,Clear,0.14,6.0,36.4,3.5,Completed
T005494,2026-07-26,R02,B005,7,6,1,0,Clear,0.178,14.0,36.4,4.9,Completed
T005495,2026-07-26,R02,B007,8,6,1,0,Clear,0.696,29.0,36.4,9.0,Completed
T005496,2026-07-26,R02,B005,9,6,1,0,Clear,0.603,28.0,36.4,14.4,Completed
T005497,2026-07-26,R02,B005,12,6,1,0,Clear,0.175,10.0,36.4,5.8,Completed
T005498,2026-07-26,R02,B006,14,6,1,0,Clear,0.176,14.0,36.4,6.6,Completed
T005499,2026-07-26,R02,B005,15,6,1,0,Clear,0.104,10.0,36.4,3.3,Completed
T005500,2026-07-26,R02,B007,17,6,1,0,Clear,0.688,25.0,36.4,6.9,Completed
T005501,2026-07-26,R02,B008,18,6,1,0,Clear,0.61,29.0,36.4,10.1,Completed
T005502,2026-07-26,R02,B005,19,6,1,0,Clear,0.118,19.0,36.4,1.8,Completed
T005503,2026-07-26,R02,B006,20,6,1,0,Clear,0.102,17.0,36.4,6.3,Completed
T005504,2026-07-26,R03,B010,8,6,1,0,Clear,0.649,30.0,58.8,11.5,Completed
T005505,2026-07-26,R03,B011,9,6,1,0,Clear,0.69,31.0,58.8,14.0,Completed
T005506,2026-07-26,R03,B009,10,6,1,0,Clear,0.146,,58.8,7.5,Completed
T005507,2026-07-26,R03,B012,11,6,1,0,Clear,0.185,19.0,58.8,9.8,Completed
T005508,2026-07-26,R03,B011,17,6,1,0,Clear,0.603,29.0,58.8,13.2,Completed
T005509,2026-07-26,R03,B011,18,6,1,0,Clear,0.683,30.0,58.8,10.9,Completed
T005510,2026-07-26,R03,B011,20,6,1,0,Clear,0.191,11.0,58.8,0.2,Completed
T005511,2026-07-26,R04,B016,6,6,1,0,Clear,0.186,7.0,28.4,4.6,Completed
T005512,2026-07-26,R04,B014,7,6,1,0,Clear,0.154,19.0,28.4,7.1,Completed
T005513,2026-07-26,R04,B016,8,6,1,0,Clear,0.673,19.0,28.4,6.4,Completed
T005514,2026-07-26,R04,B015,9,6,1,0,Clear,0.615,0.0,28.4,,Cancelled
T005515,2026-07-26,R04,B014,10,6,1,0,Clear,0.18,25.0,28.4,2.7,Completed
T005516,2026-07-26,R04,B015,14,6,1,0,Clear,0.128,11.0,28.4,6.4,Completed
T005517,2026-07-26,R04,B015,16,6,1,0,Clear,0.152,18.0,28.4,2.0,Completed
T005518,2026-07-26,R04,B013,17,6,1,0,Clear,0.63,28.0,28.4,15.6,Completed
T005519,2026-07-26,R04,B014,18,6,1,0,Clear,0.613,29.0,28.4,9.1,Completed
T005520,2026-07-26,R04,B013,19,6,1,0,Clear,0.129,19.0,28.4,9.1,Completed
T005521,2026-07-26,R04,B013,20,6,1,0,Clear,0.141,7.0,28.4,5.2,Completed
T005522,2026-07-26,R05,B018,6,6,1,0,Clear,0.11,7.0,44.4,8.8,Completed
T005523,2026-07-26,R05,B020,7,6,1,0,Clear,0.108,11.0,44.4,5.7,Completed
T005524,2026-07-26,R05,B017,8,6,1,0,Clear,0.69,24.0,44.4,13.7,Completed
T005525,2026-07-26,R05,B020,9,6,1,0,Clear,0.683,26.0,44.4,7.4,Completed
T005526,2026-07-26,R05,B017,10,6,1,0,Clear,0.152,17.0,44.4,4.1,Completed
T005527,2026-07-26,R05,B019,12,6,1,0,Clear,0.168,12.0,44.4,5.1,Completed
T005528,2026-07-26,R05,B019,14,6,1,0,Clear,0.182,12.0,44.4,6.2,Completed
T005529,2026-07-26,R05,B018,15,6,1,0,Clear,0.165,9.0,44.4,7.1,Completed
T005530,2026-07-26,R05,B020,16,6,1,0,Clear,0.157,19.0,44.4,2.5,Completed
T005531,2026-07-26,R05,B019,17,6,1,0,Clear,0.61,27.0,44.4,9.6,Completed
T005532,2026-07-26,R05,B020,18,6,1,0,Clear,0.68,27.0,44.4,8.3,Completed
T005533,2026-07-26,R05,B017,21,6,1,0,Clear,0.14,5.0,44.4,3.6,Completed
T005534,2026-07-26,R06,B022,7,6,1,0,Clear,0.141,15.0,41.2,-0.1,Completed
T005535,2026-07-26,R06,B021,8,6,1,0,Clear,0.639,32.0,41.2,12.3,Completed
T005536,2026-07-26,R06,B023,9,6,1,0,Clear,0.667,37.0,41.2,13.4,Completed
T005537,2026-07-26,R06,B022,13,6,1,0,Clear,0.158,13.0,41.2,2.1,Completed
T005538,2026-07-26,R06,B021,14,6,1,0,Clear,0.123,11.0,41.2,5.5,Completed
T005539,2026-07-26,R06,B023,15,6,1,0,Clear,0.117,15.0,41.2,0.4,Completed
T005540,2026-07-26,R06,B024,17,6,1,0,Clear,0.641,38.0,41.2,4.2,Completed
T005541,2026-07-26,R06,B021,18,6,1,0,Clear,,25.0,41.2,16.2,Completed
T005542,2026-07-26,R06,B024,20,6,1,0,Clear,0.148,16.0,41.2,-0.6,Completed
T005543,2026-07-26,R07,B027,7,6,1,0,Clear,0.135,10.0,33.2,1.1,Completed
T005544,2026-07-26,R07,B026,8,6,1,0,Clear,0.659,15.0,33.2,13.1,Completed
T005545,2026-07-26,R07,B027,9,6,1,0,Clear,0.659,19.0,33.2,15.1,Completed
T005546,2026-07-26,R07,B028,10,6,1,0,Clear,0.146,11.0,33.2,6.3,Completed
T005547,2026-07-26,R07,B026,13,6,1,0,Clear,0.186,10.0,33.2,3.0,Completed
T005548,2026-07-26,R07,B026,17,6,1,0,Clear,0.666,18.0,33.2,11.8,Completed
T005549,2026-07-26,R07,B025,18,6,1,0,Clear,0.687,16.0,33.2,6.8,Completed
T005550,2026-07-26,R07,B026,21,6,1,0,Clear,0.198,5.0,33.2,12.4,Completed
T005551,2026-07-26,R08,B032,5,6,1,0,Clear,0.163,5.0,26.8,6.3,Completed
T005552,2026-07-26,R08,B029,7,6,1,0,Clear,0.151,13.0,26.8,10.9,Completed
T005553,2026-07-26,R08,B030,8,6,1,0,Clear,0.648,25.0,26.8,18.0,Completed
T005554,2026-07-26,R08,B031,9,6,1,0,Clear,0.608,26.0,26.8,6.8,Completed
T005555,2026-07-26,R08,B029,12,6,1,0,Clear,0.13,8.0,26.8,3.3,Completed
T005556,2026-07-26,R08,B029,15,6,1,0,Clear,0.165,12.0,26.8,6.6,Completed
T005557,2026-07-26,R08,B031,17,6,1,0,Clear,0.696,17.0,26.8,9.6,Completed
T005558,2026-07-26,R08,B031,18,6,1,0,Clear,0.644,22.0,26.8,10.6,Completed
T005559,2026-07-26,R08,B031,20,6,1,0,Clear,0.133,11.0,26.8,9.0,Completed
T005560,2026-07-26,R08,B029,21,6,1,0,Clear,0.182,5.0,26.8,6.5,Completed
T005561,2026-07-26,R09,B036,5,6,1,0,Clear,0.158,3.0,63.6,6.4,Completed
T005562,2026-07-26,R09,B035,7,6,1,0,Clear,0.107,12.0,63.6,5.3,Completed
T005563,2026-07-26,R09,B034,8,6,1,0,Clear,0.663,13.0,63.6,9.9,Completed
T005564,2026-07-26,R09,B033,9,6,1,0,Clear,0.608,15.0,63.6,9.8,Completed
T005565,2026-07-26,R09,B034,12,6,1,0,Clear,0.11,8.0,63.6,6.3,Completed
T005566,2026-07-26,R09,B033,15,6,1,0,Clear,0.112,9.0,63.6,3.9,Completed
T005567,2026-07-26,R09,B033,16,6,1,0,Clear,0.119,14.0,63.6,4.9,Completed
T005568,2026-07-26,R09,B036,17,6,1,0,Clear,0.686,10.0,63.6,11.3,Completed
T005569,2026-07-26,R09,B033,18,6,1,0,Clear,0.642,0.0,63.6,,Cancelled
T005570,2026-07-26,R09,B035,19,6,1,0,Clear,0.169,9.0,63.6,6.3,Completed
T005571,2026-07-26,R10,B038,5,6,1,0,Clear,0.15,4.0,38.0,1.7,Completed
T005572,2026-07-26,R10,B039,7,6,1,0,Clear,0.108,10.0,38.0,6.4,Completed
T005573,2026-07-26,R10,B040,8,6,1,0,Clear,0.6,20.0,38.0,12.2,Completed
T005574,2026-07-26,R10,B040,9,6,1,0,Clear,0.68,24.0,38.0,11.3,Completed
T005575,2026-07-26,R10,B039,13,6,1,0,Clear,0.175,10.0,38.0,5.5,Completed
T005576,2026-07-26,R10,B038,14,6,1,0,Clear,0.132,9.0,38.0,3.4,Completed
T005577,2026-07-26,R10,B037,17,6,1,0,Clear,0.685,16.0,38.0,12.8,Completed
T005578,2026-07-26,R10,B037,18,6,1,0,Clear,0.673,12.0,38.0,9.4,Completed
T005579,2026-07-27,R01,B003,6,0,0,0,Rain,0.452,0.0,50.8,,Cancelled
T005580,2026-07-27,R01,B003,7,0,0,0,Rain,0.431,27.0,50.8,10.5,Completed
T005581,2026-07-27,R01,B003,8,0,0,0,Rain,0.929,56.0,50.8,15.9,Completed
T005582,2026-07-27,R01,B001,9,0,0,0,Rain,0.991,50.0,50.8,21.6,Completed
T005583,2026-07-27,R01,B001,15,0,0,0,Rain,0.47,23.0,50.8,13.3,Completed
T005584,2026-07-27,R01,B001,17,0,0,0,Rain,0.933,38.0,50.8,21.8,Completed
T005585,2026-07-27,R01,B004,18,0,0,0,Rain,0.953,48.0,50.8,24.3,Completed
T005586,2026-07-27,R01,B001,19,0,0,0,Rain,0.46,0.0,50.8,,Cancelled
T005587,2026-07-27,R01,B001,21,0,0,0,Rain,0.447,12.0,50.8,16.1,Completed
T005588,2026-07-27,R02,B007,5,0,0,0,Rain,0.463,6.0,36.4,9.1,Completed
T005589,2026-07-27,R02,B008,8,0,0,0,Rain,0.908,34.0,36.4,12.2,Completed
T005590,2026-07-27,R02,B007,9,0,0,0,Rain,0.964,32.0,36.4,16.7,Completed
T005591,2026-07-27,R02,B005,11,0,0,0,Rain,0.431,16.0,36.4,10.3,Completed
T005592,2026-07-27,R02,B005,13,0,0,0,Rain,0.41,19.0,36.4,10.7,Completed
T005593,2026-07-27,R02,B006,14,0,0,0,Rain,0.46,0.0,36.4,,Cancelled
T005594,2026-07-27,R02,B005,15,0,0,0,Rain,0.412,16.0,36.4,7.1,Completed
T005595,2026-07-27,R02,B005,17,0,0,0,Rain,0.933,27.0,36.4,22.0,Completed
T005596,2026-07-27,R02,B005,18,0,0,0,Rain,0.998,26.0,36.4,19.3,Completed
T005597,2026-07-27,R02,B008,19,0,0,0,Rain,0.412,24.0,36.4,6.9,Completed
T005598,2026-07-27,R03,B011,6,0,0,0,Rain,0.407,17.0,58.8,11.0,Completed
T005599,2026-07-27,R03,B011,7,0,0,0,Rain,0.423,17.0,58.8,7.5,Completed
T005600,2026-07-27,R03,B009,8,0,0,0,Rain,0.986,28.0,58.8,21.2,Completed
T005601,2026-07-27,R03,B010,9,0,0,0,Rain,0.929,47.0,58.8,19.1,Completed
T005602,2026-07-27,R03,B011,10,0,0,0,Rain,0.445,,58.8,11.4,Completed
T005603,2026-07-27,R03,B010,13,0,0,0,Rain,0.439,27.0,58.8,15.3,Completed
T005604,2026-07-27,R03,B012,15,0,0,0,Rain,0.438,19.0,58.8,12.3,Completed
T005605,2026-07-27,R03,B009,16,0,0,0,Rain,0.404,21.0,58.8,14.3,Completed
T005606,2026-07-27,R03,B010,17,0,0,0,Rain,0.902,34.0,58.8,21.9,Completed
T005607,2026-07-27,R03,B009,18,0,0,0,Rain,0.937,38.0,58.8,17.7,Completed
T005608,2026-07-27,R03,B012,19,0,0,0,Rain,0.419,32.0,58.8,14.5,Completed
T005609,2026-07-27,R03,B012,20,0,0,0,Rain,0.487,21.0,58.8,11.4,Completed
T005610,2026-07-27,R03,B010,21,0,0,0,Rain,0.443,11.0,58.8,16.5,Completed
T005611,2026-07-27,R04,B015,6,0,0,0,Rain,0.455,0.0,28.4,,Cancelled
T005612,2026-07-27,R04,B013,7,0,0,0,Rain,0.466,0.0,28.4,,Cancelled
T005613,2026-07-27,R04,B015,8,0,0,0,Rain,0.994,36.0,28.4,24.9,Completed
T005614,2026-07-27,R04,B014,9,0,0,0,Rain,0.934,44.0,28.4,16.2,Completed
T005615,2026-07-27,R04,B016,11,0,0,0,Rain,0.438,14.0,28.4,14.1,Completed
T005616,2026-07-27,R04,B013,12,0,0,0,Rain,0.46,15.0,28.4,11.1,Completed
T005617,2026-07-27,R04,B015,13,0,0,0,Rain,0.493,0.0,28.4,,Cancelled
T005618,2026-07-27,R04,B014,15,0,0,0,Rain,0.438,19.0,28.4,5.2,Completed
T005619,2026-07-27,R04,B016,17,0,0,0,Rain,0.984,28.0,28.4,22.3,Completed
T005620,2026-07-27,R04,B014,18,0,0,0,Rain,0.914,30.0,28.4,14.1,Completed
T005621,2026-07-27,R04,B014,20,0,0,0,Rain,0.432,19.0,28.4,8.8,Completed
T005622,2026-07-27,R04,B016,21,0,0,0,Rain,0.445,0.0,28.4,,Cancelled
T005623,2026-07-27,R05,B018,6,0,0,0,Rain,0.496,11.0,44.4,21.6,Completed
T005624,2026-07-27,R05,B017,7,0,0,0,Rain,0.417,17.0,44.4,5.7,Completed
T005625,2026-07-27,R05,B020,8,0,0,0,Rain,0.917,25.0,44.4,17.3,Completed
T005626,2026-07-27,R05,B019,9,0,0,0,Rain,0.975,36.0,44.4,18.8,Completed
T005627,2026-07-27,R05,B019,10,0,0,0,Rain,0.42,22.0,44.4,15.8,Completed
T005628,2026-07-27,R05,B019,13,0,0,0,Rain,0.461,21.0,44.4,12.2,Completed
T005629,2026-07-27,R05,B020,14,0,0,0,Rain,0.42,400.0,44.4,,Cancelled
T005630,2026-07-27,R05,B019,16,0,0,0,Rain,0.494,27.0,44.4,12.3,Completed
T005631,2026-07-27,R05,B019,17,0,0,0,Rain,0.986,35.0,44.4,14.5,Completed
T005632,2026-07-27,R05,B017,18,0,0,0,Rain,0.954,30.0,44.4,21.1,Completed
T005633,2026-07-27,R05,B020,20,0,0,0,Rain,0.477,10.0,44.4,14.8,Completed
T005634,2026-07-27,R05,B019,21,0,0,0,Rain,0.444,9.0,44.4,11.7,Completed
T005635,2026-07-27,R06,B023,7,0,0,0,Rain,0.427,30.0,41.2,13.7,Completed
T005636,2026-07-27,R06,B024,8,0,0,0,Rain,0.95,44.0,41.2,14.8,Completed
T005637,2026-07-27,R06,B022,9,0,0,0,Rain,0.922,38.0,41.2,18.6,Completed
T005638,2026-07-27,R06,B022,10,0,0,0,Rain,0.49,23.0,41.2,13.5,Completed
T005639,2026-07-27,R06,B024,12,0,0,0,Rain,0.413,22.0,41.2,4.6,Completed
T005640,2026-07-27,R06,B023,13,0,0,0,Rain,0.448,20.0,41.2,14.7,Completed
T005641,2026-07-27,R06,B023,15,0,0,0,Rain,0.479,26.0,41.2,11.3,Completed
T005642,2026-07-27,R06,B023,17,0,0,0,Rain,0.901,40.0,41.2,15.6,Completed
T005643,2026-07-27,R06,B022,18,0,0,0,Rain,0.919,40.0,41.2,18.9,Completed
T005644,2026-07-27,R06,B022,19,0,0,0,Rain,0.437,25.0,41.2,11.2,Completed
T005645,2026-07-27,R06,B023,21,0,0,0,Rain,0.479,11.0,41.2,7.6,Completed
T005646,2026-07-27,R07,B028,8,0,0,0,Rain,0.999,14.0,33.2,18.0,Completed
T005647,2026-07-27,R07,B026,9,0,0,0,Rain,0.91,19.0,33.2,21.2,Completed
T005648,2026-07-27,R07,B025,10,0,0,0,Rain,0.411,17.0,33.2,8.0,Completed
T005649,2026-07-27,R07,B028,15,0,0,0,Rain,0.492,11.0,33.2,11.1,Completed
T005650,2026-07-27,R07,B027,17,0,0,0,Rain,0.985,25.0,33.2,20.7,Completed
T005651,2026-07-27,R07,B028,18,0,0,0,Rain,0.989,18.0,33.2,20.1,Completed
T005652,2026-07-27,R07,B027,21,0,0,0,Rain,0.473,7.0,33.2,10.8,Completed
T005653,2026-07-27,R08,B029,5,0,0,0,Rain,0.458,4.0,26.8,14.6,Completed
T005654,2026-07-27,R08,B032,8,0,0,0,Rain,0.949,33.0,26.8,15.9,Completed
T005655,2026-07-27,R08,B030,9,0,0,0,Rain,0.921,26.0,26.8,27.2,Completed
T005656,2026-07-27,R08,B029,12,0,0,0,Rain,0.491,10.0,26.8,17.4,Completed
T005657,2026-07-27,R08,B031,15,0,0,0,Rain,0.446,14.0,26.8,8.1,Completed
T005658,2026-07-27,R08,B031,16,0,0,0,Rain,0.438,0.0,26.8,,Cancelled
T005659,2026-07-27,R08,B029,17,0,0,0,Rain,0.902,0.0,26.8,,Cancelled
T005660,2026-07-27,R08,B031,18,0,0,0,Rain,0.928,36.0,26.8,19.7,Completed
T005661,2026-07-27,R08,B029,19,0,0,0,Rain,0.424,14.0,26.8,13.0,Completed
T005662,2026-07-27,R08,B029,20,0,0,0,Rain,0.422,10.0,26.8,13.4,Completed
T005663,2026-07-27,R08,B032,21,0,0,0,Rain,0.404,5.0,26.8,9.7,Completed
T005664,2026-07-27,R09,B034,5,0,0,0,Rain,0.475,5.0,63.6,15.3,Completed
T005665,2026-07-27,R09,B035,6,0,0,0,Rain,0.45,10.0,63.6,14.8,Completed
T005666,2026-07-27,R09,B036,8,0,0,0,Rain,0.973,20.0,63.6,14.6,Completed
T005667,2026-07-27,R09,B036,9,0,0,0,Rain,0.992,17.0,63.6,15.5,Completed
T005668,2026-07-27,R09,B033,14,0,0,0,Rain,0.433,11.0,63.6,13.6,Completed
T005669,2026-07-27,R09,B036,17,0,0,0,Rain,0.96,18.0,63.6,17.4,Completed
T005670,2026-07-27,R09,B033,18,0,0,0,Rain,0.966,,63.6,19.6,Completed
T005671,2026-07-27,R09,B035,20,0,0,0,Rain,0.479,9.0,63.6,11.4,Completed
T005672,2026-07-27,R09,B033,21,0,0,0,Rain,0.494,5.0,63.6,10.9,Completed
T005673,2026-07-27,R10,B037,5,0,0,0,Rain,0.426,5.0,38.0,9.2,Completed
T005674,2026-07-27,R10,B038,6,0,0,0,Rain,0.417,11.0,38.0,10.6,Completed
T005675,2026-07-27,R10,B037,7,0,0,0,Rain,0.409,11.0,38.0,10.0,Completed
T005676,2026-07-27,R10,B037,8,0,0,0,Rain,0.919,24.0,38.0,15.4,Completed
T005677,2026-07-27,R10,B039,9,0,0,0,Rain,0.944,20.0,38.0,14.6,Completed
T005678,2026-07-27,R10,B039,10,0,0,0,Rain,0.434,16.0,38.0,8.0,Completed
T005679,2026-07-27,R10,B039,11,0,0,0,Rain,0.436,11.0,38.0,16.1,Completed
T005680,2026-07-27,R10,B038,12,0,0,0,Rain,0.491,16.0,38.0,10.3,Completed
T005681,2026-07-27,R10,B039,13,0,0,0,Rain,0.457,11.0,38.0,10.8,Completed
T005682,2026-07-27,R10,B039,15,0,0,0,Rain,0.435,9.0,38.0,5.0,Completed
T005683,2026-07-27,R10,B037,16,0,0,0,Rain,0.49,11.0,38.0,12.8,Completed
T005684,2026-07-27,R10,B037,17,0,0,0,Rain,0.965,18.0,38.0,17.2,Completed
T005685,2026-07-27,R10,B037,18,0,0,0,Rain,0.991,19.0,38.0,11.1,Completed
T005686,2026-07-27,R10,B040,19,0,0,0,Rain,0.444,17.0,38.0,12.5,Completed
T005687,2026-07-28,R01,B003,8,1,0,0,Rain,0.956,58.0,50.8,13.8,Completed
T005688,2026-07-28,R01,B003,9,1,0,0,Rain,0.928,53.0,50.8,20.4,Completed
T005689,2026-07-28,R01,B002,11,1,0,0,Rain,0.45,22.0,50.8,10.1,Completed
T005690,2026-07-28,R01,B003,13,1,0,0,Rain,0.486,20.0,50.8,15.0,Completed
T005691,2026-07-28,R01,B004,15,1,0,0,Rain,0.462,24.0,50.8,10.1,Completed
T005692,2026-07-28,R01,B003,16,1,0,0,Rain,0.442,22.0,50.8,9.8,Completed
T005693,2026-07-28,R01,B001,17,1,0,0,Rain,0.917,41.0,50.8,20.3,Completed
T005694,2026-07-28,R01,B003,18,1,0,0,Rain,0.958,58.0,50.8,11.2,Completed
T005695,2026-07-28,R01,B001,20,1,0,0,Rain,0.442,18.0,50.8,13.6,Completed
T005696,2026-07-28,R01,B001,21,1,0,0,Rain,0.478,15.0,50.8,12.2,Completed
T005697,2026-07-28,R02,B008,6,1,0,0,Rain,0.464,13.0,36.4,11.2,Completed
T005698,2026-07-28,R02,B007,7,1,0,0,Rain,0.4,24.0,36.4,6.2,Completed
T005699,2026-07-28,R02,B008,8,1,0,0,Rain,0.969,39.0,36.4,16.9,Completed
T005700,2026-07-28,R02,B006,9,1,0,0,Rain,0.981,39.0,36.4,23.4,Completed
T005701,2026-07-28,R02,B005,12,1,0,0,Rain,0.445,14.0,36.4,15.2,Completed
T005702,2026-07-28,R02,B008,13,1,0,0,Rain,0.49,16.0,36.4,14.2,Completed
T005703,2026-07-28,R02,B006,14,1,0,0,Rain,0.421,24.0,36.4,9.7,Completed
T005704,2026-07-28,R02,B008,15,1,0,0,Rain,0.458,23.0,36.4,9.1,Completed
T005705,2026-07-28,R02,B008,17,1,0,0,Rain,0.903,35.0,36.4,12.2,Completed
T005706,2026-07-28,R02,B005,18,1,0,0,Rain,0.945,31.0,36.4,21.7,Completed
T005707,2026-07-28,R02,B005,20,1,0,0,Rain,0.446,15.0,36.4,10.6,Completed
T005708,2026-07-28,R02,B007,21,1,0,0,Rain,0.452,11.0,36.4,6.6,Completed
T005709,2026-07-28,R03,B009,8,1,0,0,Rain,0.906,27.0,58.8,17.0,Completed
T005710,2026-07-28,R03,B011,9,1,0,0,Rain,0.962,34.0,58.8,13.4,Completed
T005711,2026-07-28,R03,B010,17,1,0,0,Rain,0.956,39.0,58.8,24.8,Completed
T005712,2026-07-28,R03,B009,18,1,0,0,Rain,0.941,29.0,58.8,21.5,Completed
T005713,2026-07-28,R03,B012,20,1,0,0,Rain,0.449,21.0,58.8,16.2,Completed
T005714,2026-07-28,R04,B013,7,1,0,0,Rain,0.462,20.0,28.4,12.8,Completed
T005715,2026-07-28,R04,B013,8,1,0,0,Rain,0.942,34.0,28.4,15.3,Completed
T005716,2026-07-28,R04,B016,9,1,0,0,Rain,0.958,21.0,28.4,15.1,Completed
T005717,2026-07-28,R04,B016,13,1,0,0,Rain,0.421,16.0,28.4,11.0,Completed
T005718,2026-07-28,R04,B014,14,1,0,0,Rain,0.454,22.0,28.4,11.5,Completed
T005719,2026-07-28,R04,B014,16,1,0,0,Rain,0.421,0.0,28.4,,Cancelled
T005720,2026-07-28,R04,B014,17,1,0,0,Rain,0.941,39.0,28.4,16.8,Completed
T005721,2026-07-28,R04,B015,18,1,0,0,Rain,0.986,33.0,28.4,19.7,Completed
T005722,2026-07-28,R05,B020,8,1,0,0,Rain,0.99,24.0,44.4,20.2,Completed
T005723,2026-07-28,R05,B018,9,1,0,0,Rain,0.966,24.0,44.4,20.0,Completed
T005724,2026-07-28,R05,B020,11,1,0,0,Rain,0.433,0.0,44.4,,Cancelled
T005725,2026-07-28,R05,B020,12,1,0,0,Rain,0.445,16.0,44.4,5.6,Completed
T005726,2026-07-28,R05,B019,13,1,0,0,Rain,0.436,28.0,44.4,13.4,Completed
T005727,2026-07-28,R05,B019,14,1,0,0,Rain,0.449,20.0,44.4,13.4,Completed
T005728,2026-07-28,R05,B020,17,1,0,0,Rain,0.989,27.0,44.4,12.3,Completed
T005729,2026-07-28,R05,B017,18,1,0,0,Rain,0.918,32.0,44.4,16.5,Completed
T005730,2026-07-28,R05,B020,19,1,0,0,,0.454,13.0,44.4,10.8,Completed
T005731,2026-07-28,R05,B017,20,1,0,0,Rain,0.496,14.0,44.4,11.5,Completed
T005732,2026-07-28,R06,B022,7,1,0,0,Rain,0.413,18.0,41.2,10.4,Completed
T005733,2026-07-28,R06,B021,8,1,0,0,Rain,0.926,33.0,41.2,18.0,Completed
T005734,2026-07-28,R06,B022,9,1,0,0,Rain,,40.0,41.2,19.3,Completed
T005735,2026-07-28,R06,B023,10,1,0,0,Rain,0.42,24.0,41.2,14.9,Completed
T005736,2026-07-28,R06,B023,13,1,0,0,Rain,0.445,24.0,41.2,17.0,Completed
T005737,2026-07-28,R06,B021,14,1,0,0,Rain,0.425,19.0,41.2,4.0,Completed
T005738,2026-07-28,R06,B021,17,1,0,0,Rain,0.993,38.0,41.2,19.7,Completed
T005739,2026-07-28,R06,B022,18,1,0,0,Rain,0.961,32.0,41.2,15.9,Completed
T005740,2026-07-28,R07,B028,5,1,0,0,Rain,0.428,4.0,33.2,11.9,Completed
T005741,2026-07-28,R07,B025,7,1,0,0,Rain,0.493,15.0,33.2,11.1,Completed
T005742,2026-07-28,R07,B025,8,1,0,0,Rain,0.961,18.0,33.2,17.6,Completed
T005743,2026-07-28,R07,B026,9,1,0,0,Rain,0.909,27.0,33.2,20.0,Completed
T005744,2026-07-28,R07,B026,10,1,0,0,Rain,0.488,14.0,33.2,19.8,Completed
T005745,2026-07-28,R07,B026,13,1,0,0,Rain,0.431,13.0,33.2,15.8,Completed
T005746,2026-07-28,R07,B026,14,1,0,0,Rain,0.427,10.0,33.2,13.2,Completed
T005747,2026-07-28,R07,B027,16,1,0,0,Rain,0.432,20.0,33.2,15.2,Completed
T005748,2026-07-28,R07,B026,17,1,0,0,Rain,0.921,15.0,33.2,21.4,Completed
T005749,2026-07-28,R07,B026,18,1,0,0,Rain,0.914,21.0,33.2,12.1,Completed
T005750,2026-07-28,R08,B032,6,1,0,0,Rain,0.457,9.0,26.8,9.3,Completed
T005751,2026-07-28,R08,B032,7,1,0,0,Rain,0.422,15.0,26.8,11.1,Completed
T005752,2026-07-28,R08,B032,8,1,0,0,Rain,0.966,24.0,26.8,20.6,Completed
T005753,2026-07-28,R08,B032,9,1,0,0,Rain,0.908,41.0,26.8,16.9,Completed
T005754,2026-07-28,R08,B030,11,1,0,0,Rain,0.484,13.0,26.8,7.0,Completed
T005755,2026-07-28,R08,B031,12,1,0,0,Rain,0.435,18.0,26.8,8.4,Completed
T005756,2026-07-28,R08,B031,13,1,0,0,Rain,0.409,15.0,26.8,12.5,Completed
T005757,2026-07-28,R08,B029,14,1,0,0,Rain,0.468,13.0,26.8,4.1,Completed
T005758,2026-07-28,R08,B030,17,1,0,0,Rain,0.915,26.0,26.8,13.6,Completed
T005759,2026-07-28,R08,B030,18,1,0,0,Rain,0.971,26.0,26.8,18.7,Completed
T005760,2026-07-28,R08,B030,21,1,0,0,Rain,0.478,9.0,26.8,16.9,Completed
T005761,2026-07-28,R09,B035,5,1,0,0,Rain,0.403,4.0,63.6,14.6,Completed
T005762,2026-07-28,R09,B035,6,1,0,0,Rain,0.474,7.0,63.6,15.9,Completed
T005763,2026-07-28,R09,B034,7,1,0,0,Rain,0.439,8.0,63.6,11.2,Completed
T005764,2026-07-28,R09,B033,8,1,0,0,,0.984,17.0,63.6,24.1,Completed
T005765,2026-07-28,R09,B035,9,1,0,0,Rain,0.994,17.0,63.6,14.4,Completed
T005766,2026-07-28,R09,B035,13,1,0,0,Rain,0.444,10.0,63.6,9.9,Completed
T005767,2026-07-28,R09,B035,15,1,0,0,Rain,0.47,13.0,63.6,14.0,Completed
T005768,2026-07-28,R09,B033,17,1,0,0,Rain,0.914,0.0,63.6,,Cancelled
T005769,2026-07-28,R09,B033,18,1,0,0,Rain,0.9,24.0,63.6,20.9,Completed
T005770,2026-07-28,R09,B036,19,1,0,0,Rain,0.429,12.0,63.6,11.6,Completed
T005771,2026-07-28,R09,B035,21,1,0,0,Rain,0.466,5.0,63.6,16.1,Completed
T005772,2026-07-28,R10,B039,5,1,0,0,Rain,0.411,5.0,38.0,9.7,Completed
T005773,2026-07-28,R10,B037,8,1,0,0,Rain,0.944,18.0,38.0,16.1,Completed
T005774,2026-07-28,R10,B038,9,1,0,0,Rain,0.902,25.0,38.0,15.7,Completed
T005775,2026-07-28,R10,B037,11,1,0,0,Rain,0.466,6.0,38.0,9.8,Completed
T005776,2026-07-28,R10,B039,13,1,0,0,Rain,0.442,9.0,38.0,11.2,Completed
T005777,2026-07-28,R10,B037,17,1,0,0,,0.98,18.0,38.0,15.6,Completed
T005778,2026-07-28,R10,B039,18,1,0,0,Rain,0.91,24.0,38.0,18.6,Completed
T005779,2026-07-28,R10,B038,20,1,0,0,Rain,0.493,12.0,38.0,10.1,Completed
T005780,2026-07-28,R10,B037,21,1,0,0,Rain,0.488,5.0,38.0,7.4,Completed
T005781,2026-07-29,R01,B003,6,2,0,0,Clear,0.306,25.0,50.8,4.1,Completed
T005782,2026-07-29,R01,B002,8,2,0,0,Clear,0.818,41.0,50.8,17.3,Completed
T005783,2026-07-29,R01,B003,9,2,0,0,Clear,0.797,60.0,50.8,12.2,Completed
T005784,2026-07-29,R01,B002,17,2,0,0,Clear,0.755,50.0,50.8,13.9,Completed
T005785,2026-07-29,R01,B004,18,2,0,0,Clear,0.804,42.0,50.8,15.4,Completed
T005786,2026-07-29,R01,B003,20,2,0,0,Clear,0.254,25.0,50.8,7.5,Completed
T005787,2026-07-29,R01,B002,21,2,0,0,Clear,0.32,16.0,50.8,2.1,Completed
T005788,2026-07-29,R02,B005,8,2,0,0,Clear,,28.0,36.4,13.2,Completed
T005789,2026-07-29,R02,B008,9,2,0,0,Clear,0.792,41.0,36.4,13.8,Completed
T005790,2026-07-29,R02,B007,10,2,0,0,Clear,0.303,31.0,36.4,7.6,Completed
T005791,2026-07-29,R02,B006,12,2,0,0,Clear,0.291,29.0,36.4,6.2,Completed
T005792,2026-07-29,R02,B005,16,2,0,0,Clear,0.265,25.0,36.4,2.6,Completed
T005793,2026-07-29,R02,B008,17,2,0,0,Clear,0.751,46.0,36.4,9.2,Completed
T005794,2026-07-29,R02,B005,18,2,0,0,Clear,0.835,26.0,36.4,11.1,Completed
T005795,2026-07-29,R03,B010,8,2,0,0,Clear,0.789,40.0,58.8,20.7,Completed
T005796,2026-07-29,R03,B009,9,2,0,0,Clear,0.774,35.0,58.8,8.3,Completed
T005797,2026-07-29,R03,B012,11,2,0,0,Clear,0.298,24.0,58.8,5.6,Completed
T005798,2026-07-29,R03,B011,12,2,0,0,Clear,0.345,,58.8,3.8,Completed
T005799,2026-07-29,R03,B010,14,2,0,0,Clear,0.26,25.0,58.8,8.6,Completed
T005800,2026-07-29,R03,B009,15,2,0,0,Clear,0.303,22.0,58.8,6.6,Completed
T005801,2026-07-29,R03,B010,16,2,0,0,Clear,0.278,32.0,58.8,12.4,Completed
T005802,2026-07-29,R03,B012,17,2,0,0,Clear,0.846,58.0,58.8,16.7,Completed
T005803,2026-07-29,R03,B009,18,2,0,0,Clear,0.844,32.0,58.8,16.7,Completed
T005804,2026-07-29,R04,B014,5,2,0,0,Clear,0.342,11.0,28.4,9.3,Completed
T005805,2026-07-29,R04,B016,6,2,0,0,Clear,0.327,11.0,28.4,2.4,Completed
T005806,2026-07-29,R04,B016,8,2,0,0,Clear,0.809,27.0,28.4,13.5,Completed
T005807,2026-07-29,R04,B014,9,2,0,0,Clear,0.786,43.0,28.4,6.3,Completed
T005808,2026-07-29,R04,B016,12,2,0,0,Clear,0.303,19.0,28.4,6.7,Completed
T005809,2026-07-29,R04,B013,15,2,0,0,Clear,0.314,21.0,28.4,6.9,Completed
T005810,2026-07-29,R04,B013,17,2,0,0,Clear,0.772,45.0,28.4,18.1,Completed
T005811,2026-07-29,R04,B016,18,2,0,0,Clear,0.817,30.0,28.4,10.4,Completed
T005812,2026-07-29,R04,B013,21,2,0,0,Clear,0.26,11.0,28.4,11.5,Completed
T005813,2026-07-29,R05,B019,5,2,0,0,Clear,0.303,10.0,44.4,10.8,Completed
T005814,2026-07-29,R05,B020,6,2,0,0,Clear,0.345,14.0,44.4,2.6,Completed
T005815,2026-07-29,R05,B017,8,2,0,0,Clear,0.774,0.0,44.4,,Cancelled
T005816,2026-07-29,R05,B019,9,2,0,0,Clear,0.778,33.0,44.4,7.1,Completed
T005817,2026-07-29,R05,B018,10,2,0,0,,0.278,21.0,44.4,9.1,Completed
T005818,2026-07-29,R05,B020,11,2,0,0,Clear,0.272,20.0,44.4,9.1,Completed
T005819,2026-07-29,R05,B020,12,2,0,0,Clear,0.277,21.0,44.4,0.1,Completed
T005820,2026-07-29,R05,B018,13,2,0,0,Clear,0.262,11.0,44.4,6.4,Completed
T005821,2026-07-29,R05,B019,14,2,0,0,Clear,0.251,22.0,44.4,2.0,Completed
T005822,2026-07-29,R05,B018,16,2,0,0,Clear,0.302,20.0,44.4,11.4,Completed
T005823,2026-07-29,R05,B018,17,2,0,0,Clear,0.766,24.0,44.4,9.9,Completed
T005824,2026-07-29,R05,B017,18,2,0,0,Clear,0.761,32.0,44.4,11.9,Completed
T005825,2026-07-29,R05,B020,19,2,0,0,Clear,0.331,28.0,44.4,8.0,Completed
T005826,2026-07-29,R05,B018,21,2,0,0,Clear,0.261,8.0,44.4,2.9,Completed
T005827,2026-07-29,R06,B021,5,2,0,0,Clear,0.295,6.0,41.2,4.9,Completed
T005828,2026-07-29,R06,B023,7,2,0,0,Clear,0.276,34.0,41.2,8.2,Completed
T005829,2026-07-29,R06,B021,8,2,0,0,Clear,0.815,34.0,41.2,19.8,Completed
T005830,2026-07-29,R06,B021,9,2,0,0,Clear,0.843,40.0,41.2,15.8,Completed
T005831,2026-07-29,R06,B024,11,2,0,0,Clear,0.332,24.0,41.2,4.1,Completed
T005832,2026-07-29,R06,B024,13,2,0,0,Clear,0.304,25.0,41.2,-1.1,Completed
T005833,2026-07-29,R06,B024,16,2,0,0,Clear,0.311,36.0,41.2,-0.3,Completed
T005834,2026-07-29,R06,B022,17,2,0,0,Clear,0.776,37.0,41.2,10.2,Completed
T005835,2026-07-29,R06,B022,18,2,0,0,Clear,0.791,41.0,41.2,8.7,Completed
T005836,2026-07-29,R06,B022,19,2,0,0,Clear,0.323,21.0,41.2,2.7,Completed
T005837,2026-07-29,R07,B027,5,2,0,0,Clear,0.304,6.0,33.2,7.8,Completed
T005838,2026-07-29,R07,B026,7,2,0,0,Clear,0.272,15.0,33.2,5.7,Completed
T005839,2026-07-29,R07,B028,8,2,0,0,Clear,0.803,20.0,33.2,12.6,Completed
T005840,2026-07-29,R07,B028,9,2,0,0,Clear,0.761,26.0,33.2,14.3,Completed
T005841,2026-07-29,R07,B028,10,2,0,0,Clear,0.272,18.0,33.2,5.9,Completed
T005842,2026-07-29,R07,B026,13,2,0,0,Clear,0.292,,33.2,6.0,Completed
T005843,2026-07-29,R07,B026,17,2,0,0,Clear,0.755,23.0,33.2,12.0,Completed
T005844,2026-07-29,R07,B027,18,2,0,0,Clear,0.764,29.0,33.2,11.9,Completed
T005845,2026-07-29,R08,B031,5,2,0,0,Clear,0.301,7.0,26.8,8.3,Completed
T005846,2026-07-29,R08,B030,6,2,0,0,Clear,0.266,12.0,26.8,2.9,Completed
T005847,2026-07-29,R08,B031,8,2,0,0,Clear,0.78,21.0,26.8,17.0,Completed
T005848,2026-07-29,R08,B030,9,2,0,0,Clear,0.794,40.0,26.8,11.3,Completed
T005849,2026-07-29,R08,B031,10,2,0,0,Clear,0.328,25.0,26.8,9.6,Completed
T005850,2026-07-29,R08,B029,11,2,0,0,Clear,0.304,9.0,26.8,9.6,Completed
T005851,2026-07-29,R08,B030,13,2,0,0,Clear,0.299,23.0,26.8,-1.2,Completed
T005852,2026-07-29,R08,B032,16,2,0,0,Clear,0.308,33.0,26.8,6.1,Completed
T005853,2026-07-29,R08,B029,17,2,0,0,Clear,0.805,25.0,26.8,10.2,Completed
T005854,2026-07-29,R08,B029,18,2,0,0,Clear,0.769,27.0,26.8,13.4,Completed
T005855,2026-07-29,R08,B029,20,2,0,0,Clear,0.258,7.0,26.8,4.7,Completed
T005856,2026-07-29,R09,B035,5,2,0,0,Clear,0.33,5.0,63.6,5.6,Completed
T005857,2026-07-29,R09,B034,7,2,0,0,Clear,0.294,14.0,63.6,9.9,Completed
T005858,2026-07-29,R09,B036,8,2,0,0,Clear,0.798,14.0,63.6,13.8,Completed
T005859,2026-07-29,R09,B036,9,2,0,0,Clear,0.762,23.0,63.6,15.7,Completed
T005860,2026-07-29,R09,B034,11,2,0,0,Clear,0.34,7.0,63.6,7.1,Completed
T005861,2026-07-29,R09,B033,12,2,0,0,Clear,0.289,14.0,63.6,9.7,Completed
T005862,2026-07-29,R09,B034,13,2,0,0,Clear,0.257,17.0,63.6,10.3,Completed
T005863,2026-07-29,R09,B035,14,2,0,0,Clear,0.261,11.0,63.6,13.9,Completed
T005864,2026-07-29,R09,B035,16,2,0,0,Clear,0.26,17.0,63.6,7.8,Completed
T005865,2026-07-29,R09,B033,17,2,0,0,Clear,0.845,23.0,63.6,12.9,Completed
T005866,2026-07-29,R09,B035,18,2,0,0,Clear,0.78,24.0,63.6,8.7,Completed
T005867,2026-07-29,R09,B033,19,2,0,0,Clear,0.324,19.0,63.6,11.0,Completed
T005868,2026-07-29,R09,B035,21,2,0,0,Clear,0.298,6.0,63.6,7.0,Completed
T005869,2026-07-29,R10,B040,6,2,0,0,Clear,0.337,12.0,38.0,5.5,Completed
T005870,2026-07-29,R10,B040,8,2,0,0,Clear,0.82,0.0,38.0,,Cancelled
T005871,2026-07-29,R10,B037,9,2,0,0,Clear,0.775,29.0,38.0,10.0,Completed
T005872,2026-07-29,R10,B038,12,2,0,0,Clear,0.33,14.0,38.0,14.4,Completed
T005873,2026-07-29,R10,B040,14,2,0,0,Clear,0.346,15.0,38.0,5.9,Completed
T005874,2026-07-29,R10,B040,15,2,0,0,Clear,0.309,18.0,38.0,11.1,Completed
T005875,2026-07-29,R10,B039,16,2,0,0,Clear,0.342,13.0,38.0,11.4,Completed
T005876,2026-07-29,R10,B039,17,2,0,0,Clear,0.846,20.0,38.0,11.8,Completed
T005877,2026-07-29,R10,B040,18,2,0,0,Clear,0.775,29.0,38.0,13.9,Completed
T005878,2026-07-29,R10,B039,19,2,0,0,Clear,0.254,16.0,38.0,5.8,Completed
T005879,2026-07-29,R10,B037,20,2,0,0,Clear,0.307,9.0,38.0,3.1,Completed
T005880,2026-07-29,R10,B039,21,2,0,0,Clear,0.32,8.0,38.0,4.8,Completed
T005881,2026-07-30,R01,B003,6,3,0,0,Rain,0.404,20.0,50.8,11.6,Completed
T005882,2026-07-30,R01,B003,8,3,0,0,Rain,0.908,55.0,50.8,13.6,Completed
T005883,2026-07-30,R01,B004,9,3,0,0,Rain,0.972,50.0,50.8,21.7,Completed
T005884,2026-07-30,R01,B002,10,3,0,0,Rain,0.43,27.0,50.8,11.2,Completed
T005885,2026-07-30,R01,B001,11,3,0,0,Rain,0.405,26.0,50.8,16.3,Completed
T005886,2026-07-30,R01,B004,16,3,0,0,Rain,0.469,34.0,50.8,21.7,Completed
T005887,2026-07-30,R01,B003,17,3,0,0,Rain,0.965,,50.8,20.7,Completed
T005888,2026-07-30,R01,B004,18,3,0,0,Rain,0.962,34.0,50.8,19.8,Completed
T005889,2026-07-30,R01,B003,19,3,0,0,Rain,0.445,39.0,50.8,13.9,Completed
T005890,2026-07-30,R02,B008,5,3,0,0,Rain,0.431,8.0,36.4,12.0,Completed
T005891,2026-07-30,R02,B005,6,3,0,0,Rain,0.479,11.0,36.4,7.1,Completed
T005892,2026-07-30,R02,B008,7,3,0,0,Rain,0.427,22.0,36.4,7.9,Completed
T005893,2026-07-30,R02,B007,8,3,0,0,Rain,0.925,37.0,36.4,13.5,Completed
T005894,2026-07-30,R02,B007,9,3,0,0,Rain,0.991,36.0,36.4,16.0,Completed
T005895,2026-07-30,R02,B006,10,3,0,0,Rain,0.478,40.0,36.4,12.0,Completed
T005896,2026-07-30,R02,B006,11,3,0,0,Rain,0.45,21.0,36.4,17.1,Completed
T005897,2026-07-30,R02,B006,13,3,0,0,Rain,0.453,29.0,36.4,13.0,Completed
T005898,2026-07-30,R02,B006,14,3,0,0,Rain,0.432,21.0,36.4,14.7,Completed
T005899,2026-07-30,R02,B007,15,3,0,0,Rain,0.407,20.0,36.4,10.3,Completed
T005900,2026-07-30,R02,B005,16,3,0,0,Rain,0.489,26.0,36.4,11.4,Completed
T005901,2026-07-30,R02,B008,17,3,0,0,Rain,0.982,28.0,36.4,17.1,Completed
T005902,2026-07-30,R02,B008,18,3,0,0,Rain,0.929,44.0,36.4,16.3,Completed
T005903,2026-07-30,R03,B012,5,3,0,0,Rain,0.444,0.0,58.8,,Cancelled
T005904,2026-07-30,R03,B009,8,3,0,0,Rain,0.911,32.0,58.8,16.8,Completed
T005905,2026-07-30,R03,B009,9,3,0,0,Rain,0.966,27.0,58.8,20.0,Completed
T005906,2026-07-30,R03,B012,15,3,0,0,Rain,0.428,22.0,58.8,12.2,Completed
T005907,2026-07-30,R03,B012,17,3,0,0,Rain,0.98,58.0,58.8,20.5,Completed
T005908,2026-07-30,R03,B012,18,3,0,0,Rain,0.923,47.0,58.8,16.9,Completed
T005909,2026-07-30,R03,B009,19,3,0,0,Rain,0.484,24.0,58.8,17.0,Completed
T005910,2026-07-30,R03,B010,20,3,0,0,Rain,0.494,18.0,58.8,17.6,Completed
T005911,2026-07-30,R03,B010,21,3,0,0,Rain,0.459,0.0,58.8,,Cancelled
T005912,2026-07-30,R04,B015,5,3,0,0,Rain,0.457,6.0,28.4,8.0,Completed
T005913,2026-07-30,R04,B016,7,3,0,0,Rain,,18.0,28.4,13.0,Completed
T005914,2026-07-30,R04,B015,8,3,0,0,Rain,0.972,29.0,28.4,19.7,Completed
T005915,2026-07-30,R04,B015,9,3,0,0,Rain,0.991,39.0,28.4,20.0,Completed
T005916,2026-07-30,R04,B013,10,3,0,0,Rain,0.427,21.0,28.4,16.4,Completed
T005917,2026-07-30,R04,B016,12,3,0,0,Rain,0.406,12.0,28.4,13.5,Completed
T005918,2026-07-30,R04,B013,15,3,0,0,Rain,0.441,20.0,28.4,19.6,Completed
T005919,2026-07-30,R04,B015,17,3,0,0,Rain,0.937,31.0,28.4,21.4,Completed
T005920,2026-07-30,R04,B013,18,3,0,0,Rain,0.986,39.0,28.4,17.2,Completed
T005921,2026-07-30,R04,B014,21,3,0,0,Rain,0.46,13.0,28.4,11.8,Completed
T005922,2026-07-30,R05,B020,6,3,0,0,Rain,0.473,10.0,44.4,8.5,Completed
T005923,2026-07-30,R05,B019,7,3,0,0,Rain,0.456,31.0,44.4,10.0,Completed
T005924,2026-07-30,R05,B018,8,3,0,0,Rain,0.986,20.0,44.4,20.9,Completed
T005925,2026-07-30,R05,B020,9,3,0,0,Rain,0.945,33.0,44.4,16.0,Completed
T005926,2026-07-30,R05,B020,11,3,0,0,Rain,0.466,14.0,44.4,6.5,Completed
T005927,2026-07-30,R05,B018,15,3,0,0,Rain,0.41,12.0,44.4,11.8,Completed
T005928,2026-07-30,R05,B017,17,3,0,0,Rain,0.949,23.0,44.4,17.5,Completed
T005929,2026-07-30,R05,B020,18,3,0,0,Rain,0.917,28.0,44.4,14.6,Completed
T005930,2026-07-30,R05,B020,19,3,0,0,Rain,0.439,15.0,44.4,11.0,Completed
T005931,2026-07-30,R05,B018,21,3,0,0,Rain,0.496,5.0,44.4,11.6,Completed
T005932,2026-07-30,R06,B021,5,3,0,0,Rain,0.479,7.0,41.2,14.2,Completed
T005933,2026-07-30,R06,B024,8,3,0,0,Rain,0.915,32.0,41.2,15.9,Completed
T005934,2026-07-30,R06,B021,9,3,0,0,Rain,0.916,37.0,41.2,19.6,Completed
T005935,2026-07-30,R06,B024,11,3,0,0,Rain,0.477,25.0,41.2,6.0,Completed
T005936,2026-07-30,R06,B021,13,3,0,0,Rain,0.443,19.0,41.2,14.6,Completed
T005937,2026-07-30,R06,B022,15,3,0,0,Rain,0.443,0.0,41.2,,Cancelled
T005938,2026-07-30,R06,B021,16,3,0,0,Rain,0.444,20.0,41.2,14.4,Completed
T005939,2026-07-30,R06,B021,17,3,0,0,Rain,0.93,22.0,41.2,20.0,Completed
T005940,2026-07-30,R06,B022,18,3,0,0,Rain,0.973,28.0,41.2,14.1,Completed
T005941,2026-07-30,R06,B024,19,3,0,0,Rain,0.44,25.0,41.2,10.4,Completed
T005942,2026-07-30,R06,B022,20,3,0,0,Rain,0.463,16.0,41.2,4.6,Completed
T005943,2026-07-30,R07,B027,5,3,0,0,Rain,0.422,5.0,33.2,12.9,Completed
T005944,2026-07-30,R07,B028,7,3,0,0,Rain,0.459,14.0,33.2,13.9,Completed
T005945,2026-07-30,R07,B026,8,3,0,0,Rain,0.984,0.0,33.2,,Cancelled
T005946,2026-07-30,R07,B026,9,3,0,0,Rain,0.969,22.0,33.2,18.2,Completed
T005947,2026-07-30,R07,B028,12,3,0,0,Rain,0.478,11.0,33.2,8.1,Completed
T005948,2026-07-30,R07,B027,14,3,0,0,Rain,0.491,0.0,33.2,,Cancelled
T005949,2026-07-30,R07,B027,16,3,0,0,Rain,0.437,17.0,33.2,14.5,Completed
T005950,2026-07-30,R07,B026,17,3,0,0,Rain,0.99,400.0,33.2,19.9,Completed
T005951,2026-07-30,R07,B027,18,3,0,0,Rain,0.986,24.0,33.2,22.0,Completed
T005952,2026-07-30,R07,B026,20,3,0,0,Rain,0.496,11.0,33.2,11.3,Completed
T005953,2026-07-30,R07,B027,21,3,0,0,Rain,0.409,9.0,33.2,7.0,Completed
T005954,2026-07-30,R08,B030,5,3,0,0,Rain,0.469,5.0,26.8,10.2,Completed
T005955,2026-07-30,R08,B031,8,3,0,0,Rain,0.965,33.0,26.8,19.6,Completed
T005956,2026-07-30,R08,B029,9,3,0,0,Rain,0.904,19.0,26.8,13.6,Completed
T005957,2026-07-30,R08,B030,12,3,0,0,Rain,0.432,13.0,26.8,10.8,Completed
T005958,2026-07-30,R08,B029,13,3,0,0,Rain,0.444,400.0,26.8,9.7,Completed
T005959,2026-07-30,R08,B029,14,3,0,0,Rain,0.436,11.0,26.8,8.9,Completed
T005960,2026-07-30,R08,B032,17,3,0,0,Rain,0.902,36.0,26.8,16.2,Completed
T005961,2026-07-30,R08,B031,18,3,0,0,Rain,0.911,21.0,26.8,16.1,Completed
T005962,2026-07-30,R08,B030,21,3,0,0,Rain,0.465,7.0,26.8,14.6,Completed
T005963,2026-07-30,R09,B033,5,3,0,0,Rain,0.406,4.0,63.6,14.2,Completed
T005964,2026-07-30,R09,B035,6,3,0,0,Rain,0.411,9.0,63.6,12.4,Completed
T005965,2026-07-30,R09,B033,7,3,0,0,Rain,0.44,11.0,63.6,9.3,Completed
T005966,2026-07-30,R09,B034,8,3,0,0,Rain,0.989,16.0,63.6,17.8,Completed
T005967,2026-07-30,R09,B034,9,3,0,0,Rain,0.962,,63.6,19.1,Completed
T005968,2026-07-30,R09,B034,11,3,0,0,Rain,0.472,9.0,63.6,11.8,Completed
T005969,2026-07-30,R09,B034,14,3,0,0,Rain,0.4,11.0,63.6,15.4,Completed
T005970,2026-07-30,R09,B034,17,3,0,0,Rain,0.944,0.0,63.6,,Cancelled
T005971,2026-07-30,R09,B033,18,3,0,0,Rain,0.98,21.0,63.6,20.6,Completed
T005972,2026-07-30,R09,B035,19,3,0,0,Rain,0.441,14.0,63.6,14.8,Completed
T005973,2026-07-30,R09,B035,20,3,0,0,Rain,0.453,10.0,63.6,14.5,Completed
T005974,2026-07-30,R10,B038,5,3,0,0,Rain,0.407,4.0,38.0,12.2,Completed
T005975,2026-07-30,R10,B039,6,3,0,0,Rain,0.446,0.0,38.0,,Cancelled
T005976,2026-07-30,R10,B039,7,3,0,0,Rain,0.436,14.0,38.0,8.5,Completed
T005977,2026-07-30,R10,B038,8,3,0,0,Rain,0.928,24.0,38.0,21.4,Completed
T005978,2026-07-30,R10,B038,9,3,0,0,Rain,0.955,26.0,38.0,21.2,Completed
T005979,2026-07-30,R10,B040,10,3,0,0,Rain,0.467,17.0,38.0,12.2,Completed
T005980,2026-07-30,R10,B040,13,3,0,0,Rain,0.41,14.0,38.0,12.2,Completed
T005981,2026-07-30,R10,B038,14,3,0,0,Rain,0.471,9.0,38.0,7.4,Completed
T005982,2026-07-30,R10,B040,15,3,0,0,Rain,0.476,13.0,38.0,6.7,Completed
T005983,2026-07-30,R10,B039,17,3,0,0,Rain,0.956,16.0,38.0,20.3,Completed
T005984,2026-07-30,R10,B037,18,3,0,0,Rain,0.983,20.0,38.0,19.4,Completed
T005985,2026-07-30,R10,B037,19,3,0,0,Rain,0.428,9.0,38.0,17.5,Completed
T005986,2026-07-30,R10,B037,21,3,0,0,Rain,0.402,4.0,38.0,8.6,Completed
T005987,2026-07-31,R01,B001,5,4,0,0,Rain,0.474,10.0,50.8,8.9,Completed
T005988,2026-07-31,R01,B002,7,4,0,0,Rain,0.5,32.0,50.8,11.6,Completed
T005989,2026-07-31,R01,B003,8,4,0,0,Rain,0.957,38.0,50.8,17.2,Completed
T005990,2026-07-31,R01,B004,9,4,0,0,Rain,0.961,50.0,50.8,17.6,Completed
T005991,2026-07-31,R01,B001,14,4,0,0,Rain,0.492,23.0,50.8,16.6,Completed
T005992,2026-07-31,R01,B004,15,4,0,0,Rain,0.496,23.0,50.8,9.3,Completed
T005993,2026-07-31,R01,B002,17,4,0,0,Rain,0.904,44.0,50.8,18.3,Completed
T005994,2026-07-31,R01,B003,18,4,0,0,Rain,0.962,51.0,50.8,19.8,Completed
T005995,2026-07-31,R02,B006,6,4,0,0,Rain,0.445,12.0,36.4,15.6,Completed
T005996,2026-07-31,R02,B007,8,4,0,0,Rain,0.957,22.0,36.4,15.6,Completed
T005997,2026-07-31,R02,B008,9,4,0,0,Rain,0.903,36.0,36.4,13.4,Completed
T005998,2026-07-31,R02,B005,10,4,0,0,Rain,0.425,17.0,36.4,14.8,Completed
T005999,2026-07-31,R02,B008,14,4,0,0,Rain,0.484,21.0,36.4,7.8,Completed
T006000,2026-07-31,R02,B005,16,4,0,0,Rain,0.429,22.0,36.4,14.3,Completed
T006001,2026-07-31,R02,B008,17,4,0,0,Rain,0.968,29.0,36.4,12.5,Completed
T006002,2026-07-31,R02,B006,18,4,0,0,Rain,0.944,39.0,36.4,18.9,Completed
T006003,2026-07-31,R02,B008,20,4,0,0,Rain,0.465,14.0,36.4,3.3,Completed
T006004,2026-07-31,R03,B012,6,4,0,0,Rain,0.424,16.0,58.8,14.3,Completed
T006005,2026-07-31,R03,B012,8,4,0,0,Rain,0.935,55.0,58.8,15.8,Completed
T006006,2026-07-31,R03,B010,9,4,0,0,Rain,0.937,48.0,58.8,17.2,Completed
T006007,2026-07-31,R03,B009,11,4,0,0,Rain,0.423,16.0,58.8,14.1,Completed
T006008,2026-07-31,R03,B009,13,4,0,0,Rain,0.432,16.0,58.8,11.3,Completed
T006009,2026-07-31,R03,B010,15,4,0,0,Rain,0.467,21.0,58.8,13.6,Completed
T006010,2026-07-31,R03,B011,16,4,0,0,Rain,0.403,34.0,58.8,11.0,Completed
T006011,2026-07-31,R03,B010,17,4,0,0,Rain,0.972,38.0,58.8,20.8,Completed
T006012,2026-07-31,R03,B010,18,4,0,0,Rain,0.917,49.0,58.8,20.7,Completed
T006013,2026-07-31,R04,B014,5,4,0,0,Rain,0.464,6.0,28.4,13.0,Completed
T006014,2026-07-31,R04,B015,8,4,0,0,Rain,1.0,33.0,28.4,25.8,Completed
T006015,2026-07-31,R04,B015,9,4,0,0,Rain,0.992,41.0,28.4,18.2,Completed
T006016,2026-07-31,R04,B014,11,4,0,0,Rain,0.485,20.0,28.4,5.4,Completed
T006017,2026-07-31,R04,B013,17,4,0,0,,0.991,0.0,28.4,,Cancelled
T006018,2026-07-31,R04,B013,18,4,0,0,Rain,0.92,27.0,28.4,12.3,Completed
T006019,2026-07-31,R05,B019,8,4,0,0,Rain,0.919,32.0,44.4,15.2,Completed
T006020,2026-07-31,R05,B017,9,4,0,0,Rain,0.984,29.0,44.4,17.4,Completed
T006021,2026-07-31,R05,B020,10,4,0,0,Rain,0.462,18.0,44.4,11.4,Completed
T006022,2026-07-31,R05,B019,11,4,0,0,Rain,0.443,21.0,44.4,10.8,Completed
T006023,2026-07-31,R05,B020,12,4,0,0,Rain,0.466,18.0,44.4,7.3,Completed
T006024,2026-07-31,R05,B020,14,4,0,0,Rain,0.457,15.0,44.4,12.6,Completed
T006025,2026-07-31,R05,B017,16,4,0,0,Rain,0.466,16.0,44.4,10.2,Completed
T006026,2026-07-31,R05,B018,17,4,0,0,Rain,0.972,20.0,44.4,17.1,Completed
T006027,2026-07-31,R05,B017,18,4,0,0,Rain,0.999,28.0,44.4,17.5,Completed
T006028,2026-07-31,R05,B017,19,4,0,0,Rain,0.47,21.0,44.4,11.1,Completed
T006029,2026-07-31,R05,B017,20,4,0,0,Rain,0.402,8.0,44.4,14.1,Completed
T006030,2026-07-31,R05,B017,21,4,0,0,Rain,0.448,7.0,44.4,13.8,Completed
T006031,2026-07-31,R06,B022,5,4,0,0,Rain,0.48,6.0,41.2,13.7,Completed
T006032,2026-07-31,R06,B021,8,4,0,0,Rain,0.986,30.0,41.2,21.2,Completed
T006033,2026-07-31,R06,B023,9,4,0,0,Rain,0.986,49.0,41.2,18.5,Completed
T006034,2026-07-31,R06,B021,10,4,0,0,Rain,0.477,22.0,41.2,10.2,Completed
T006035,2026-07-31,R06,B023,12,4,0,0,Rain,0.427,26.0,41.2,11.6,Completed
T006036,2026-07-31,R06,B024,14,4,0,0,Rain,0.451,18.0,41.2,8.4,Completed
T006037,2026-07-31,R06,B022,15,4,0,0,Rain,0.474,14.0,41.2,14.2,Completed
T006038,2026-07-31,R06,B023,17,4,0,0,Rain,0.931,42.0,41.2,19.2,Completed
T006039,2026-07-31,R06,B021,18,4,0,0,Rain,0.934,33.0,41.2,21.6,Completed
T006040,2026-07-31,R06,B024,19,4,0,0,Rain,0.457,29.0,41.2,6.6,Completed
T006041,2026-07-31,R06,B023,20,4,0,0,Rain,0.441,0.0,41.2,,Cancelled
T006042,2026-07-31,R06,B022,21,4,0,0,Rain,0.442,9.0,41.2,16.5,Completed
T006043,2026-07-31,R07,B025,5,4,0,0,Rain,0.474,4.0,33.2,18.3,Completed
T006044,2026-07-31,R07,B027,8,4,0,0,Rain,0.914,25.0,33.2,15.5,Completed
T006045,2026-07-31,R07,B028,9,4,0,0,Rain,0.986,17.0,33.2,19.0,Completed
T006046,2026-07-31,R07,B026,13,4,0,0,Rain,0.482,8.0,33.2,14.3,Completed
T006047,2026-07-31,R07,B028,14,4,0,0,Rain,0.437,9.0,33.2,14.3,Completed
T006048,2026-07-31,R07,B025,15,4,0,0,Rain,0.466,13.0,33.2,13.3,Completed
T006049,2026-07-31,R07,B027,16,4,0,0,Rain,0.494,16.0,33.2,10.0,Completed
T006050,2026-07-31,R07,B025,17,4,0,0,Rain,0.932,26.0,33.2,15.2,Completed
T006051,2026-07-31,R07,B027,18,4,0,0,Rain,0.95,24.0,33.2,21.3,Completed
T006052,2026-07-31,R07,B026,19,4,0,0,Rain,0.478,15.0,33.2,12.7,Completed
T006053,2026-07-31,R08,B031,7,4,0,0,Rain,0.415,16.0,26.8,-0.6,Completed
T006054,2026-07-31,R08,B030,8,4,0,0,Rain,0.99,25.0,26.8,12.5,Completed
T006055,2026-07-31,R08,B030,9,4,0,0,Rain,0.977,27.0,26.8,17.8,Completed
T006056,2026-07-31,R08,B031,12,4,0,0,Rain,0.416,,26.8,7.9,Completed
T006057,2026-07-31,R08,B030,14,4,0,0,Rain,0.407,10.0,26.8,11.9,Completed
T006058,2026-07-31,R08,B029,17,4,0,0,Rain,0.994,24.0,26.8,17.6,Completed
T006059,2026-07-31,R08,B031,18,4,0,0,Rain,0.956,24.0,26.8,24.1,Completed
T006060,2026-07-31,R08,B030,21,4,0,0,Rain,0.425,7.0,26.8,9.8,Completed
T006061,2026-07-31,R09,B036,6,4,0,0,Rain,0.432,4.0,63.6,14.7,Completed
T006062,2026-07-31,R09,B035,8,4,0,0,Rain,0.915,21.0,63.6,21.6,Completed
T006063,2026-07-31,R09,B033,9,4,0,0,Rain,0.908,24.0,63.6,18.4,Completed
T006064,2026-07-31,R09,B034,10,4,0,0,Rain,0.435,14.0,63.6,12.8,Completed
T006065,2026-07-31,R09,B033,12,4,0,0,Rain,0.403,12.0,63.6,13.3,Completed
T006066,2026-07-31,R09,B036,13,4,0,0,Rain,0.479,9.0,63.6,13.8,Completed
T006067,2026-07-31,R09,B036,14,4,0,0,Rain,0.432,8.0,63.6,9.9,Completed
T006068,2026-07-31,R09,B034,15,4,0,0,Rain,0.478,10.0,63.6,13.1,Completed
T006069,2026-07-31,R09,B034,17,4,0,0,Rain,0.951,20.0,63.6,17.5,Completed
T006070,2026-07-31,R09,B036,18,4,0,0,Rain,0.905,15.0,63.6,14.6,Completed
T006071,2026-07-31,R09,B035,19,4,0,0,Rain,0.422,16.0,63.6,11.2,Completed
T006072,2026-07-31,R09,B035,21,4,0,0,Rain,0.459,4.0,63.6,17.6,Completed
T006073,2026-07-31,R10,B038,6,4,0,0,Rain,0.47,10.0,38.0,8.3,Completed
T006074,2026-07-31,R10,B037,8,4,0,0,,0.981,16.0,38.0,17.2,Completed
T006075,2026-07-31,R10,B040,9,4,0,0,Rain,0.928,0.0,38.0,,Cancelled
T006076,2026-07-31,R10,B037,10,4,0,0,Rain,0.469,13.0,38.0,16.5,Completed
T006077,2026-07-31,R10,B037,11,4,0,0,Rain,0.477,10.0,38.0,8.5,Completed
T006078,2026-07-31,R10,B037,14,4,0,0,Rain,0.499,12.0,38.0,12.3,Completed
T006079,2026-07-31,R10,B037,15,4,0,0,Rain,0.481,11.0,38.0,10.4,Completed
T006080,2026-07-31,R10,B040,16,4,0,0,Rain,0.467,19.0,38.0,8.5,Completed
T006081,2026-07-31,R10,B039,17,4,0,0,Rain,0.963,16.0,38.0,16.5,Completed
T006082,2026-07-31,R10,B037,18,4,0,0,Rain,0.986,17.0,38.0,14.9,Completed
T006083,2026-07-31,R10,B040,20,4,0,0,Rain,,7.0,38.0,13.2,Completed
T006084,2026-07-31,R10,B039,21,4,0,0,Rain,0.412,7.0,38.0,11.1,Completed
T006085,2026-08-01,R01,B002,8,5,1,0,Fog,0.617,25.0,50.8,16.5,Completed
T006086,2026-08-01,R01,B004,9,5,1,0,Fog,0.608,31.0,50.8,14.9,Completed
T006087,2026-08-01,R01,B002,10,5,1,0,Fog,0.125,26.0,50.8,10.5,Completed
T006088,2026-08-01,R01,B002,12,5,1,0,Fog,0.131,14.0,50.8,10.3,Completed
T006089,2026-08-01,R01,B003,13,5,1,0,Fog,0.141,15.0,50.8,14.3,Completed
T006090,2026-08-01,R01,B001,16,5,1,0,Fog,,18.0,50.8,9.4,Completed
T006091,2026-08-01,R01,B004,17,5,1,0,Fog,0.603,29.0,50.8,18.6,Completed
T006092,2026-08-01,R01,B004,18,5,1,0,Fog,0.697,23.0,50.8,22.3,Completed
T006093,2026-08-01,R01,B002,19,5,1,0,Fog,0.104,16.0,50.8,11.5,Completed
T006094,2026-08-01,R01,B003,21,5,1,0,Fog,0.11,10.0,50.8,5.8,Completed
T006095,2026-08-01,R02,B008,5,5,1,0,Fog,0.13,5.0,36.4,6.9,Completed
T006096,2026-08-01,R02,B008,7,5,1,0,Fog,0.122,10.0,36.4,9.1,Completed
T006097,2026-08-01,R02,B006,8,5,1,0,Fog,0.688,28.0,36.4,17.8,Completed
T006098,2026-08-01,R02,B006,9,5,1,0,Fog,0.607,43.0,36.4,10.3,Completed
T006099,2026-08-01,R02,B005,17,5,1,0,Fog,0.699,18.0,36.4,20.3,Completed
T006100,2026-08-01,R02,B008,18,5,1,0,Fog,0.609,23.0,36.4,22.5,Completed
T006101,2026-08-01,R02,B005,19,5,1,0,Fog,0.117,11.0,36.4,6.8,Completed
T006102,2026-08-01,R03,B009,6,5,1,0,Fog,0.13,6.0,58.8,11.1,Completed
T006103,2026-08-01,R03,B010,8,5,1,0,Fog,0.676,17.0,58.8,15.8,Completed
T006104,2026-08-01,R03,B011,9,5,1,0,Fog,0.676,28.0,58.8,16.6,Completed
T006105,2026-08-01,R03,B012,10,5,1,0,Fog,0.115,23.0,58.8,9.1,Completed
T006106,2026-08-01,R03,B010,11,5,1,0,Fog,0.152,11.0,58.8,10.0,Completed
T006107,2026-08-01,R03,B010,17,5,1,0,Fog,0.67,27.0,58.8,17.3,Completed
T006108,2026-08-01,R03,B012,18,5,1,0,Fog,0.665,32.0,58.8,17.6,Completed
T006109,2026-08-01,R03,B010,19,5,1,0,Fog,0.173,18.0,58.8,13.2,Completed
T006110,2026-08-01,R03,B012,20,5,1,0,Fog,0.122,11.0,58.8,12.9,Completed
T006111,2026-08-01,R03,B011,21,5,1,0,Fog,0.195,7.0,58.8,18.2,Completed
T006112,2026-08-01,R04,B016,7,5,1,0,Fog,0.114,11.0,28.4,8.2,Completed
T006113,2026-08-01,R04,B016,8,5,1,0,Fog,0.635,16.0,28.4,11.8,Completed
T006114,2026-08-01,R04,B015,9,5,1,0,Fog,0.664,0.0,28.4,,Cancelled
T006115,2026-08-01,R04,B013,11,5,1,0,Fog,0.172,10.0,28.4,10.9,Completed
T006116,2026-08-01,R04,B014,12,5,1,0,Fog,0.146,11.0,28.4,10.6,Completed
T006117,2026-08-01,R04,B014,13,5,1,0,Fog,0.195,14.0,28.4,9.9,Completed
T006118,2026-08-01,R04,B014,17,5,1,0,Fog,0.673,28.0,28.4,20.1,Completed
T006119,2026-08-01,R04,B015,18,5,1,0,Fog,0.686,19.0,28.4,21.5,Completed
T006120,2026-08-01,R04,B016,21,5,1,0,Fog,0.179,3.0,28.4,5.5,Completed
T006121,2026-08-01,R05,B019,5,5,1,0,Fog,0.126,5.0,44.4,5.3,Completed
T006122,2026-08-01,R05,B017,6,5,1,0,Fog,0.16,6.0,44.4,8.8,Completed
T006123,2026-08-01,R05,B019,7,5,1,0,Fog,0.118,13.0,44.4,9.8,Completed
T006124,2026-08-01,R05,B019,8,5,1,0,Fog,0.654,24.0,44.4,21.5,Completed
T006125,2026-08-01,R05,B020,9,5,1,0,Fog,0.606,14.0,44.4,11.1,Completed
T006126,2026-08-01,R05,B018,10,5,1,0,Fog,0.125,8.0,44.4,11.1,Completed
T006127,2026-08-01,R05,B020,11,5,1,0,Fog,0.116,11.0,44.4,5.5,Completed
T006128,2026-08-01,R05,B018,12,5,1,0,Fog,0.198,9.0,44.4,8.5,Completed
T006129,2026-08-01,R05,B018,16,5,1,0,Fog,0.158,11.0,44.4,12.4,Completed
T006130,2026-08-01,R05,B018,17,5,1,0,Fog,0.615,11.0,44.4,16.2,Completed
T006131,2026-08-01,R05,B019,18,5,1,0,Fog,0.651,25.0,44.4,17.1,Completed
T006132,2026-08-01,R05,B019,19,5,1,0,Fog,0.125,18.0,44.4,6.5,Completed
T006133,2026-08-01,R06,B023,8,5,1,0,Fog,0.647,28.0,41.2,19.7,Completed
T006134,2026-08-01,R06,B024,9,5,1,0,Fog,0.636,29.0,41.2,15.2,Completed
T006135,2026-08-01,R06,B022,13,5,1,0,Fog,0.16,14.0,41.2,12.3,Completed
T006136,2026-08-01,R06,B023,14,5,1,0,Fog,0.144,13.0,41.2,5.3,Completed
T006137,2026-08-01,R06,B023,15,5,1,0,Fog,0.196,14.0,41.2,10.0,Completed
T006138,2026-08-01,R06,B021,16,5,1,0,Fog,0.133,0.0,41.2,,Cancelled
T006139,2026-08-01,R06,B022,17,5,1,0,Fog,0.61,17.0,41.2,16.5,Completed
T006140,2026-08-01,R06,B023,18,5,1,0,Fog,0.666,0.0,41.2,,Cancelled
T006141,2026-08-01,R06,B022,20,5,1,0,Fog,0.111,9.0,41.2,3.3,Completed
T006142,2026-08-01,R07,B025,5,5,1,0,Fog,0.113,3.0,33.2,10.9,Completed
T006143,2026-08-01,R07,B028,6,5,1,0,Fog,0.104,4.0,33.2,8.8,Completed
T006144,2026-08-01,R07,B028,8,5,1,0,Fog,0.619,14.0,33.2,16.1,Completed
T006145,2026-08-01,R07,B025,9,5,1,0,Fog,0.619,23.0,33.2,19.4,Completed
T006146,2026-08-01,R07,B025,11,5,1,0,Fog,0.196,6.0,33.2,9.4,Completed
T006147,2026-08-01,R07,B025,12,5,1,0,Fog,0.195,7.0,33.2,13.9,Completed
T006148,2026-08-01,R07,B026,15,5,1,0,Fog,0.155,7.0,33.2,9.0,Completed
T006149,2026-08-01,R07,B026,16,5,1,0,Fog,0.163,9.0,33.2,10.1,Completed
T006150,2026-08-01,R07,B028,17,5,1,0,Fog,0.674,8.0,33.2,15.5,Completed
T006151,2026-08-01,R07,B025,18,5,1,0,Fog,0.697,13.0,33.2,19.8,Completed
T006152,2026-08-01,R07,B025,21,5,1,0,Fog,0.184,5.0,33.2,13.7,Completed
T006153,2026-08-01,R08,B032,6,5,1,0,Fog,0.127,7.0,26.8,9.7,Completed
T006154,2026-08-01,R08,B031,8,5,1,0,Fog,0.692,15.0,26.8,8.9,Completed
T006155,2026-08-01,R08,B030,9,5,1,0,Fog,0.645,18.0,26.8,19.4,Completed
T006156,2026-08-01,R08,B031,12,5,1,0,Fog,0.165,10.0,26.8,12.5,Completed
T006157,2026-08-01,R08,B030,13,5,1,0,Fog,0.195,10.0,26.8,9.8,Completed
T006158,2026-08-01,R08,B029,14,5,1,0,Fog,0.107,6.0,26.8,7.6,Completed
T006159,2026-08-01,R08,B032,15,5,1,0,Fog,0.111,12.0,26.8,9.2,Completed
T006160,2026-08-01,R08,B032,17,5,1,0,Fog,0.65,26.0,26.8,17.6,Completed
T006161,2026-08-01,R08,B032,18,5,1,0,Fog,0.644,26.0,26.8,16.6,Completed
T006162,2026-08-01,R08,B030,19,5,1,0,Fog,0.191,13.0,26.8,9.9,Completed
T006163,2026-08-01,R08,B029,20,5,1,0,Fog,0.101,7.0,26.8,13.0,Completed
T006164,2026-08-01,R09,B034,5,5,1,0,Fog,0.182,3.0,63.6,9.0,Completed
T006165,2026-08-01,R09,B034,6,5,1,0,Fog,0.191,4.0,63.6,12.7,Completed
T006166,2026-08-01,R09,B033,8,5,1,0,Fog,0.635,15.0,63.6,14.8,Completed
T006167,2026-08-01,R09,B035,9,5,1,0,Fog,0.671,15.0,63.6,14.8,Completed
T006168,2026-08-01,R09,B035,11,5,1,0,Fog,0.161,7.0,63.6,10.3,Completed
T006169,2026-08-01,R09,B036,16,5,1,0,Fog,0.156,6.0,63.6,9.8,Completed
T006170,2026-08-01,R09,B034,17,5,1,0,Fog,0.661,11.0,63.6,13.6,Completed
T006171,2026-08-01,R09,B033,18,5,1,0,Fog,0.611,12.0,63.6,20.0,Completed
T006172,2026-08-01,R09,B034,20,5,1,0,Fog,0.126,5.0,63.6,10.5,Completed
T006173,2026-08-01,R10,B037,7,5,1,0,Fog,0.131,9.0,38.0,6.6,Completed
T006174,2026-08-01,R10,B038,8,5,1,0,Fog,0.65,12.0,38.0,11.6,Completed
T006175,2026-08-01,R10,B038,9,5,1,0,,0.658,18.0,38.0,9.2,Completed
T006176,2026-08-01,R10,B037,10,5,1,0,Fog,0.14,8.0,38.0,10.3,Completed
T006177,2026-08-01,R10,B039,11,5,1,0,Fog,0.164,8.0,38.0,4.8,Completed
T006178,2026-08-01,R10,B039,15,5,1,0,Fog,0.144,7.0,38.0,11.1,Completed
T006179,2026-08-01,R10,B039,17,5,1,0,Fog,0.696,10.0,38.0,11.5,Completed
T006180,2026-08-01,R10,B040,18,5,1,0,Fog,0.648,22.0,38.0,14.5,Completed
T006181,2026-08-01,R10,B037,19,5,1,0,Fog,,12.0,38.0,3.7,Completed
T006182,2026-08-02,R01,B004,6,6,1,0,Rain,0.273,10.0,50.8,15.0,Completed
T006183,2026-08-02,R01,B003,7,6,1,0,Rain,0.253,25.0,50.8,12.3,Completed
T006184,2026-08-02,R01,B001,8,6,1,0,Rain,0.791,24.0,50.8,18.3,Completed
T006185,2026-08-02,R01,B004,9,6,1,0,Rain,0.813,20.0,50.8,14.8,Completed
T006186,2026-08-02,R01,B003,10,6,1,0,Rain,0.345,21.0,50.8,10.7,Completed
T006187,2026-08-02,R01,B004,12,6,1,0,Rain,0.311,11.0,50.8,12.1,Completed
T006188,2026-08-02,R01,B003,17,6,1,0,Rain,0.781,39.0,50.8,240.0,Completed
T006189,2026-08-02,R01,B001,18,6,1,0,Rain,0.78,35.0,50.8,24.9,Completed
T006190,2026-08-02,R01,B003,19,6,1,0,Rain,0.251,0.0,50.8,,Cancelled
T006191,2026-08-02,R01,B003,20,6,1,0,Rain,0.3,13.0,50.8,7.8,Completed
T006192,2026-08-02,R02,B008,5,6,1,0,,0.319,6.0,36.4,7.4,Completed
T006193,2026-08-02,R02,B007,6,6,1,0,Rain,0.309,7.0,36.4,4.4,Completed
T006194,2026-08-02,R02,B007,7,6,1,0,Rain,0.27,15.0,36.4,12.6,Completed
T006195,2026-08-02,R02,B005,8,6,1,0,Rain,0.833,17.0,36.4,15.2,Completed
T006196,2026-08-02,R02,B008,9,6,1,0,Rain,0.807,29.0,36.4,13.4,Completed
T006197,2026-08-02,R02,B005,14,6,1,0,Rain,0.34,12.0,36.4,9.1,Completed
T006198,2026-08-02,R02,B005,15,6,1,0,Rain,0.265,11.0,36.4,10.9,Completed
T006199,2026-08-02,R02,B005,16,6,1,0,Rain,0.334,15.0,36.4,3.6,Completed
T006200,2026-08-02,R02,B005,17,6,1,0,Rain,0.784,19.0,36.4,19.5,Completed
T006201,2026-08-02,R02,B008,18,6,1,0,Rain,0.77,31.0,36.4,10.4,Completed
T006202,2026-08-02,R03,B010,6,6,1,0,Rain,0.254,11.0,58.8,11.7,Completed
T006203,2026-08-02,R03,B011,7,6,1,0,Rain,0.277,14.0,58.8,12.6,Completed
T006204,2026-08-02,R03,B010,8,6,1,0,Rain,0.848,0.0,58.8,,Cancelled
T006205,2026-08-02,R03,B010,9,6,1,0,Rain,0.774,30.0,58.8,17.9,Completed
T006206,2026-08-02,R03,B010,11,6,1,0,Rain,0.303,16.0,58.8,17.0,Completed
T006207,2026-08-02,R03,B011,12,6,1,0,Rain,0.329,12.0,58.8,15.3,Completed
T006208,2026-08-02,R03,B010,14,6,1,0,Rain,0.315,13.0,58.8,7.2,Completed
T006209,2026-08-02,R03,B009,15,6,1,0,Rain,0.252,12.0,58.8,3.6,Completed
T006210,2026-08-02,R03,B010,17,6,1,0,Rain,0.81,27.0,58.8,16.7,Completed
T006211,2026-08-02,R03,B011,18,6,1,0,Rain,0.816,21.0,58.8,20.3,Completed
T006212,2026-08-02,R03,B011,20,6,1,0,Rain,0.345,10.0,58.8,9.6,Completed
T006213,2026-08-02,R04,B015,5,6,1,0,Rain,0.348,5.0,28.4,15.4,Completed
T006214,2026-08-02,R04,B016,8,6,1,0,Rain,0.774,15.0,28.4,12.8,Completed
T006215,2026-08-02,R04,B016,9,6,1,0,Rain,0.795,27.0,28.4,18.7,Completed
T006216,2026-08-02,R04,B016,11,6,1,0,Rain,,11.0,28.4,13.2,Completed
T006217,2026-08-02,R04,B013,12,6,1,0,Rain,0.316,13.0,28.4,12.7,Completed
T006218,2026-08-02,R04,B016,16,6,1,0,Rain,0.338,14.0,28.4,10.8,Completed
T006219,2026-08-02,R04,B015,17,6,1,0,Rain,0.798,21.0,28.4,13.4,Completed
T006220,2026-08-02,R04,B016,18,6,1,0,Rain,0.813,20.0,28.4,15.5,Completed
T006221,2026-08-02,R04,B016,19,6,1,0,,0.313,11.0,28.4,13.7,Completed
T006222,2026-08-02,R05,B019,5,6,1,0,Rain,0.35,6.0,44.4,8.9,Completed
T006223,2026-08-02,R05,B018,7,6,1,0,Rain,0.304,7.0,44.4,5.1,Completed
T006224,2026-08-02,R05,B017,8,6,1,0,Rain,0.803,19.0,44.4,13.0,Completed
T006225,2026-08-02,R05,B019,9,6,1,0,Rain,0.791,0.0,44.4,,Cancelled
T006226,2026-08-02,R05,B017,10,6,1,0,Rain,0.32,13.0,44.4,10.6,Completed
T006227,2026-08-02,R05,B018,12,6,1,0,Rain,0.325,10.0,44.4,6.5,Completed
T006228,2026-08-02,R05,B019,17,6,1,0,Rain,0.849,27.0,44.4,21.0,Completed
T006229,2026-08-02,R05,B019,18,6,1,0,Rain,0.776,0.0,44.4,,Cancelled
T006230,2026-08-02,R06,B022,5,6,1,0,Rain,0.337,4.0,41.2,10.1,Completed
T006231,2026-08-02,R06,B023,6,6,1,0,Rain,0.282,12.0,41.2,15.0,Completed
T006232,2026-08-02,R06,B024,8,6,1,0,Rain,0.805,27.0,41.2,15.1,Completed
T006233,2026-08-02,R06,B024,9,6,1,0,Rain,0.848,30.0,41.2,16.5,Completed
T006234,2026-08-02,R06,B021,10,6,1,0,Rain,0.251,19.0,41.2,5.7,Completed
T006235,2026-08-02,R06,B023,11,6,1,0,Rain,0.267,15.0,41.2,11.0,Completed
T006236,2026-08-02,R06,B021,14,6,1,0,Rain,0.328,12.0,41.2,4.7,Completed
T006237,2026-08-02,R06,B023,17,6,1,0,Rain,0.827,27.0,41.2,21.9,Completed
T006238,2026-08-02,R06,B023,18,6,1,0,Rain,0.767,33.0,41.2,12.0,Completed
T006239,2026-08-02,R06,B024,19,6,1,0,Rain,0.266,27.0,41.2,5.4,Completed
T006240,2026-08-02,R07,B028,8,6,1,0,Rain,0.837,14.0,33.2,16.1,Completed
T006241,2026-08-02,R07,B028,9,6,1,0,Rain,0.801,14.0,33.2,15.3,Completed
T006242,2026-08-02,R07,B026,11,6,1,0,Rain,0.294,6.0,33.2,5.8,Completed
T006243,2026-08-02,R07,B025,14,6,1,0,Rain,0.32,0.0,33.2,,Cancelled
T006244,2026-08-02,R07,B025,15,6,1,0,Rain,0.295,9.0,33.2,5.8,Completed
T006245,2026-08-02,R07,B026,17,6,1,0,Rain,0.815,13.0,33.2,11.7,Completed
T006246,2026-08-02,R07,B027,18,6,1,0,Rain,0.83,18.0,33.2,19.0,Completed
T006247,2026-08-02,R07,B027,19,6,1,0,Rain,0.297,14.0,33.2,15.9,Completed
T006248,2026-08-02,R07,B028,21,6,1,0,Rain,0.306,4.0,33.2,13.4,Completed
T006249,2026-08-02,R08,B030,8,6,1,0,Rain,0.793,24.0,26.8,16.2,Completed
T006250,2026-08-02,R08,B031,9,6,1,0,Rain,0.828,20.0,26.8,13.9,Completed
T006251,2026-08-02,R08,B030,13,6,1,0,Rain,0.329,11.0,26.8,23.9,Completed
T006252,2026-08-02,R08,B032,17,6,1,0,Rain,0.783,0.0,26.8,,Cancelled
T006253,2026-08-02,R08,B030,18,6,1,0,Rain,0.848,18.0,26.8,10.8,Completed
T006254,2026-08-02,R09,B033,5,6,1,0,Rain,0.287,3.0,63.6,11.0,Completed
T006255,2026-08-02,R09,B036,6,6,1,0,Rain,0.282,3.0,63.6,6.9,Completed
T006256,2026-08-02,R09,B036,7,6,1,0,Rain,0.291,8.0,63.6,12.1,Completed
T006257,2026-08-02,R09,B036,8,6,1,0,Rain,0.804,11.0,63.6,22.9,Completed
T006258,2026-08-02,R09,B036,9,6,1,0,Rain,0.755,0.0,63.6,,Cancelled
T006259,2026-08-02,R09,B036,11,6,1,0,Rain,0.312,5.0,63.6,14.2,Completed
T006260,2026-08-02,R09,B036,12,6,1,0,Rain,0.263,5.0,63.6,11.3,Completed
T006261,2026-08-02,R09,B036,14,6,1,0,Rain,0.261,5.0,63.6,8.3,Completed
T006262,2026-08-02,R09,B034,16,6,1,0,Rain,0.298,11.0,63.6,14.7,Completed
T006263,2026-08-02,R09,B033,17,6,1,0,Rain,0.809,12.0,63.6,19.7,Completed
T006264,2026-08-02,R09,B033,18,6,1,0,Rain,0.804,16.0,63.6,14.0,Completed
T006265,2026-08-02,R09,B034,20,6,1,0,Rain,0.251,0.0,63.6,,Cancelled
T006266,2026-08-02,R09,B036,21,6,1,0,Rain,0.338,3.0,63.6,11.0,Completed
T006267,2026-08-02,R10,B037,8,6,1,0,Rain,0.818,15.0,38.0,16.7,Completed
T006268,2026-08-02,R10,B040,9,6,1,0,Rain,0.794,15.0,38.0,13.5,Completed
T006269,2026-08-02,R10,B040,15,6,1,0,Rain,0.316,12.0,38.0,8.8,Completed
T006270,2026-08-02,R10,B037,17,6,1,0,Rain,0.793,16.0,38.0,15.3,Completed
T006271,2026-08-02,R10,B038,18,6,1,0,Rain,0.804,13.0,38.0,15.6,Completed
T006272,2026-08-02,R10,B037,20,6,1,0,Rain,0.324,4.0,38.0,8.7,Completed
T006273,2026-08-02,R10,B040,21,6,1,0,Rain,0.286,4.0,38.0,6.4,Completed
T006274,2026-08-03,R01,B002,5,0,0,0,Heat,0.301,10.0,50.8,3.6,Completed
T006275,2026-08-03,R01,B004,6,0,0,0,Heat,0.28,18.0,50.8,7.4,Completed
T006276,2026-08-03,R01,B002,8,0,0,0,Heat,0.845,35.0,50.8,14.9,Completed
T006277,2026-08-03,R01,B002,9,0,0,0,Heat,0.83,38.0,50.8,14.7,Completed
T006278,2026-08-03,R01,B003,10,0,0,0,Heat,0.35,29.0,50.8,1.2,Completed
T006279,2026-08-03,R01,B001,11,0,0,0,Heat,0.304,28.0,50.8,12.2,Completed
T006280,2026-08-03,R01,B003,12,0,0,0,Heat,0.298,33.0,50.8,3.0,Completed
T006281,2026-08-03,R01,B004,15,0,0,0,Heat,0.326,30.0,50.8,5.0,Completed
T006282,2026-08-03,R01,B001,17,0,0,0,Heat,0.844,36.0,50.8,20.7,Completed
T006283,2026-08-03,R01,B001,18,0,0,0,Heat,0.83,40.0,50.8,18.1,Completed
T006284,2026-08-03,R01,B004,19,0,0,0,Heat,0.336,29.0,50.8,8.9,Completed
T006285,2026-08-03,R02,B007,5,0,0,0,Heat,0.261,7.0,36.4,5.7,Completed
T006286,2026-08-03,R02,B008,6,0,0,0,Heat,0.302,14.0,36.4,180.0,Completed
T006287,2026-08-03,R02,B007,7,0,0,0,Heat,0.3,20.0,36.4,7.9,Completed
T006288,2026-08-03,R02,B007,8,0,0,0,Heat,0.849,44.0,36.4,13.1,Completed
T006289,2026-08-03,R02,B008,9,0,0,0,Heat,0.828,49.0,36.4,11.4,Completed
T006290,2026-08-03,R02,B005,10,0,0,0,Heat,0.252,21.0,36.4,5.2,Completed
T006291,2026-08-03,R02,B006,12,0,0,0,Heat,0.296,24.0,36.4,7.0,Completed
T006292,2026-08-03,R02,B006,17,0,0,0,Heat,0.818,48.0,36.4,18.4,Completed
T006293,2026-08-03,R02,B006,18,0,0,0,Heat,0.783,52.0,36.4,14.1,Completed
T006294,2026-08-03,R02,B005,19,0,0,0,Heat,0.27,24.0,36.4,4.7,Completed
T006295,2026-08-03,R02,B005,20,0,0,0,Heat,0.309,16.0,36.4,6.2,Completed
T006296,2026-08-03,R03,B012,5,0,0,0,Heat,0.266,11.0,58.8,4.9,Completed
T006297,2026-08-03,R03,B010,7,0,0,0,Heat,0.332,31.0,58.8,7.8,Completed
T006298,2026-08-03,R03,B011,8,0,0,0,Heat,0.824,45.0,58.8,15.8,Completed
T006299,2026-08-03,R03,B011,9,0,0,0,Heat,0.758,44.0,58.8,14.4,Completed
T006300,2026-08-03,R03,B012,10,0,0,0,Heat,0.303,32.0,58.8,9.3,Completed
T006301,2026-08-03,R03,B009,13,0,0,0,Heat,0.275,19.0,58.8,7.3,Completed
T006302,2026-08-03,R03,B010,14,0,0,0,Heat,0.278,19.0,58.8,13.9,Completed
T006303,2026-08-03,R03,B009,15,0,0,0,Heat,0.251,19.0,58.8,12.2,Completed
T006304,2026-08-03,R03,B009,16,0,0,0,Heat,0.312,24.0,58.8,7.9,Completed
T006305,2026-08-03,R03,B009,17,0,0,0,Heat,0.784,34.0,58.8,15.8,Completed
T006306,2026-08-03,R03,B010,18,0,0,0,Heat,0.789,34.0,58.8,13.0,Completed
T006307,2026-08-03,R03,B011,19,0,0,0,Heat,0.253,30.0,58.8,9.2,Completed
T006308,2026-08-03,R03,B011,20,0,0,0,Heat,0.263,14.0,58.8,2.7,Completed
T006309,2026-08-03,R03,B009,21,0,0,0,Heat,0.349,12.0,58.8,6.0,Completed
T006310,2026-08-03,R04,B016,8,0,0,0,Heat,0.763,23.0,28.4,14.9,Completed
T006311,2026-08-03,R04,B013,9,0,0,0,Heat,0.77,33.0,28.4,10.6,Completed
T006312,2026-08-03,R04,B014,12,0,0,0,Heat,0.285,29.0,28.4,7.7,Completed
T006313,2026-08-03,R04,B013,13,0,0,0,Heat,0.265,23.0,28.4,7.3,Completed
T006314,2026-08-03,R04,B015,16,0,0,0,Heat,0.276,28.0,28.4,10.5,Completed
T006315,2026-08-03,R04,B016,17,0,0,0,Heat,0.775,18.0,28.4,10.0,Completed
T006316,2026-08-03,R04,B013,18,0,0,0,Heat,0.776,30.0,28.4,13.7,Completed
T006317,2026-08-03,R04,B016,19,0,0,0,Heat,0.289,17.0,28.4,3.4,Completed
T006318,2026-08-03,R04,B015,21,0,0,0,Heat,0.297,11.0,28.4,10.6,Completed
T006319,2026-08-03,R05,B020,6,0,0,0,Heat,0.282,14.0,44.4,5.6,Completed
T006320,2026-08-03,R05,B020,8,0,0,0,Heat,0.81,22.0,44.4,12.4,Completed
T006321,2026-08-03,R05,B019,9,0,0,0,Heat,0.814,38.0,44.4,11.2,Completed
T006322,2026-08-03,R05,B018,11,0,0,0,Heat,0.251,13.0,44.4,6.2,Completed
T006323,2026-08-03,R05,B018,12,0,0,0,Heat,0.337,12.0,44.4,10.1,Completed
T006324,2026-08-03,R05,B020,13,0,0,0,Heat,0.327,17.0,44.4,9.4,Completed
T006325,2026-08-03,R05,B019,16,0,0,0,Heat,0.267,32.0,44.4,2.0,Completed
T006326,2026-08-03,R05,B019,17,0,0,0,Heat,0.846,28.0,44.4,11.4,Completed
T006327,2026-08-03,R05,B019,18,0,0,0,Heat,0.842,37.0,44.4,10.9,Completed
T006328,2026-08-03,R05,B018,19,0,0,0,Heat,0.323,19.0,44.4,7.9,Completed
T006329,2026-08-03,R06,B024,8,0,0,0,Heat,0.754,42.0,41.2,9.0,Completed
T006330,2026-08-03,R06,B021,9,0,0,0,Heat,0.765,30.0,41.2,17.4,Completed
T006331,2026-08-03,R06,B022,11,0,0,0,Heat,0.324,21.0,41.2,0.5,Completed
T006332,2026-08-03,R06,B023,13,0,0,0,Heat,0.262,21.0,41.2,3.0,Completed
T006333,2026-08-03,R06,B024,17,0,0,0,Heat,0.756,31.0,41.2,7.9,Completed
T006334,2026-08-03,R06,B023,18,0,0,0,Heat,0.795,41.0,41.2,12.2,Completed
T006335,2026-08-03,R06,B023,21,0,0,0,,,12.0,41.2,11.0,Completed
T006336,2026-08-03,R07,B025,5,0,0,0,Heat,0.342,4.0,33.2,8.9,Completed
T006337,2026-08-03,R07,B028,6,0,0,0,Heat,0.283,8.0,33.2,2.3,Completed
T006338,2026-08-03,R07,B026,7,0,0,0,Heat,0.346,11.0,33.2,3.7,Completed
T006339,2026-08-03,R07,B028,8,0,0,0,Heat,0.761,19.0,33.2,8.5,Completed
T006340,2026-08-03,R07,B025,9,0,0,0,Heat,0.808,20.0,33.2,15.4,Completed
T006341,2026-08-03,R07,B027,11,0,0,0,Heat,0.336,14.0,33.2,12.0,Completed
T006342,2026-08-03,R07,B025,15,0,0,0,Heat,0.296,13.0,33.2,5.1,Completed
T006343,2026-08-03,R07,B026,16,0,0,0,Heat,0.301,17.0,33.2,8.3,Completed
T006344,2026-08-03,R07,B025,17,0,0,0,Heat,0.838,26.0,33.2,16.0,Completed
T006345,2026-08-03,R07,B026,18,0,0,0,Heat,0.844,19.0,33.2,15.0,Completed
T006346,2026-08-03,R08,B031,5,0,0,0,Heat,0.277,6.0,26.8,8.7,Completed
T006347,2026-08-03,R08,B031,8,0,0,0,Heat,0.799,,26.8,9.3,Completed
T006348,2026-08-03,R08,B030,9,0,0,0,Heat,,36.0,26.8,10.6,Completed
T006349,2026-08-03,R08,B031,10,0,0,0,Heat,0.297,18.0,26.8,0.1,Completed
T006350,2026-08-03,R08,B031,11,0,0,0,Heat,0.297,16.0,26.8,3.3,Completed
T006351,2026-08-03,R08,B032,12,0,0,0,Heat,0.3,24.0,26.8,8.8,Completed
T006352,2026-08-03,R08,B032,13,0,0,0,Heat,0.271,21.0,26.8,5.5,Completed
T006353,2026-08-03,R08,B030,14,0,0,0,Heat,0.261,14.0,26.8,7.9,Completed
T006354,2026-08-03,R08,B031,15,0,0,0,Heat,0.264,17.0,26.8,7.8,Completed
T006355,2026-08-03,R08,B031,17,0,0,0,Heat,0.833,30.0,26.8,8.6,Completed
T006356,2026-08-03,R08,B029,18,0,0,0,Heat,0.768,23.0,26.8,7.7,Completed
T006357,2026-08-03,R08,B032,19,0,0,0,Heat,0.314,21.0,26.8,11.2,Completed
T006358,2026-08-03,R08,B029,20,0,0,0,Heat,0.314,10.0,26.8,3.8,Completed
T006359,2026-08-03,R09,B034,5,0,0,0,Heat,0.285,,63.6,12.5,Completed
T006360,2026-08-03,R09,B033,6,0,0,0,Heat,0.278,8.0,63.6,7.2,Completed
T006361,2026-08-03,R09,B036,7,0,0,0,Heat,0.307,9.0,63.6,7.2,Completed
T006362,2026-08-03,R09,B033,8,0,0,0,Heat,0.835,26.0,63.6,16.1,Completed
T006363,2026-08-03,R09,B036,9,0,0,0,Heat,0.778,20.0,63.6,18.6,Completed
T006364,2026-08-03,R09,B036,12,0,0,0,Heat,0.315,8.0,63.6,7.2,Completed
T006365,2026-08-03,R09,B035,15,0,0,0,Heat,0.343,15.0,63.6,5.4,Completed
T006366,2026-08-03,R09,B033,16,0,0,0,Heat,0.261,17.0,63.6,8.5,Completed
T006367,2026-08-03,R09,B035,17,0,0,0,Heat,0.758,23.0,63.6,17.5,Completed
T006368,2026-08-03,R09,B034,18,0,0,0,Heat,0.771,23.0,63.6,14.2,Completed
T006369,2026-08-03,R09,B035,20,0,0,0,Heat,0.286,11.0,63.6,6.9,Completed
T006370,2026-08-03,R10,B038,6,0,0,0,Heat,0.315,0.0,38.0,,Cancelled
T006371,2026-08-03,R10,B038,8,0,0,0,Heat,0.796,27.0,38.0,8.2,Completed
T006372,2026-08-03,R10,B038,9,0,0,0,Heat,0.794,34.0,38.0,12.6,Completed
T006373,2026-08-03,R10,B040,14,0,0,0,Heat,0.27,17.0,38.0,1.1,Completed
T006374,2026-08-03,R10,B037,15,0,0,0,Heat,0.326,11.0,38.0,4.8,Completed
T006375,2026-08-03,R10,B039,16,0,0,0,Heat,0.308,14.0,38.0,4.2,Completed
T006376,2026-08-03,R10,B040,17,0,0,0,Heat,0.797,21.0,38.0,10.2,Completed
T006377,2026-08-03,R10,B037,18,0,0,0,Heat,,23.0,38.0,12.8,Completed
T006378,2026-08-03,R10,B040,20,0,0,0,Heat,0.253,14.0,38.0,4.7,Completed
T006379,2026-08-03,R10,B038,21,0,0,0,Heat,0.333,7.0,38.0,3.1,Completed
T006380,2026-08-04,R01,B002,5,1,0,0,Rain,0.421,9.0,50.8,12.5,Completed
T006381,2026-08-04,R01,B001,6,1,0,0,Rain,0.478,17.0,50.8,13.6,Completed
T006382,2026-08-04,R01,B002,7,1,0,0,Rain,0.485,0.0,50.8,,Cancelled
T006383,2026-08-04,R01,B004,8,1,0,0,Rain,0.966,46.0,50.8,15.8,Completed
T006384,2026-08-04,R01,B002,9,1,0,0,Rain,0.943,46.0,50.8,19.6,Completed
T006385,2026-08-04,R01,B001,13,1,0,0,Rain,0.459,20.0,50.8,17.6,Completed
T006386,2026-08-04,R01,B001,15,1,0,0,Rain,0.465,24.0,50.8,16.0,Completed
T006387,2026-08-04,R01,B002,17,1,0,0,Rain,0.925,33.0,50.8,18.6,Completed
T006388,2026-08-04,R01,B001,18,1,0,0,Rain,0.91,42.0,50.8,-45.0,Completed
T006389,2026-08-04,R01,B002,19,1,0,0,Rain,0.425,37.0,50.8,13.0,Completed
T006390,2026-08-04,R01,B001,20,1,0,0,Rain,0.407,20.0,50.8,11.5,Completed
T006391,2026-08-04,R02,B006,5,1,0,0,Rain,0.479,12.0,36.4,8.4,Completed
T006392,2026-08-04,R02,B007,7,1,0,0,Rain,0.435,23.0,36.4,9.4,Completed
T006393,2026-08-04,R02,B008,8,1,0,0,Rain,0.978,36.0,36.4,18.9,Completed
T006394,2026-08-04,R02,B006,9,1,0,0,Rain,0.927,55.0,36.4,18.0,Completed
T006395,2026-08-04,R02,B007,10,1,0,0,Rain,0.489,21.0,36.4,4.6,Completed
T006396,2026-08-04,R02,B008,11,1,0,0,Rain,0.462,19.0,36.4,9.6,Completed
T006397,2026-08-04,R02,B005,12,1,0,0,Rain,0.442,15.0,36.4,13.5,Completed
T006398,2026-08-04,R02,B005,16,1,0,0,Rain,0.46,18.0,36.4,14.3,Completed
T006399,2026-08-04,R02,B007,17,1,0,0,Rain,0.965,36.0,36.4,21.1,Completed
T006400,2026-08-04,R02,B007,18,1,0,0,Rain,0.901,31.0,36.4,11.4,Completed
T006401,2026-08-04,R02,B007,19,1,0,0,Rain,0.429,22.0,36.4,8.1,Completed
T006402,2026-08-04,R02,B006,20,1,0,0,Rain,0.441,17.0,36.4,15.4,Completed
T006403,2026-08-04,R03,B009,8,1,0,0,Rain,0.901,37.0,58.8,18.4,Completed
T006404,2026-08-04,R03,B012,9,1,0,0,Rain,0.99,45.0,58.8,15.7,Completed
T006405,2026-08-04,R03,B009,13,1,0,0,Rain,0.432,17.0,58.8,18.9,Completed
T006406,2026-08-04,R03,B009,16,1,0,0,Rain,0.431,16.0,58.8,7.8,Completed
T006407,2026-08-04,R03,B012,17,1,0,0,Rain,0.956,48.0,58.8,21.3,Completed
T006408,2026-08-04,R03,B011,18,1,0,0,Rain,0.929,34.0,58.8,20.4,Completed
T006409,2026-08-04,R03,B012,19,1,0,0,Rain,0.407,25.0,58.8,8.1,Completed
T006410,2026-08-04,R03,B011,21,1,0,0,Rain,0.4,,58.8,10.0,Completed
T006411,2026-08-04,R04,B014,5,1,0,0,Rain,0.426,7.0,28.4,10.6,Completed
T006412,2026-08-04,R04,B015,8,1,0,0,Rain,0.984,30.0,28.4,18.4,Completed
T006413,2026-08-04,R04,B013,9,1,0,0,Rain,0.942,30.0,28.4,21.0,Completed
T006414,2026-08-04,R04,B015,11,1,0,0,Rain,0.44,0.0,28.4,,Cancelled
T006415,2026-08-04,R04,B013,14,1,0,0,Rain,0.419,18.0,28.4,8.7,Completed
T006416,2026-08-04,R04,B015,16,1,0,0,Rain,0.447,20.0,28.4,11.7,Completed
T006417,2026-08-04,R04,B013,17,1,0,0,Rain,0.909,31.0,28.4,14.7,Completed
T006418,2026-08-04,R04,B013,18,1,0,0,Rain,0.9,34.0,28.4,16.7,Completed
T006419,2026-08-04,R04,B014,19,1,0,0,Rain,0.473,37.0,28.4,8.4,Completed
T006420,2026-08-04,R04,B016,20,1,0,0,Rain,0.42,12.0,28.4,7.5,Completed
T006421,2026-08-04,R04,B014,21,1,0,0,Rain,0.414,10.0,28.4,9.3,Completed
T006422,2026-08-04,R05,B018,5,1,0,0,Rain,0.471,5.0,44.4,14.5,Completed
T006423,2026-08-04,R05,B018,7,1,0,0,Rain,0.492,12.0,44.4,15.4,Completed
T006424,2026-08-04,R05,B019,8,1,0,0,Rain,0.908,25.0,44.4,21.0,Completed
T006425,2026-08-04,R05,B019,9,1,0,0,Rain,0.948,35.0,44.4,19.4,Completed
T006426,2026-08-04,R05,B020,10,1,0,0,Rain,0.451,0.0,44.4,,Cancelled
T006427,2026-08-04,R05,B017,11,1,0,0,Rain,0.463,14.0,44.4,8.3,Completed
T006428,2026-08-04,R05,B018,12,1,0,0,Rain,0.447,12.0,44.4,14.0,Completed
T006429,2026-08-04,R05,B019,15,1,0,0,Rain,0.475,0.0,44.4,,Cancelled
T006430,2026-08-04,R05,B019,17,1,0,0,Rain,0.914,29.0,44.4,16.7,Completed
T006431,2026-08-04,R05,B019,18,1,0,0,Rain,0.995,40.0,44.4,20.5,Completed
T006432,2026-08-04,R05,B020,19,1,0,0,Rain,0.436,23.0,44.4,13.3,Completed
T006433,2026-08-04,R05,B017,20,1,0,0,Rain,0.482,10.0,44.4,12.0,Completed
T006434,2026-08-04,R06,B022,7,1,0,0,Rain,0.492,21.0,41.2,5.2,Completed
T006435,2026-08-04,R06,B024,8,1,0,0,Rain,0.959,41.0,41.2,16.4,Completed
T006436,2026-08-04,R06,B023,9,1,0,0,Rain,0.902,42.0,41.2,22.1,Completed
T006437,2026-08-04,R06,B023,11,1,0,0,Rain,0.479,12.0,41.2,9.8,Completed
T006438,2026-08-04,R06,B021,12,1,0,0,Rain,0.426,13.0,41.2,10.4,Completed
T006439,2026-08-04,R06,B023,14,1,0,0,Rain,0.451,25.0,41.2,11.9,Completed
T006440,2026-08-04,R06,B024,17,1,0,0,Rain,0.941,28.0,41.2,10.4,Completed
T006441,2026-08-04,R06,B023,18,1,0,0,Rain,0.993,46.0,41.2,21.1,Completed
T006442,2026-08-04,R06,B023,19,1,0,0,Rain,0.483,22.0,41.2,15.1,Completed
T006443,2026-08-04,R06,B023,20,1,0,0,Rain,0.472,16.0,41.2,17.8,Completed
T006444,2026-08-04,R07,B025,8,1,0,0,Rain,0.905,22.0,33.2,20.9,Completed
T006445,2026-08-04,R07,B026,9,1,0,0,Rain,0.969,23.0,33.2,14.5,Completed
T006446,2026-08-04,R07,B026,10,1,0,0,Rain,0.488,15.0,33.2,10.9,Completed
T006447,2026-08-04,R07,B025,12,1,0,0,Rain,0.479,13.0,33.2,11.5,Completed
T006448,2026-08-04,R07,B028,14,1,0,0,Rain,0.441,10.0,33.2,5.5,Completed
T006449,2026-08-04,R07,B025,16,1,0,0,Rain,0.429,17.0,33.2,11.2,Completed
T006450,2026-08-04,R07,B027,17,1,0,0,Rain,0.999,0.0,33.2,,Cancelled
T006451,2026-08-04,R07,B027,18,1,0,0,Rain,0.954,31.0,33.2,25.4,Completed
T006452,2026-08-04,R07,B025,19,1,0,0,Rain,0.441,18.0,33.2,15.2,Completed
T006453,2026-08-04,R07,B028,21,1,0,0,Rain,0.46,4.0,33.2,17.9,Completed
T006454,2026-08-04,R08,B029,6,1,0,0,Rain,0.431,6.0,26.8,13.8,Completed
T006455,2026-08-04,R08,B031,7,1,0,0,Rain,0.459,18.0,26.8,3.3,Completed
T006456,2026-08-04,R08,B032,8,1,0,0,Rain,0.971,28.0,26.8,23.5,Completed
T006457,2026-08-04,R08,B029,9,1,0,0,Rain,0.912,22.0,26.8,9.5,Completed
T006458,2026-08-04,R08,B030,10,1,0,0,Rain,0.486,21.0,26.8,12.4,Completed
T006459,2026-08-04,R08,B031,11,1,0,0,Rain,0.424,16.0,26.8,17.1,Completed
T006460,2026-08-04,R08,B032,12,1,0,0,Rain,0.455,16.0,26.8,13.4,Completed
T006461,2026-08-04,R08,B030,13,1,0,0,Rain,0.431,17.0,26.8,10.1,Completed
T006462,2026-08-04,R08,B030,16,1,0,0,Rain,0.468,18.0,26.8,13.0,Completed
T006463,2026-08-04,R08,B031,17,1,0,0,Rain,0.932,24.0,26.8,15.3,Completed
T006464,2026-08-04,R08,B030,18,1,0,0,Rain,0.931,0.0,26.8,,Cancelled
T006465,2026-08-04,R08,B031,20,1,0,0,Rain,0.47,10.0,26.8,13.4,Completed
T006466,2026-08-04,R08,B031,21,1,0,0,Rain,0.443,7.0,26.8,10.8,Completed
T006467,2026-08-04,R09,B034,6,1,0,0,Rain,0.442,6.0,63.6,13.1,Completed
T006468,2026-08-04,R09,B036,8,1,0,0,Rain,0.966,14.0,63.6,16.8,Completed
T006469,2026-08-04,R09,B035,9,1,0,0,Rain,0.956,26.0,63.6,16.1,Completed
T006470,2026-08-04,R09,B034,11,1,0,0,Rain,0.461,9.0,63.6,16.0,Completed
T006471,2026-08-04,R09,B034,16,1,0,0,Rain,0.405,13.0,63.6,11.9,Completed
T006472,2026-08-04,R09,B034,17,1,0,0,Rain,0.934,18.0,63.6,18.1,Completed
T006473,2026-08-04,R09,B033,18,1,0,0,Rain,0.998,22.0,63.6,21.6,Completed
T006474,2026-08-04,R09,B036,20,1,0,0,Rain,0.487,8.0,63.6,12.9,Completed
T006475,2026-08-04,R09,B036,21,1,0,0,Rain,0.406,0.0,63.6,,Cancelled
T006476,2026-08-04,R10,B039,8,1,0,0,Rain,0.992,19.0,38.0,19.6,Completed
T006477,2026-08-04,R10,B038,9,1,0,0,Rain,0.919,28.0,38.0,19.9,Completed
T006478,2026-08-04,R10,B039,11,1,0,0,Rain,0.439,10.0,38.0,8.4,Completed
T006479,2026-08-04,R10,B039,12,1,0,0,Rain,0.473,11.0,38.0,14.7,Completed
T006480,2026-08-04,R10,B039,13,1,0,0,Rain,0.454,11.0,38.0,9.2,Completed
T006481,2026-08-04,R10,B040,14,1,0,0,Rain,0.477,7.0,38.0,10.3,Completed
T006482,2026-08-04,R10,B039,15,1,0,0,Rain,0.5,10.0,38.0,8.2,Completed
T006483,2026-08-04,R10,B038,17,1,0,0,Rain,0.92,0.0,38.0,,Cancelled
T006484,2026-08-04,R10,B037,18,1,0,0,Rain,0.909,0.0,38.0,,Cancelled
T006485,2026-08-04,R10,B037,21,1,0,0,Rain,0.491,5.0,38.0,11.4,Completed
T006486,2026-08-05,R01,B004,7,2,0,0,Heat,0.288,35.0,50.8,6.5,Completed
T006487,2026-08-05,R01,B003,8,2,0,0,Heat,0.793,56.0,50.8,4.0,Completed
T006488,2026-08-05,R01,B002,9,2,0,0,Heat,0.801,50.0,50.8,10.9,Completed
T006489,2026-08-05,R01,B003,10,2,0,0,Heat,0.256,36.0,50.8,-0.3,Completed
T006490,2026-08-05,R01,B001,11,2,0,0,Heat,0.256,24.0,50.8,5.6,Completed
T006491,2026-08-05,R01,B002,12,2,0,0,Heat,0.286,29.0,50.8,3.5,Completed
T006492,2026-08-05,R01,B001,13,2,0,0,Heat,0.347,27.0,50.8,9.6,Completed
T006493,2026-08-05,R01,B004,14,2,0,0,Heat,0.287,31.0,50.8,2.8,Completed
T006494,2026-08-05,R01,B004,16,2,0,0,Heat,0.286,29.0,50.8,5.5,Completed
T006495,2026-08-05,R01,B004,17,2,0,0,Heat,0.798,38.0,50.8,13.4,Completed
T006496,2026-08-05,R01,B004,18,2,0,0,Heat,0.798,50.0,50.8,10.6,Completed
T006497,2026-08-05,R01,B004,19,2,0,0,Heat,0.331,27.0,50.8,1.0,Completed
T006498,2026-08-05,R01,B004,20,2,0,0,Heat,0.299,25.0,50.8,7.4,Completed
T006499,2026-08-05,R01,B004,21,2,0,0,Heat,0.334,12.0,50.8,8.8,Completed
T006500,2026-08-05,R02,B005,5,2,0,0,Heat,0.328,7.0,36.4,9.6,Completed
T006501,2026-08-05,R02,B007,8,2,0,0,Heat,0.83,34.0,36.4,13.2,Completed
T006502,2026-08-05,R02,B005,9,2,0,0,Heat,0.776,31.0,36.4,15.6,Completed
T006503,2026-08-05,R02,B007,10,2,0,0,Heat,0.262,30.0,36.4,6.5,Completed
T006504,2026-08-05,R02,B005,12,2,0,0,Heat,0.271,15.0,36.4,6.8,Completed
T006505,2026-08-05,R02,B005,13,2,0,0,Heat,0.324,20.0,36.4,4.7,Completed
T006506,2026-08-05,R02,B007,15,2,0,0,Heat,0.277,24.0,36.4,2.3,Completed
T006507,2026-08-05,R02,B008,17,2,0,0,Heat,0.773,50.0,36.4,11.2,Completed
T006508,2026-08-05,R02,B008,18,2,0,0,Heat,0.782,45.0,36.4,10.3,Completed
T006509,2026-08-05,R02,B005,21,2,0,0,Heat,0.261,9.0,36.4,6.3,Completed
T006510,2026-08-05,R03,B009,5,2,0,0,Heat,0.283,9.0,58.8,10.3,Completed
T006511,2026-08-05,R03,B011,8,2,0,0,Heat,0.822,40.0,58.8,14.4,Completed
T006512,2026-08-05,R03,B011,9,2,0,0,Heat,0.754,50.0,58.8,9.8,Completed
T006513,2026-08-05,R03,B009,11,2,0,0,Heat,0.326,15.0,58.8,8.5,Completed
T006514,2026-08-05,R03,B009,13,2,0,0,Heat,0.311,19.0,58.8,8.0,Completed
T006515,2026-08-05,R03,B012,14,2,0,0,Heat,0.256,21.0,58.8,9.2,Completed
T006516,2026-08-05,R03,B009,15,2,0,0,Heat,0.31,14.0,58.8,9.9,Completed
T006517,2026-08-05,R03,B012,17,2,0,0,Heat,0.752,52.0,58.8,14.1,Completed
T006518,2026-08-05,R03,B011,18,2,0,0,Heat,0.81,48.0,58.8,11.3,Completed
T006519,2026-08-05,R03,B009,20,2,0,0,Heat,0.31,16.0,58.8,10.1,Completed
T006520,2026-08-05,R03,B010,21,2,0,0,Heat,0.274,8.0,58.8,9.4,Completed
T006521,2026-08-05,R04,B015,5,2,0,0,Heat,0.262,7.0,28.4,11.4,Completed
T006522,2026-08-05,R04,B016,8,2,0,0,Heat,0.829,24.0,28.4,13.0,Completed
T006523,2026-08-05,R04,B016,9,2,0,0,Heat,0.849,26.0,28.4,11.6,Completed
T006524,2026-08-05,R04,B015,10,2,0,0,Heat,0.317,22.0,28.4,8.1,Completed
T006525,2026-08-05,R04,B014,12,2,0,0,Heat,0.27,21.0,28.4,3.4,Completed
T006526,2026-08-05,R04,B016,13,2,0,0,,0.255,14.0,28.4,3.1,Completed
T006527,2026-08-05,R04,B014,14,2,0,0,Heat,0.279,20.0,28.4,4.8,Completed
T006528,2026-08-05,R04,B014,15,2,0,0,Heat,0.338,29.0,28.4,9.4,Completed
T006529,2026-08-05,R04,B014,16,2,0,0,Heat,0.318,37.0,28.4,4.7,Completed
T006530,2026-08-05,R04,B014,17,2,0,0,Heat,0.763,41.0,28.4,10.4,Completed
T006531,2026-08-05,R04,B016,18,2,0,0,Heat,0.755,25.0,28.4,12.5,Completed
T006532,2026-08-05,R05,B019,5,2,0,0,Heat,0.343,6.0,44.4,6.7,Completed
T006533,2026-08-05,R05,B018,8,2,0,0,Heat,0.758,21.0,44.4,13.1,Completed
T006534,2026-08-05,R05,B019,9,2,0,0,Heat,0.78,45.0,44.4,8.6,Completed
T006535,2026-08-05,R05,B018,11,2,0,0,Heat,0.255,12.0,44.4,12.3,Completed
T006536,2026-08-05,R05,B018,12,2,0,0,Heat,0.311,12.0,44.4,12.0,Completed
T006537,2026-08-05,R05,B018,15,2,0,0,Heat,0.305,9.0,44.4,7.7,Completed
T006538,2026-08-05,R05,B018,16,2,0,0,Heat,0.343,16.0,44.4,6.4,Completed
T006539,2026-08-05,R05,B020,17,2,0,0,Heat,0.844,22.0,44.4,9.6,Completed
T006540,2026-08-05,R05,B018,18,2,0,0,Heat,0.773,22.0,44.4,7.7,Completed
T006541,2026-08-05,R05,B017,20,2,0,0,Heat,0.256,16.0,44.4,5.8,Completed
T006542,2026-08-05,R05,B020,21,2,0,0,Heat,0.313,9.0,44.4,4.9,Completed
T006543,2026-08-05,R06,B021,5,2,0,0,Heat,0.338,7.0,41.2,7.2,Completed
T006544,2026-08-05,R06,B023,8,2,0,0,Heat,0.752,43.0,41.2,15.9,Completed
T006545,2026-08-05,R06,B021,9,2,0,0,Heat,0.777,47.0,41.2,16.3,Completed
T006546,2026-08-05,R06,B024,11,2,0,0,Heat,0.29,22.0,41.2,-2.1,Completed
T006547,2026-08-05,R06,B023,13,2,0,0,Heat,0.346,29.0,41.2,12.0,Completed
T006548,2026-08-05,R06,B023,15,2,0,0,Heat,0.333,23.0,41.2,11.8,Completed
T006549,2026-08-05,R06,B022,17,2,0,0,Heat,0.762,28.0,41.2,8.4,Completed
T006550,2026-08-05,R06,B021,18,2,0,0,Heat,0.752,37.0,41.2,8.3,Completed
T006551,2026-08-05,R06,B023,21,2,0,0,Heat,0.256,11.0,41.2,12.4,Completed
T006552,2026-08-05,R07,B026,5,2,0,0,Heat,0.304,5.0,33.2,6.6,Completed
T006553,2026-08-05,R07,B027,6,2,0,0,Heat,0.254,10.0,33.2,5.8,Completed
T006554,2026-08-05,R07,B026,7,2,0,0,Heat,0.287,12.0,33.2,9.3,Completed
T006555,2026-08-05,R07,B028,8,2,0,0,Heat,0.765,19.0,33.2,11.9,Completed
T006556,2026-08-05,R07,B025,9,2,0,0,Heat,0.776,0.0,33.2,,Cancelled
T006557,2026-08-05,R07,B025,10,2,0,0,Heat,0.282,22.0,33.2,3.8,Completed
T006558,2026-08-05,R07,B026,12,2,0,0,Heat,0.331,8.0,33.2,9.8,Completed
T006559,2026-08-05,R07,B026,13,2,0,0,Heat,0.31,13.0,33.2,10.6,Completed
T006560,2026-08-05,R07,B027,14,2,0,0,Heat,0.328,12.0,33.2,7.7,Completed
T006561,2026-08-05,R07,B027,17,2,0,0,Heat,0.843,23.0,33.2,5.8,Completed
T006562,2026-08-05,R07,B025,18,2,0,0,Heat,0.839,30.0,33.2,11.9,Completed
T006563,2026-08-05,R08,B029,5,2,0,0,Heat,0.341,4.0,26.8,2.7,Completed
T006564,2026-08-05,R08,B030,6,2,0,0,Heat,0.262,8.0,26.8,1.7,Completed
T006565,2026-08-05,R08,B029,8,2,0,0,Heat,0.776,25.0,26.8,9.9,Completed
T006566,2026-08-05,R08,B032,9,2,0,0,Heat,,38.0,26.8,11.6,Completed
T006567,2026-08-05,R08,B029,11,2,0,0,Heat,0.272,13.0,26.8,8.2,Completed
T006568,2026-08-05,R08,B030,12,2,0,0,Heat,0.256,14.0,26.8,1.2,Completed
T006569,2026-08-05,R08,B031,15,2,0,0,Heat,0.271,16.0,26.8,2.1,Completed
T006570,2026-08-05,R08,B030,16,2,0,0,Heat,0.303,24.0,26.8,9.4,Completed
T006571,2026-08-05,R08,B032,17,2,0,0,Heat,0.795,22.0,26.8,12.5,Completed
T006572,2026-08-05,R08,B030,18,2,0,0,Heat,0.8,32.0,26.8,10.8,Completed
T006573,2026-08-05,R08,B031,19,2,0,0,Heat,0.331,20.0,26.8,11.5,Completed
T006574,2026-08-05,R08,B029,20,2,0,0,Heat,0.284,9.0,26.8,3.7,Completed
T006575,2026-08-05,R09,B034,6,2,0,0,Heat,0.34,11.0,63.6,4.0,Completed
T006576,2026-08-05,R09,B035,8,2,0,0,Heat,0.85,28.0,63.6,14.0,Completed
T006577,2026-08-05,R09,B034,9,2,0,0,Heat,0.802,25.0,63.6,14.4,Completed
T006578,2026-08-05,R09,B033,13,2,0,0,Heat,0.273,16.0,63.6,6.4,Completed
T006579,2026-08-05,R09,B036,14,2,0,0,Heat,0.273,10.0,63.6,7.0,Completed
T006580,2026-08-05,R09,B034,15,2,0,0,Heat,0.322,11.0,63.6,5.0,Completed
T006581,2026-08-05,R09,B035,16,2,0,0,Heat,0.324,18.0,63.6,14.8,Completed
T006582,2026-08-05,R09,B035,17,2,0,0,Heat,0.844,28.0,63.6,14.3,Completed
T006583,2026-08-05,R09,B034,18,2,0,0,Heat,0.805,21.0,63.6,13.9,Completed
T006584,2026-08-05,R09,B034,19,2,0,0,Heat,0.265,16.0,63.6,9.6,Completed
T006585,2026-08-05,R09,B033,21,2,0,0,Heat,0.293,7.0,63.6,7.9,Completed
T006586,2026-08-05,R10,B040,7,2,0,0,Heat,0.347,23.0,38.0,5.0,Completed
T006587,2026-08-05,R10,B038,8,2,0,0,Heat,0.794,27.0,38.0,6.6,Completed
T006588,2026-08-05,R10,B040,9,2,0,0,Heat,0.755,33.0,38.0,8.3,Completed
T006589,2026-08-05,R10,B037,12,2,0,0,Heat,0.261,12.0,38.0,2.5,Completed
T006590,2026-08-05,R10,B040,14,2,0,0,Heat,0.332,10.0,38.0,0.8,Completed
T006591,2026-08-05,R10,B038,16,2,0,0,Heat,0.344,22.0,38.0,4.1,Completed
T006592,2026-08-05,R10,B040,17,2,0,0,Heat,0.774,28.0,38.0,12.2,Completed
T006593,2026-08-05,R10,B037,18,2,0,0,Heat,0.81,,38.0,7.4,Completed
T006594,2026-08-05,R10,B040,19,2,0,0,Heat,0.323,22.0,38.0,8.8,Completed
T006595,2026-08-05,R10,B037,20,2,0,0,Heat,0.277,9.0,38.0,-0.6,Completed
T006596,2026-08-06,R01,B004,5,3,0,0,Heat,0.335,11.0,50.8,11.3,Completed
T006597,2026-08-06,R01,B003,7,3,0,0,Heat,0.281,35.0,50.8,240.0,Completed
T006598,2026-08-06,R01,B002,8,3,0,0,Heat,0.785,45.0,50.8,13.8,Completed
T006599,2026-08-06,R01,B004,9,3,0,0,Heat,0.782,48.0,50.8,14.8,Completed
T006600,2026-08-06,R01,B003,10,3,0,0,Heat,0.257,45.0,50.8,2.4,Completed
T006601,2026-08-06,R01,B004,13,3,0,0,Heat,0.3,20.0,50.8,9.3,Completed
T006602,2026-08-06,R01,B002,16,3,0,0,Heat,0.299,32.0,50.8,8.6,Completed
T006603,2026-08-06,R01,B003,17,3,0,0,Heat,0.824,60.0,50.8,0.9,Completed
T006604,2026-08-06,R01,B004,18,3,0,0,Heat,0.787,43.0,50.8,17.4,Completed
T006605,2026-08-06,R01,B001,20,3,0,0,Heat,0.306,20.0,50.8,11.2,Completed
T006606,2026-08-06,R01,B004,21,3,0,0,Heat,0.331,11.0,50.8,6.3,Completed
T006607,2026-08-06,R02,B007,5,3,0,0,Heat,0.321,7.0,36.4,2.7,Completed
T006608,2026-08-06,R02,B008,6,3,0,0,Heat,0.308,13.0,36.4,3.7,Completed
T006609,2026-08-06,R02,B006,8,3,0,0,Heat,0.794,53.0,36.4,11.8,Completed
T006610,2026-08-06,R02,B006,9,3,0,0,Heat,0.848,36.0,36.4,16.5,Completed
T006611,2026-08-06,R02,B007,10,3,0,0,Heat,0.313,33.0,36.4,5.9,Completed
T006612,2026-08-06,R02,B005,11,3,0,0,Heat,0.251,16.0,36.4,9.6,Completed
T006613,2026-08-06,R02,B006,13,3,0,0,Heat,0.287,21.0,36.4,6.6,Completed
T006614,2026-08-06,R02,B007,14,3,0,0,Heat,0.279,23.0,36.4,0.2,Completed
T006615,2026-08-06,R02,B005,15,3,0,0,Heat,0.345,19.0,36.4,7.9,Completed
T006616,2026-08-06,R02,B006,16,3,0,0,Heat,0.278,34.0,36.4,6.3,Completed
T006617,2026-08-06,R02,B008,17,3,0,0,Heat,0.769,,36.4,8.8,Completed
T006618,2026-08-06,R02,B005,18,3,0,0,Heat,0.771,36.0,36.4,12.1,Completed
T006619,2026-08-06,R03,B009,5,3,0,0,Heat,0.257,9.0,58.8,4.8,Completed
T006620,2026-08-06,R03,B012,6,3,0,0,Heat,0.349,,58.8,7.6,Completed
T006621,2026-08-06,R03,B009,8,3,0,0,Heat,0.784,39.0,58.8,7.1,Completed
T006622,2026-08-06,R03,B009,9,3,0,0,Heat,0.8,34.0,58.8,13.5,Completed
T006623,2026-08-06,R03,B011,10,3,0,0,Heat,0.288,29.0,58.8,9.8,Completed
T006624,2026-08-06,R03,B010,13,3,0,0,Heat,0.319,22.0,58.8,10.9,Completed
T006625,2026-08-06,R03,B009,14,3,0,0,Heat,0.298,16.0,58.8,8.1,Completed
T006626,2026-08-06,R03,B009,16,3,0,0,Heat,0.29,24.0,58.8,4.8,Completed
T006627,2026-08-06,R03,B010,17,3,0,0,Heat,0.756,42.0,58.8,18.0,Completed
T006628,2026-08-06,R03,B009,18,3,0,0,Heat,0.826,37.0,58.8,13.8,Completed
T006629,2026-08-06,R03,B009,21,3,0,0,Heat,0.311,9.0,58.8,13.7,Completed
T006630,2026-08-06,R04,B015,7,3,0,0,Heat,0.312,24.0,28.4,2.3,Completed
T006631,2026-08-06,R04,B014,8,3,0,0,Heat,0.764,40.0,28.4,12.1,Completed
T006632,2026-08-06,R04,B015,9,3,0,0,Heat,0.754,28.0,28.4,8.8,Completed
T006633,2026-08-06,R04,B014,11,3,0,0,Heat,0.26,19.0,28.4,3.7,Completed
T006634,2026-08-06,R04,B014,16,3,0,0,Heat,0.285,31.0,28.4,0.2,Completed
T006635,2026-08-06,R04,B014,17,3,0,0,Heat,0.767,0.0,28.4,,Cancelled
T006636,2026-08-06,R04,B013,18,3,0,0,Heat,0.791,0.0,28.4,,Cancelled
T006637,2026-08-06,R04,B016,19,3,0,0,Heat,0.323,17.0,28.4,6.3,Completed
T006638,2026-08-06,R04,B016,20,3,0,0,Heat,0.295,14.0,28.4,3.8,Completed
T006639,2026-08-06,R04,B015,21,3,0,0,Heat,0.338,8.0,28.4,7.1,Completed
T006640,2026-08-06,R05,B019,7,3,0,0,Heat,0.296,31.0,44.4,3.2,Completed
T006641,2026-08-06,R05,B019,8,3,0,0,Heat,0.824,43.0,44.4,13.4,Completed
T006642,2026-08-06,R05,B020,9,3,0,0,Heat,0.83,39.0,44.4,11.9,Completed
T006643,2026-08-06,R05,B017,11,3,0,0,Heat,0.318,15.0,44.4,4.5,Completed
T006644,2026-08-06,R05,B020,12,3,0,0,Heat,0.332,10.0,44.4,1.5,Completed
T006645,2026-08-06,R05,B019,13,3,0,0,Heat,0.277,17.0,44.4,4.2,Completed
T006646,2026-08-06,R05,B017,15,3,0,0,Heat,0.26,16.0,44.4,10.7,Completed
T006647,2026-08-06,R05,B019,16,3,0,0,Heat,0.312,28.0,44.4,10.3,Completed
T006648,2026-08-06,R05,B017,17,3,0,0,Heat,0.847,31.0,44.4,12.8,Completed
T006649,2026-08-06,R05,B019,18,3,0,0,Heat,0.763,42.0,44.4,14.5,Completed
T006650,2026-08-06,R05,B017,20,3,0,0,Heat,0.336,11.0,44.4,4.6,Completed
T006651,2026-08-06,R05,B018,21,3,0,0,Heat,0.337,7.0,44.4,7.8,Completed
T006652,2026-08-06,R06,B022,5,3,0,0,Heat,0.315,8.0,41.2,9.0,Completed
T006653,2026-08-06,R06,B022,6,3,0,0,Heat,0.268,14.0,41.2,4.1,Completed
T006654,2026-08-06,R06,B024,7,3,0,0,Heat,0.316,33.0,41.2,4.0,Completed
T006655,2026-08-06,R06,B023,8,3,0,0,Heat,0.83,,41.2,13.9,Completed
T006656,2026-08-06,R06,B023,9,3,0,0,Heat,0.756,42.0,41.2,14.1,Completed
T006657,2026-08-06,R06,B021,10,3,0,0,Heat,0.333,21.0,41.2,6.1,Completed
T006658,2026-08-06,R06,B023,11,3,0,0,Heat,0.26,17.0,41.2,3.7,Completed
T006659,2026-08-06,R06,B024,13,3,0,0,Heat,0.343,31.0,41.2,6.1,Completed
T006660,2026-08-06,R06,B022,15,3,0,0,Heat,0.26,18.0,41.2,5.2,Completed
T006661,2026-08-06,R06,B024,16,3,0,0,Heat,0.265,34.0,41.2,1.0,Completed
T006662,2026-08-06,R06,B021,17,3,0,0,Heat,0.78,29.0,41.2,17.1,Completed
T006663,2026-08-06,R06,B022,18,3,0,0,Heat,0.797,34.0,41.2,13.5,Completed
T006664,2026-08-06,R06,B022,20,3,0,0,Heat,0.31,18.0,41.2,9.1,Completed
T006665,2026-08-06,R07,B026,7,3,0,0,Heat,0.321,13.0,33.2,10.1,Completed
T006666,2026-08-06,R07,B027,8,3,0,0,Heat,0.771,21.0,33.2,14.6,Completed
T006667,2026-08-06,R07,B025,9,3,0,0,Heat,0.817,34.0,33.2,6.0,Completed
T006668,2026-08-06,R07,B028,11,3,0,0,Heat,0.294,,33.2,8.2,Completed
T006669,2026-08-06,R07,B028,15,3,0,0,Heat,0.254,15.0,33.2,8.9,Completed
T006670,2026-08-06,R07,B026,17,3,0,0,Heat,0.838,24.0,33.2,17.2,Completed
T006671,2026-08-06,R07,B025,18,3,0,0,Heat,0.799,27.0,33.2,14.4,Completed
T006672,2026-08-06,R07,B027,20,3,0,0,Heat,0.295,14.0,33.2,11.6,Completed
T006673,2026-08-06,R07,B026,21,3,0,0,Heat,0.31,5.0,33.2,11.3,Completed
T006674,2026-08-06,R08,B032,7,3,0,0,Heat,0.327,22.0,26.8,5.9,Completed
T006675,2026-08-06,R08,B030,8,3,0,0,Heat,0.767,21.0,26.8,7.5,Completed
T006676,2026-08-06,R08,B030,9,3,0,0,Heat,0.768,30.0,26.8,14.4,Completed
T006677,2026-08-06,R08,B029,12,3,0,0,Heat,0.331,14.0,26.8,5.4,Completed
T006678,2026-08-06,R08,B032,14,3,0,0,Heat,0.349,22.0,26.8,11.7,Completed
T006679,2026-08-06,R08,B030,17,3,0,0,Heat,0.755,28.0,26.8,17.1,Completed
T006680,2026-08-06,R08,B029,18,3,0,0,Heat,0.826,25.0,26.8,16.3,Completed
T006681,2026-08-06,R08,B030,21,3,0,0,Heat,0.326,0.0,26.8,,Cancelled
T006682,2026-08-06,R09,B034,5,3,0,0,Heat,0.264,5.0,63.6,6.7,Completed
T006683,2026-08-06,R09,B035,6,3,0,0,Heat,0.251,8.0,63.6,7.8,Completed
T006684,2026-08-06,R09,B035,7,3,0,0,Heat,0.288,16.0,63.6,7.8,Completed
T006685,2026-08-06,R09,B034,8,3,0,0,Heat,0.797,10.0,63.6,14.9,Completed
T006686,2026-08-06,R09,B035,9,3,0,0,Heat,0.788,23.0,63.6,15.5,Completed
T006687,2026-08-06,R09,B035,12,3,0,0,Heat,0.252,11.0,63.6,3.3,Completed
T006688,2026-08-06,R09,B034,15,3,0,0,Heat,0.31,11.0,63.6,3.5,Completed
T006689,2026-08-06,R09,B034,17,3,0,0,Heat,,25.0,63.6,15.2,Completed
T006690,2026-08-06,R09,B034,18,3,0,0,Heat,0.763,19.0,63.6,9.3,Completed
T006691,2026-08-06,R10,B039,6,3,0,0,Heat,0.303,9.0,38.0,7.3,Completed
T006692,2026-08-06,R10,B037,8,3,0,0,Heat,0.846,20.0,38.0,8.4,Completed
T006693,2026-08-06,R10,B039,9,3,0,0,Heat,0.811,26.0,38.0,16.6,Completed
T006694,2026-08-06,R10,B040,13,3,0,0,Heat,0.326,18.0,38.0,8.5,Completed
T006695,2026-08-06,R10,B040,16,3,0,0,Heat,0.254,20.0,38.0,6.7,Completed
T006696,2026-08-06,R10,B037,17,3,0,0,Heat,0.788,20.0,38.0,10.4,Completed
T006697,2026-08-06,R10,B038,18,3,0,0,Heat,0.784,33.0,38.0,8.7,Completed
T006698,2026-08-06,R10,B040,21,3,0,0,Heat,0.347,5.0,38.0,2.4,Completed
T006699,2026-08-07,R01,B003,7,4,0,0,Clear,0.289,33.0,50.8,4.9,Completed
T006700,2026-08-07,R01,B002,8,4,0,0,Clear,0.813,50.0,50.8,11.1,Completed
T006701,2026-08-07,R01,B001,9,4,0,0,Clear,0.767,50.0,50.8,12.5,Completed
T006702,2026-08-07,R01,B003,12,4,0,0,Clear,0.269,36.0,50.8,8.4,Completed
T006703,2026-08-07,R01,B004,14,4,0,0,Clear,0.336,26.0,50.8,8.3,Completed
T006704,2026-08-07,R01,B004,17,4,0,0,Clear,0.753,50.0,50.8,12.5,Completed
T006705,2026-08-07,R01,B003,18,4,0,0,Clear,0.827,60.0,50.8,11.5,Completed
T006706,2026-08-07,R01,B004,19,4,0,0,Clear,0.306,40.0,50.8,6.6,Completed
T006707,2026-08-07,R02,B006,6,4,0,0,Clear,0.31,19.0,36.4,6.8,Completed
T006708,2026-08-07,R02,B008,8,4,0,0,Clear,0.794,38.0,36.4,12.5,Completed
T006709,2026-08-07,R02,B006,9,4,0,0,Clear,0.835,54.0,36.4,12.9,Completed
T006710,2026-08-07,R02,B008,11,4,0,0,Clear,0.332,21.0,36.4,13.4,Completed
T006711,2026-08-07,R02,B008,12,4,0,0,Clear,0.287,17.0,36.4,1.3,Completed
T006712,2026-08-07,R02,B007,17,4,0,0,Clear,0.842,39.0,36.4,13.9,Completed
T006713,2026-08-07,R02,B005,18,4,0,0,Clear,0.841,37.0,36.4,14.6,Completed
T006714,2026-08-07,R02,B007,19,4,0,0,Clear,0.274,24.0,36.4,-0.1,Completed
T006715,2026-08-07,R02,B006,20,4,0,0,Clear,0.311,22.0,36.4,7.9,Completed
T006716,2026-08-07,R03,B012,5,4,0,0,Clear,0.274,12.0,58.8,9.4,Completed
T006717,2026-08-07,R03,B009,8,4,0,0,Clear,0.818,39.0,58.8,15.1,Completed
T006718,2026-08-07,R03,B009,9,4,0,0,Clear,0.793,40.0,58.8,12.5,Completed
T006719,2026-08-07,R03,B009,13,4,0,0,Clear,0.258,24.0,58.8,3.7,Completed
T006720,2026-08-07,R03,B009,16,4,0,0,Clear,0.33,27.0,58.8,8.9,Completed
T006721,2026-08-07,R03,B011,17,4,0,0,Clear,0.818,34.0,58.8,10.9,Completed
T006722,2026-08-07,R03,B009,18,4,0,0,Clear,0.805,36.0,58.8,10.3,Completed
T006723,2026-08-07,R04,B013,8,4,0,0,Clear,0.827,0.0,28.4,,Cancelled
T006724,2026-08-07,R04,B015,9,4,0,0,Clear,0.842,46.0,28.4,19.2,Completed
T006725,2026-08-07,R04,B014,10,4,0,0,Clear,0.284,26.0,28.4,1.0,Completed
T006726,2026-08-07,R04,B013,11,4,0,0,Clear,0.344,17.0,28.4,6.2,Completed
T006727,2026-08-07,R04,B016,13,4,0,0,Clear,0.29,22.0,28.4,4.1,Completed
T006728,2026-08-07,R04,B013,14,4,0,0,Clear,0.335,17.0,28.4,9.2,Completed
T006729,2026-08-07,R04,B014,15,4,0,0,Clear,0.259,21.0,28.4,4.2,Completed
T006730,2026-08-07,R04,B013,17,4,0,0,Clear,0.801,34.0,28.4,10.2,Completed
T006731,2026-08-07,R04,B016,18,4,0,0,Clear,0.773,37.0,28.4,14.3,Completed
T006732,2026-08-07,R04,B016,19,4,0,0,Clear,0.295,18.0,28.4,8.2,Completed
T006733,2026-08-07,R04,B015,20,4,0,0,Clear,0.275,0.0,28.4,,Cancelled
T006734,2026-08-07,R04,B013,21,4,0,0,Clear,0.262,11.0,28.4,6.5,Completed
T006735,2026-08-07,R05,B020,6,4,0,0,Clear,0.306,13.0,44.4,5.0,Completed
T006736,2026-08-07,R05,B020,8,4,0,0,Clear,0.848,33.0,44.4,13.2,Completed
T006737,2026-08-07,R05,B017,9,4,0,0,Clear,0.752,31.0,44.4,12.6,Completed
T006738,2026-08-07,R05,B019,10,4,0,0,Clear,0.283,32.0,44.4,5.2,Completed
T006739,2026-08-07,R05,B017,12,4,0,0,Clear,0.281,19.0,44.4,2.1,Completed
T006740,2026-08-07,R05,B018,13,4,0,0,Clear,0.276,13.0,44.4,8.0,Completed
T006741,2026-08-07,R05,B018,17,4,0,0,Clear,0.758,29.0,44.4,5.1,Completed
T006742,2026-08-07,R05,B018,18,4,0,0,Clear,0.756,29.0,44.4,14.4,Completed
T006743,2026-08-07,R05,B019,19,4,0,0,Clear,0.306,27.0,44.4,5.7,Completed
T006744,2026-08-07,R05,B018,20,4,0,0,Clear,0.341,9.0,44.4,5.2,Completed
T006745,2026-08-07,R06,B021,8,4,0,0,Clear,0.844,27.0,41.2,9.8,Completed
T006746,2026-08-07,R06,B024,9,4,0,0,Clear,0.836,45.0,41.2,13.1,Completed
T006747,2026-08-07,R06,B024,10,4,0,0,Clear,0.268,35.0,41.2,2.9,Completed
T006748,2026-08-07,R06,B021,12,4,0,0,Clear,0.29,20.0,41.2,2.4,Completed
T006749,2026-08-07,R06,B024,14,4,0,0,Clear,0.304,21.0,41.2,10.5,Completed
T006750,2026-08-07,R06,B022,16,4,0,0,Clear,0.344,26.0,41.2,9.8,Completed
T006751,2026-08-07,R06,B023,17,4,0,0,Clear,0.839,36.0,41.2,15.5,Completed
T006752,2026-08-07,R06,B023,18,4,0,0,Clear,0.794,55.0,41.2,8.0,Completed
T006753,2026-08-07,R07,B026,5,4,0,0,Clear,0.318,5.0,33.2,12.5,Completed
T006754,2026-08-07,R07,B025,8,4,0,0,Clear,0.759,20.0,33.2,13.7,Completed
T006755,2026-08-07,R07,B028,9,4,0,0,Clear,0.781,400.0,33.2,10.3,Completed
T006756,2026-08-07,R07,B025,14,4,0,0,Clear,0.256,15.0,33.2,5.7,Completed
T006757,2026-08-07,R07,B027,16,4,0,0,Clear,0.277,19.0,33.2,240.0,Completed
T006758,2026-08-07,R07,B026,17,4,0,0,Clear,0.781,22.0,33.2,16.5,Completed
T006759,2026-08-07,R07,B027,18,4,0,0,Clear,0.769,27.0,33.2,10.1,Completed
T006760,2026-08-07,R08,B031,6,4,0,0,Clear,0.32,12.0,26.8,6.9,Completed
T006761,2026-08-07,R08,B030,7,4,0,0,Clear,0.317,17.0,26.8,9.9,Completed
T006762,2026-08-07,R08,B029,8,4,0,0,Clear,0.843,27.0,26.8,9.8,Completed
T006763,2026-08-07,R08,B031,9,4,0,0,Clear,0.843,27.0,26.8,11.4,Completed
T006764,2026-08-07,R08,B032,11,4,0,0,Clear,0.306,23.0,26.8,10.2,Completed
T006765,2026-08-07,R08,B031,14,4,0,0,Clear,0.349,21.0,26.8,10.5,Completed
T006766,2026-08-07,R08,B031,17,4,0,0,Clear,0.797,32.0,26.8,11.8,Completed
T006767,2026-08-07,R08,B029,18,4,0,0,Clear,0.797,19.0,26.8,10.3,Completed
T006768,2026-08-07,R08,B030,20,4,0,0,Clear,0.267,18.0,26.8,6.8,Completed
T006769,2026-08-07,R09,B035,6,4,0,0,Clear,0.258,11.0,63.6,3.8,Completed
T006770,2026-08-07,R09,B035,8,4,0,0,Clear,0.811,20.0,63.6,16.5,Completed
T006771,2026-08-07,R09,B035,9,4,0,0,Clear,0.821,29.0,63.6,11.8,Completed
T006772,2026-08-07,R09,B035,10,4,0,0,Clear,0.327,20.0,63.6,6.4,Completed
T006773,2026-08-07,R09,B035,11,4,0,0,Clear,0.348,12.0,63.6,9.9,Completed
T006774,2026-08-07,R09,B036,12,4,0,0,Clear,0.3,10.0,63.6,6.7,Completed
T006775,2026-08-07,R09,B033,13,4,0,0,Clear,0.262,12.0,63.6,8.3,Completed
T006776,2026-08-07,R09,B035,17,4,0,0,Clear,0.813,27.0,63.6,7.7,Completed
T006777,2026-08-07,R09,B033,18,4,0,0,Clear,0.803,22.0,63.6,12.6,Completed
T006778,2026-08-07,R09,B036,19,4,0,0,Clear,0.303,,63.6,3.0,Completed
T006779,2026-08-07,R09,B034,20,4,0,0,Clear,0.298,11.0,63.6,7.1,Completed
T006780,2026-08-07,R09,B036,21,4,0,0,Clear,0.282,5.0,63.6,8.8,Completed
T006781,2026-08-07,R10,B038,5,4,0,0,Clear,0.289,7.0,38.0,2.0,Completed
T006782,2026-08-07,R10,B039,6,4,0,0,Clear,0.341,9.0,38.0,4.9,Completed
T006783,2026-08-07,R10,B040,7,4,0,0,Clear,0.273,25.0,38.0,5.8,Completed
T006784,2026-08-07,R10,B038,8,4,0,0,Clear,0.847,31.0,38.0,11.3,Completed
T006785,2026-08-07,R10,B040,9,4,0,0,Clear,0.845,30.0,38.0,10.8,Completed
T006786,2026-08-07,R10,B038,11,4,0,0,Clear,0.26,16.0,38.0,4.4,Completed
T006787,2026-08-07,R10,B038,13,4,0,0,Clear,0.269,400.0,38.0,6.7,Completed
T006788,2026-08-07,R10,B040,15,4,0,0,Clear,0.313,17.0,38.0,6.5,Completed
T006789,2026-08-07,R10,B037,17,4,0,0,Clear,0.791,18.0,38.0,8.9,Completed
T006790,2026-08-07,R10,B038,18,4,0,0,Clear,0.829,23.0,38.0,11.9,Completed
T006791,2026-08-07,R10,B040,19,4,0,0,Clear,0.278,19.0,38.0,2.6,Completed
T006792,2026-08-07,R10,B037,20,4,0,0,Clear,0.33,8.0,38.0,2.5,Completed
T006793,2026-08-08,R01,B003,8,5,1,0,Clear,0.651,42.0,50.8,7.3,Completed
T006794,2026-08-08,R01,B003,9,5,1,0,Clear,0.692,48.0,50.8,7.2,Completed
T006795,2026-08-08,R01,B004,14,5,1,0,Clear,0.161,16.0,50.8,2.0,Completed
T006796,2026-08-08,R01,B003,15,5,1,0,Clear,0.174,24.0,50.8,1.2,Completed
T006797,2026-08-08,R01,B003,17,5,1,0,Clear,0.673,37.0,50.8,7.3,Completed
T006798,2026-08-08,R01,B004,18,5,1,0,Clear,0.603,35.0,50.8,6.8,Completed
T006799,2026-08-08,R01,B003,20,5,1,0,Clear,0.18,15.0,50.8,1.6,Completed
T006800,2026-08-08,R01,B003,21,5,1,0,Clear,0.18,15.0,50.8,-3.0,Completed
T006801,2026-08-08,R02,B005,7,5,1,0,Clear,0.122,14.0,36.4,4.2,Completed
T006802,2026-08-08,R02,B005,8,5,1,0,Clear,0.692,25.0,36.4,12.8,Completed
T006803,2026-08-08,R02,B008,9,5,1,0,Clear,0.693,30.0,36.4,15.0,Completed
T006804,2026-08-08,R02,B008,11,5,1,0,Clear,0.166,16.0,36.4,5.7,Completed
T006805,2026-08-08,R02,B006,14,5,1,0,Clear,0.112,18.0,36.4,-3.0,Completed
T006806,2026-08-08,R02,B008,15,5,1,0,Clear,0.103,18.0,36.4,10.0,Completed
T006807,2026-08-08,R02,B005,17,5,1,0,Clear,0.647,20.0,36.4,13.2,Completed
T006808,2026-08-08,R02,B005,18,5,1,0,Clear,0.67,,36.4,16.8,Completed
T006809,2026-08-08,R02,B008,20,5,1,0,Clear,0.132,14.0,36.4,-0.5,Completed
T006810,2026-08-08,R03,B010,5,5,1,0,Clear,0.114,8.0,58.8,5.4,Completed
T006811,2026-08-08,R03,B012,8,5,1,0,Clear,0.606,45.0,58.8,7.7,Completed
T006812,2026-08-08,R03,B009,9,5,1,0,Clear,0.667,22.0,58.8,11.6,Completed
T006813,2026-08-08,R03,B009,11,5,1,0,Clear,0.146,15.0,58.8,4.4,Completed
T006814,2026-08-08,R03,B011,12,5,1,0,Clear,0.122,16.0,58.8,2.0,Completed
T006815,2026-08-08,R03,B011,15,5,1,0,Clear,0.105,21.0,58.8,3.1,Completed
T006816,2026-08-08,R03,B009,16,5,1,0,Clear,0.18,17.0,58.8,8.5,Completed
T006817,2026-08-08,R03,B011,17,5,1,0,Clear,0.683,27.0,58.8,13.7,Completed
T006818,2026-08-08,R03,B010,18,5,1,0,Clear,0.667,35.0,58.8,14.1,Completed
T006819,2026-08-08,R03,B011,20,5,1,0,Clear,0.176,12.0,58.8,2.0,Completed
T006820,2026-08-08,R03,B009,21,5,1,0,Clear,0.174,7.0,58.8,7.4,Completed
T006821,2026-08-08,R04,B015,5,5,1,0,Clear,0.134,6.0,28.4,7.7,Completed
T006822,2026-08-08,R04,B016,7,5,1,0,Clear,0.13,8.0,28.4,3.2,Completed
T006823,2026-08-08,R04,B015,8,5,1,0,Clear,0.608,20.0,28.4,9.1,Completed
T006824,2026-08-08,R04,B014,9,5,1,0,Clear,0.667,34.0,28.4,15.5,Completed
T006825,2026-08-08,R04,B013,10,5,1,0,Clear,0.161,17.0,28.4,5.2,Completed
T006826,2026-08-08,R04,B013,12,5,1,0,Clear,0.173,12.0,28.4,2.1,Completed
T006827,2026-08-08,R04,B013,13,5,1,0,Clear,0.125,12.0,28.4,5.3,Completed
T006828,2026-08-08,R04,B016,16,5,1,0,Clear,0.13,13.0,28.4,2.6,Completed
T006829,2026-08-08,R04,B015,17,5,1,0,Clear,0.635,27.0,28.4,12.0,Completed
T006830,2026-08-08,R04,B014,18,5,1,0,Clear,0.652,37.0,28.4,7.7,Completed
T006831,2026-08-08,R05,B018,6,5,1,0,Clear,0.17,,44.4,8.5,Completed
T006832,2026-08-08,R05,B018,8,5,1,0,Clear,0.691,19.0,44.4,8.5,Completed
T006833,2026-08-08,R05,B017,9,5,1,0,Clear,0.635,27.0,44.4,8.1,Completed
T006834,2026-08-08,R05,B019,11,5,1,0,Clear,0.178,12.0,44.4,9.7,Completed
T006835,2026-08-08,R05,B019,12,5,1,0,Clear,0.152,16.0,44.4,7.2,Completed
T006836,2026-08-08,R05,B017,14,5,1,0,Clear,0.121,14.0,44.4,-0.9,Completed
T006837,2026-08-08,R05,B019,16,5,1,0,Clear,0.11,18.0,44.4,3.7,Completed
T006838,2026-08-08,R05,B017,17,5,1,0,Clear,0.625,20.0,44.4,8.6,Completed
T006839,2026-08-08,R05,B020,18,5,1,0,Clear,0.657,28.0,44.4,9.5,Completed
T006840,2026-08-08,R05,B018,19,5,1,0,Clear,0.133,11.0,44.4,5.5,Completed
T006841,2026-08-08,R05,B018,21,5,1,0,Clear,0.171,6.0,44.4,8.5,Completed
T006842,2026-08-08,R06,B021,6,5,1,0,Clear,0.188,10.0,41.2,4.8,Completed
T006843,2026-08-08,R06,B023,8,5,1,0,Clear,0.671,29.0,41.2,7.1,Completed
T006844,2026-08-08,R06,B022,9,5,1,0,Clear,0.652,33.0,41.2,6.6,Completed
T006845,2026-08-08,R06,B023,11,5,1,0,Clear,0.111,20.0,41.2,3.9,Completed
T006846,2026-08-08,R06,B024,14,5,1,0,Clear,0.124,14.0,41.2,1.9,Completed
T006847,2026-08-08,R06,B022,17,5,1,0,Clear,0.649,27.0,41.2,13.0,Completed
T006848,2026-08-08,R06,B021,18,5,1,0,Clear,0.609,26.0,41.2,11.2,Completed
T006849,2026-08-08,R06,B024,20,5,1,0,Clear,0.104,17.0,41.2,2.7,Completed
T006850,2026-08-08,R06,B023,21,5,1,0,Clear,0.18,8.0,41.2,2.8,Completed
T006851,2026-08-08,R07,B027,6,5,1,0,Clear,0.145,7.0,33.2,6.8,Completed
T006852,2026-08-08,R07,B026,7,5,1,0,Clear,0.188,11.0,33.2,7.5,Completed
T006853,2026-08-08,R07,B026,8,5,1,0,Clear,0.663,13.0,33.2,9.9,Completed
T006854,2026-08-08,R07,B025,9,5,1,0,Clear,0.65,24.0,33.2,15.4,Completed
T006855,2026-08-08,R07,B027,10,5,1,0,Clear,0.166,15.0,33.2,8.1,Completed
T006856,2026-08-08,R07,B028,11,5,1,0,Clear,0.192,6.0,33.2,7.2,Completed
T006857,2026-08-08,R07,B028,13,5,1,0,Clear,0.115,9.0,33.2,4.4,Completed
T006858,2026-08-08,R07,B027,14,5,1,0,Clear,0.141,13.0,33.2,0.7,Completed
T006859,2026-08-08,R07,B028,15,5,1,0,Clear,0.169,9.0,33.2,3.0,Completed
T006860,2026-08-08,R07,B027,17,5,1,0,Clear,,24.0,33.2,10.8,Completed
T006861,2026-08-08,R07,B025,18,5,1,0,Clear,0.639,14.0,33.2,12.8,Completed
T006862,2026-08-08,R07,B027,19,5,1,0,Clear,0.139,15.0,33.2,2.4,Completed
T006863,2026-08-08,R07,B026,20,5,1,0,Clear,0.176,400.0,33.2,7.2,Completed
T006864,2026-08-08,R07,B026,21,5,1,0,Clear,0.171,4.0,33.2,-2.3,Completed
T006865,2026-08-08,R08,B032,6,5,1,0,Clear,0.191,11.0,26.8,2.8,Completed
T006866,2026-08-08,R08,B029,8,5,1,0,Clear,0.678,17.0,26.8,9.4,Completed
T006867,2026-08-08,R08,B031,9,5,1,0,Clear,0.668,21.0,26.8,5.8,Completed
T006868,2026-08-08,R08,B030,12,5,1,0,Clear,0.132,10.0,26.8,7.3,Completed
T006869,2026-08-08,R08,B032,14,5,1,0,Clear,0.153,13.0,26.8,5.3,Completed
T006870,2026-08-08,R08,B031,16,5,1,0,Clear,0.117,18.0,26.8,0.4,Completed
T006871,2026-08-08,R08,B030,17,5,1,0,,0.643,18.0,26.8,7.5,Completed
T006872,2026-08-08,R08,B031,18,5,1,0,Clear,0.631,27.0,26.8,7.7,Completed
T006873,2026-08-08,R08,B031,19,5,1,0,Clear,0.135,14.0,26.8,2.7,Completed
T006874,2026-08-08,R08,B031,20,5,1,0,Clear,0.13,12.0,26.8,5.6,Completed
T006875,2026-08-08,R08,B032,21,5,1,0,Clear,0.102,8.0,26.8,3.9,Completed
T006876,2026-08-08,R09,B036,6,5,1,0,Clear,0.179,4.0,63.6,14.4,Completed
T006877,2026-08-08,R09,B033,7,5,1,0,Clear,0.168,10.0,63.6,4.6,Completed
T006878,2026-08-08,R09,B034,8,5,1,0,Clear,0.695,12.0,63.6,9.8,Completed
T006879,2026-08-08,R09,B035,9,5,1,0,Clear,0.621,15.0,63.6,12.1,Completed
T006880,2026-08-08,R09,B033,10,5,1,0,Clear,0.12,13.0,63.6,4.0,Completed
T006881,2026-08-08,R09,B033,14,5,1,0,Clear,0.134,7.0,63.6,3.6,Completed
T006882,2026-08-08,R09,B036,15,5,1,0,Clear,0.12,6.0,63.6,5.3,Completed
T006883,2026-08-08,R09,B035,17,5,1,0,Clear,0.697,16.0,63.6,8.5,Completed
T006884,2026-08-08,R09,B035,18,5,1,0,Clear,0.656,17.0,63.6,8.1,Completed
T006885,2026-08-08,R09,B036,19,5,1,0,Clear,0.162,9.0,63.6,4.9,Completed
T006886,2026-08-08,R09,B033,21,5,1,0,Clear,0.124,5.0,63.6,10.9,Completed
T006887,2026-08-08,R10,B039,5,5,1,0,Clear,0.126,3.0,38.0,5.9,Completed
T006888,2026-08-08,R10,B038,6,5,1,0,Clear,0.155,7.0,38.0,4.0,Completed
T006889,2026-08-08,R10,B039,7,5,1,0,Clear,0.107,10.0,38.0,-0.8,Completed
T006890,2026-08-08,R10,B038,8,5,1,0,Clear,0.618,,38.0,9.2,Completed
T006891,2026-08-08,R10,B040,9,5,1,0,Clear,0.687,25.0,38.0,8.4,Completed
T006892,2026-08-08,R10,B037,11,5,1,0,Clear,0.134,8.0,38.0,1.0,Completed
T006893,2026-08-08,R10,B037,17,5,1,0,Clear,0.655,15.0,38.0,13.8,Completed
T006894,2026-08-08,R10,B040,18,5,1,0,Clear,0.699,22.0,38.0,6.1,Completed
T006895,2026-08-08,R10,B037,19,5,1,0,Clear,0.128,13.0,38.0,-0.0,Completed
T006896,2026-08-08,R10,B037,20,5,1,0,Clear,0.103,6.0,38.0,3.5,Completed
T006897,2026-08-08,R10,B037,21,5,1,0,Clear,0.137,4.0,38.0,-2.2,Completed
T006898,2026-08-09,R01,B002,7,6,1,0,Clear,0.113,30.0,50.8,-3.0,Completed
T006899,2026-08-09,R01,B002,8,6,1,0,Clear,0.679,37.0,50.8,14.5,Completed
T006900,2026-08-09,R01,B002,9,6,1,0,Clear,0.696,39.0,50.8,13.0,Completed
T006901,2026-08-09,R01,B004,12,6,1,0,Clear,0.116,23.0,50.8,2.5,Completed
T006902,2026-08-09,R01,B001,13,6,1,0,Clear,0.136,21.0,50.8,10.5,Completed
T006903,2026-08-09,R01,B002,14,6,1,0,Clear,0.106,18.0,50.8,4.7,Completed
T006904,2026-08-09,R01,B003,17,6,1,0,Clear,0.627,34.0,50.8,7.8,Completed
T006905,2026-08-09,R01,B001,18,6,1,0,Clear,0.6,33.0,50.8,11.6,Completed
T006906,2026-08-09,R01,B001,19,6,1,0,Clear,0.187,21.0,50.8,2.8,Completed
T006907,2026-08-09,R01,B003,20,6,1,0,Clear,0.181,24.0,50.8,6.0,Completed
T006908,2026-08-09,R02,B007,6,6,1,0,Clear,0.173,15.0,36.4,-1.5,Completed
T006909,2026-08-09,R02,B006,7,6,1,0,Clear,0.121,28.0,36.4,5.6,Completed
T006910,2026-08-09,R02,B005,8,6,1,0,Clear,0.646,24.0,36.4,13.7,Completed
T006911,2026-08-09,R02,B005,9,6,1,0,Clear,0.681,24.0,36.4,10.1,Completed
T006912,2026-08-09,R02,B006,12,6,1,0,Clear,0.13,21.0,36.4,3.6,Completed
T006913,2026-08-09,R02,B007,13,6,1,0,Clear,0.104,19.0,36.4,2.0,Completed
T006914,2026-08-09,R02,B006,14,6,1,0,Clear,0.123,20.0,36.4,5.5,Completed
T006915,2026-08-09,R02,B007,17,6,1,0,Clear,0.656,34.0,36.4,5.5,Completed
T006916,2026-08-09,R02,B006,18,6,1,0,Clear,0.661,40.0,36.4,10.0,Completed
T006917,2026-08-09,R02,B006,20,6,1,0,Clear,0.173,16.0,36.4,6.7,Completed
T006918,2026-08-09,R02,B005,21,6,1,0,Clear,0.174,7.0,36.4,7.3,Completed
T006919,2026-08-09,R03,B012,7,6,1,0,Clear,0.137,22.0,58.8,3.3,Completed
T006920,2026-08-09,R03,B011,8,6,1,0,Clear,0.694,33.0,58.8,14.1,Completed
T006921,2026-08-09,R03,B010,9,6,1,0,Clear,0.602,31.0,58.8,9.8,Completed
T006922,2026-08-09,R03,B009,10,6,1,0,Clear,0.112,18.0,58.8,7.8,Completed
T006923,2026-08-09,R03,B009,13,6,1,0,Clear,0.181,0.0,58.8,,Cancelled
T006924,2026-08-09,R03,B011,14,6,1,0,Clear,0.133,11.0,58.8,11.0,Completed
T006925,2026-08-09,R03,B011,17,6,1,0,Clear,0.647,29.0,58.8,11.6,Completed
T006926,2026-08-09,R03,B011,18,6,1,0,Clear,0.7,34.0,58.8,6.8,Completed
T006927,2026-08-09,R03,B009,20,6,1,0,Clear,0.101,8.0,58.8,8.1,Completed
T006928,2026-08-09,R04,B013,6,6,1,0,Clear,0.159,8.0,28.4,10.2,Completed
T006929,2026-08-09,R04,B013,7,6,1,0,Clear,0.199,17.0,28.4,6.5,Completed
T006930,2026-08-09,R04,B014,8,6,1,0,Clear,0.684,29.0,28.4,-45.0,Completed
T006931,2026-08-09,R04,B016,9,6,1,0,Clear,0.686,26.0,28.4,8.2,Completed
T006932,2026-08-09,R04,B014,13,6,1,0,Clear,0.102,19.0,28.4,2.2,Completed
T006933,2026-08-09,R04,B016,15,6,1,0,Clear,0.167,14.0,28.4,2.1,Completed
T006934,2026-08-09,R04,B016,16,6,1,0,Clear,0.117,14.0,28.4,2.9,Completed
T006935,2026-08-09,R04,B015,17,6,1,0,Clear,0.699,24.0,28.4,13.7,Completed
T006936,2026-08-09,R04,B013,18,6,1,0,Clear,0.682,27.0,28.4,14.3,Completed
T006937,2026-08-09,R04,B015,19,6,1,0,Clear,0.157,,28.4,6.3,Completed
T006938,2026-08-09,R05,B020,5,6,1,0,Clear,0.155,3.0,44.4,1.1,Completed
T006939,2026-08-09,R05,B018,8,6,1,0,Clear,0.689,16.0,44.4,180.0,Completed
T006940,2026-08-09,R05,B017,9,6,1,0,Clear,0.632,21.0,44.4,11.1,Completed
T006941,2026-08-09,R05,B017,12,6,1,0,Clear,0.152,11.0,44.4,8.3,Completed
T006942,2026-08-09,R05,B018,13,6,1,0,Clear,0.138,12.0,44.4,4.8,Completed
T006943,2026-08-09,R05,B017,14,6,1,0,Clear,0.12,13.0,44.4,3.1,Completed
T006944,2026-08-09,R05,B019,15,6,1,0,Clear,0.174,15.0,44.4,7.1,Completed
T006945,2026-08-09,R05,B018,17,6,1,0,Clear,0.7,22.0,44.4,12.6,Completed
T006946,2026-08-09,R05,B018,18,6,1,0,Clear,0.673,14.0,44.4,10.1,Completed
T006947,2026-08-09,R05,B020,20,6,1,0,Clear,0.173,15.0,44.4,2.0,Completed
T006948,2026-08-09,R06,B022,8,6,1,0,Clear,0.673,33.0,41.2,9.7,Completed
T006949,2026-08-09,R06,B022,9,6,1,0,Clear,0.687,32.0,41.2,8.8,Completed
T006950,2026-08-09,R06,B022,10,6,1,0,Clear,0.145,22.0,41.2,7.2,Completed
T006951,2026-08-09,R06,B021,12,6,1,0,Clear,0.122,19.0,41.2,7.4,Completed
T006952,2026-08-09,R06,B024,17,6,1,0,Clear,0.643,26.0,41.2,10.8,Completed
T006953,2026-08-09,R06,B023,18,6,1,0,Clear,0.628,37.0,41.2,10.3,Completed
T006954,2026-08-09,R06,B022,20,6,1,0,Clear,0.126,14.0,41.2,0.7,Completed
T006955,2026-08-09,R07,B026,8,6,1,0,Clear,0.645,19.0,33.2,12.0,Completed
T006956,2026-08-09,R07,B025,9,6,1,0,Clear,0.671,0.0,33.2,,Cancelled
T006957,2026-08-09,R07,B025,13,6,1,0,Clear,0.195,13.0,33.2,10.2,Completed
T006958,2026-08-09,R07,B028,16,6,1,0,Clear,0.129,11.0,33.2,10.6,Completed
T006959,2026-08-09,R07,B027,17,6,1,0,Clear,0.686,16.0,33.2,9.7,Completed
T006960,2026-08-09,R07,B028,18,6,1,0,Clear,0.649,19.0,33.2,10.9,Completed
T006961,2026-08-09,R07,B028,20,6,1,0,Clear,0.125,6.0,33.2,6.0,Completed
T006962,2026-08-09,R08,B032,7,6,1,0,Clear,0.147,16.0,26.8,-2.5,Completed
T006963,2026-08-09,R08,B032,8,6,1,0,Clear,0.625,36.0,26.8,13.3,Completed
T006964,2026-08-09,R08,B032,9,6,1,0,Clear,0.656,20.0,26.8,12.0,Completed
T006965,2026-08-09,R08,B032,12,6,1,0,Clear,0.147,15.0,26.8,4.3,Completed
T006966,2026-08-09,R08,B031,15,6,1,0,Clear,0.181,12.0,26.8,-1.6,Completed
T006967,2026-08-09,R08,B031,17,6,1,0,Clear,0.644,21.0,26.8,7.2,Completed
T006968,2026-08-09,R08,B032,18,6,1,0,Clear,0.639,25.0,26.8,10.5,Completed
T006969,2026-08-09,R09,B033,7,6,1,0,Clear,0.199,11.0,63.6,4.0,Completed
T006970,2026-08-09,R09,B033,8,6,1,0,Clear,0.645,13.0,63.6,15.0,Completed
T006971,2026-08-09,R09,B036,9,6,1,0,Clear,0.615,12.0,63.6,7.6,Completed
T006972,2026-08-09,R09,B035,11,6,1,0,Clear,0.129,8.0,63.6,5.3,Completed
T006973,2026-08-09,R09,B036,14,6,1,0,Clear,0.15,8.0,63.6,9.6,Completed
T006974,2026-08-09,R09,B036,17,6,1,0,Clear,0.694,12.0,63.6,7.3,Completed
T006975,2026-08-09,R09,B034,18,6,1,0,Clear,0.679,21.0,63.6,14.9,Completed
T006976,2026-08-09,R09,B034,19,6,1,0,Clear,0.196,15.0,63.6,5.7,Completed
T006977,2026-08-09,R09,B036,20,6,1,0,Clear,0.181,7.0,63.6,3.7,Completed
T006978,2026-08-09,R10,B039,6,6,1,0,Clear,0.196,7.0,38.0,0.6,Completed
T006979,2026-08-09,R10,B037,8,6,1,0,Clear,0.677,16.0,38.0,6.1,Completed
T006980,2026-08-09,R10,B038,9,6,1,0,Clear,0.646,14.0,38.0,10.8,Completed
T006981,2026-08-09,R10,B040,12,6,1,0,Clear,0.181,8.0,38.0,-3.0,Completed
T006982,2026-08-09,R10,B039,13,6,1,0,Clear,0.147,9.0,38.0,3.8,Completed
T006983,2026-08-09,R10,B038,14,6,1,0,Clear,0.119,8.0,38.0,0.7,Completed
T006984,2026-08-09,R10,B039,16,6,1,0,Clear,0.194,10.0,38.0,4.3,Completed
T006985,2026-08-09,R10,B039,17,6,1,0,Clear,0.643,16.0,38.0,6.1,Completed
T006986,2026-08-09,R10,B037,18,6,1,0,Clear,0.695,14.0,38.0,12.2,Completed
T006987,2026-08-09,R10,B040,19,6,1,0,Clear,0.13,18.0,38.0,1.9,Completed
T006988,2026-08-09,R10,B040,21,6,1,0,Clear,0.165,6.0,38.0,4.5,Completed
T006989,2026-08-10,R01,B003,5,0,0,0,Clear,0.3,12.0,50.8,0.6,Completed
T006990,2026-08-10,R01,B002,7,0,0,0,Clear,0.322,25.0,50.8,8.2,Completed
T006991,2026-08-10,R01,B002,8,0,0,0,Clear,0.83,50.0,50.8,12.8,Completed
T006992,2026-08-10,R01,B001,9,0,0,0,Clear,0.844,50.0,50.8,16.1,Completed
T006993,2026-08-10,R01,B001,14,0,0,0,Clear,0.293,25.0,50.8,8.1,Completed
T006994,2026-08-10,R01,B002,15,0,0,0,Clear,0.266,27.0,50.8,5.3,Completed
T006995,2026-08-10,R01,B001,17,0,0,0,Clear,0.758,50.0,50.8,17.1,Completed
T006996,2026-08-10,R01,B004,18,0,0,0,Clear,0.792,50.0,50.8,13.1,Completed
T006997,2026-08-10,R01,B002,19,0,0,0,Clear,0.258,32.0,50.8,1.7,Completed
T006998,2026-08-10,R01,B001,21,0,0,0,Clear,0.287,19.0,50.8,8.6,Completed
T006999,2026-08-10,R02,B006,5,0,0,0,Clear,0.332,10.0,36.4,7.2,Completed
T007000,2026-08-10,R02,B007,7,0,0,0,Clear,0.346,21.0,36.4,3.0,Completed
T007001,2026-08-10,R02,B005,8,0,0,0,Clear,0.785,33.0,36.4,-45.0,Completed
T007002,2026-08-10,R02,B006,9,0,0,0,Clear,0.808,40.0,36.4,13.3,Completed
T007003,2026-08-10,R02,B006,11,0,0,0,Clear,0.31,28.0,36.4,6.2,Completed
T007004,2026-08-10,R02,B006,12,0,0,0,Clear,0.345,23.0,36.4,8.3,Completed
T007005,2026-08-10,R02,B007,13,0,0,0,Clear,0.289,28.0,36.4,5.5,Completed
T007006,2026-08-10,R02,B005,15,0,0,0,Clear,0.257,17.0,36.4,4.7,Completed
T007007,2026-08-10,R02,B006,16,0,0,0,Clear,0.337,27.0,36.4,8.3,Completed
T007008,2026-08-10,R02,B007,17,0,0,0,Clear,0.758,43.0,36.4,9.8,Completed
T007009,2026-08-10,R02,B008,18,0,0,0,Clear,0.805,21.0,36.4,9.6,Completed
T007010,2026-08-10,R02,B005,19,0,0,0,Clear,0.258,27.0,36.4,6.7,Completed
T007011,2026-08-10,R02,B007,21,0,0,0,Clear,0.331,10.0,36.4,0.8,Completed
T007012,2026-08-10,R03,B010,5,0,0,0,Clear,0.267,9.0,58.8,4.7,Completed
T007013,2026-08-10,R03,B011,7,0,0,0,Clear,0.324,23.0,58.8,5.8,Completed
T007014,2026-08-10,R03,B009,8,0,0,0,Clear,0.755,37.0,58.8,15.1,Completed
T007015,2026-08-10,R03,B009,9,0,0,0,Clear,0.831,40.0,58.8,11.4,Completed
T007016,2026-08-10,R03,B011,10,0,0,0,Clear,0.271,34.0,58.8,3.1,Completed
T007017,2026-08-10,R03,B010,11,0,0,0,Clear,0.298,20.0,58.8,2.7,Completed
T007018,2026-08-10,R03,B009,15,0,0,0,Clear,0.32,20.0,58.8,7.6,Completed
T007019,2026-08-10,R03,B010,17,0,0,0,Clear,0.784,50.0,58.8,15.7,Completed
T007020,2026-08-10,R03,B012,18,0,0,0,Clear,0.798,50.0,58.8,13.3,Completed
T007021,2026-08-10,R03,B009,20,0,0,0,Clear,0.317,20.0,58.8,9.9,Completed
T007022,2026-08-10,R04,B014,5,0,0,0,Clear,0.315,10.0,28.4,7.9,Completed
T007023,2026-08-10,R04,B016,6,0,0,0,Clear,0.298,0.0,28.4,,Cancelled
T007024,2026-08-10,R04,B015,8,0,0,0,Clear,0.817,45.0,28.4,17.5,Completed
T007025,2026-08-10,R04,B013,9,0,0,0,Clear,0.836,28.0,28.4,15.9,Completed
T007026,2026-08-10,R04,B014,12,0,0,0,Clear,0.319,,28.4,4.4,Completed
T007027,2026-08-10,R04,B013,13,0,0,0,Clear,0.278,19.0,28.4,2.9,Completed
T007028,2026-08-10,R04,B014,14,0,0,0,Clear,0.346,29.0,28.4,-0.6,Completed
T007029,2026-08-10,R04,B015,15,0,0,0,Clear,0.316,19.0,28.4,7.0,Completed
T007030,2026-08-10,R04,B015,16,0,0,0,Clear,0.349,29.0,28.4,8.0,Completed
T007031,2026-08-10,R04,B015,17,0,0,0,Clear,0.809,30.0,28.4,15.9,Completed
T007032,2026-08-10,R04,B015,18,0,0,0,Clear,0.847,33.0,28.4,15.3,Completed
T007033,2026-08-10,R04,B013,20,0,0,0,Clear,0.319,19.0,28.4,7.8,Completed
T007034,2026-08-10,R05,B017,5,0,0,0,Clear,0.316,7.0,44.4,10.3,Completed
T007035,2026-08-10,R05,B020,8,0,0,0,Clear,0.839,41.0,44.4,13.2,Completed
T007036,2026-08-10,R05,B017,9,0,0,0,Clear,0.757,26.0,44.4,11.1,Completed
T007037,2026-08-10,R05,B017,10,0,0,0,Clear,0.298,19.0,44.4,4.7,Completed
T007038,2026-08-10,R05,B020,12,0,0,0,Clear,0.344,18.0,44.4,6.9,Completed
T007039,2026-08-10,R05,B017,13,0,0,0,Clear,0.26,21.0,44.4,6.0,Completed
T007040,2026-08-10,R05,B018,16,0,0,0,Clear,0.346,18.0,44.4,10.1,Completed
T007041,2026-08-10,R05,B020,17,0,0,0,Clear,0.761,39.0,44.4,6.9,Completed
T007042,2026-08-10,R05,B018,18,0,0,0,Clear,0.754,25.0,44.4,16.0,Completed
T007043,2026-08-10,R06,B024,5,0,0,0,Clear,0.265,10.0,41.2,240.0,Completed
T007044,2026-08-10,R06,B024,7,0,0,0,Clear,0.259,35.0,41.2,9.2,Completed
T007045,2026-08-10,R06,B021,8,0,0,0,Clear,0.782,42.0,41.2,6.7,Completed
T007046,2026-08-10,R06,B023,9,0,0,0,Clear,0.824,49.0,41.2,15.1,Completed
T007047,2026-08-10,R06,B021,12,0,0,0,Clear,0.271,18.0,41.2,7.5,Completed
T007048,2026-08-10,R06,B021,16,0,0,0,Clear,0.262,29.0,41.2,11.5,Completed
T007049,2026-08-10,R06,B024,17,0,0,0,Clear,0.834,49.0,41.2,14.9,Completed
T007050,2026-08-10,R06,B021,18,0,0,0,Clear,0.76,0.0,41.2,,Cancelled
T007051,2026-08-10,R06,B022,19,0,0,0,Clear,0.286,26.0,41.2,4.1,Completed
T007052,2026-08-10,R06,B022,20,0,0,0,Clear,0.281,18.0,41.2,2.9,Completed
T007053,2026-08-10,R07,B026,5,0,0,0,Clear,0.339,4.0,33.2,3.2,Completed
T007054,2026-08-10,R07,B028,8,0,0,0,Clear,0.798,22.0,33.2,16.0,Completed
T007055,2026-08-10,R07,B026,9,0,0,0,Clear,0.759,23.0,33.2,10.3,Completed
T007056,2026-08-10,R07,B025,10,0,0,0,Clear,0.342,24.0,33.2,8.8,Completed
T007057,2026-08-10,R07,B026,12,0,0,0,Clear,0.286,10.0,33.2,12.6,Completed
T007058,2026-08-10,R07,B026,14,0,0,0,Clear,0.307,12.0,33.2,11.4,Completed
T007059,2026-08-10,R07,B025,15,0,0,0,Clear,0.264,13.0,33.2,3.8,Completed
T007060,2026-08-10,R07,B026,16,0,0,0,Clear,,17.0,33.2,6.9,Completed
T007061,2026-08-10,R07,B027,17,0,0,0,Clear,0.787,27.0,33.2,18.4,Completed
T007062,2026-08-10,R07,B025,18,0,0,0,Clear,0.755,30.0,33.2,14.7,Completed
T007063,2026-08-10,R07,B027,19,0,0,0,Clear,0.342,21.0,33.2,1.8,Completed
T007064,2026-08-10,R08,B032,5,0,0,0,Clear,0.333,,26.8,4.8,Completed
T007065,2026-08-10,R08,B029,6,0,0,0,Clear,0.343,11.0,26.8,9.0,Completed
T007066,2026-08-10,R08,B029,8,0,0,0,Clear,0.84,24.0,26.8,10.7,Completed
T007067,2026-08-10,R08,B030,9,0,0,0,Clear,0.813,34.0,26.8,14.4,Completed
T007068,2026-08-10,R08,B030,11,0,0,0,Clear,0.331,16.0,26.8,10.5,Completed
T007069,2026-08-10,R08,B032,14,0,0,0,Clear,0.341,19.0,26.8,3.3,Completed
T007070,2026-08-10,R08,B032,15,0,0,0,Clear,0.35,25.0,26.8,9.8,Completed
T007071,2026-08-10,R08,B031,16,0,0,0,Clear,0.318,27.0,26.8,3.3,Completed
T007072,2026-08-10,R08,B031,17,0,0,0,Clear,0.767,30.0,26.8,10.3,Completed
T007073,2026-08-10,R08,B029,18,0,0,0,Clear,0.844,30.0,26.8,10.8,Completed
T007074,2026-08-10,R08,B031,19,0,0,0,Clear,0.293,24.0,26.8,7.8,Completed
T007075,2026-08-10,R08,B030,20,0,0,0,Clear,0.302,12.0,26.8,8.6,Completed
T007076,2026-08-10,R09,B034,8,0,0,0,Clear,0.817,28.0,63.6,6.8,Completed
T007077,2026-08-10,R09,B033,9,0,0,0,Clear,0.751,36.0,63.6,11.0,Completed
T007078,2026-08-10,R09,B036,12,0,0,0,Clear,0.313,9.0,63.6,4.9,Completed
T007079,2026-08-10,R09,B036,16,0,0,0,Clear,,12.0,63.6,8.7,Completed
T007080,2026-08-10,R09,B036,17,0,0,0,Clear,0.769,17.0,63.6,12.3,Completed
T007081,2026-08-10,R09,B036,18,0,0,0,Clear,0.786,20.0,63.6,17.3,Completed
T007082,2026-08-10,R09,B033,20,0,0,0,Clear,0.289,11.0,63.6,9.6,Completed
T007083,2026-08-10,R10,B039,6,0,0,0,Clear,0.281,8.0,38.0,5.6,Completed
T007084,2026-08-10,R10,B039,7,0,0,0,Clear,0.27,18.0,38.0,3.6,Completed
T007085,2026-08-10,R10,B037,8,0,0,0,Clear,0.791,19.0,38.0,10.7,Completed
T007086,2026-08-10,R10,B039,9,0,0,0,Clear,0.788,32.0,38.0,14.2,Completed
T007087,2026-08-10,R10,B037,11,0,0,0,Clear,0.301,13.0,38.0,1.8,Completed
T007088,2026-08-10,R10,B039,16,0,0,0,Clear,0.307,13.0,38.0,8.5,Completed
T007089,2026-08-10,R10,B038,17,0,0,0,Clear,0.763,23.0,38.0,9.3,Completed
T007090,2026-08-10,R10,B040,18,0,0,0,Clear,0.778,27.0,38.0,10.5,Completed
T007091,2026-08-10,R10,B038,19,0,0,0,Clear,0.308,25.0,38.0,7.0,Completed
T007092,2026-08-10,R10,B038,21,0,0,0,Clear,0.341,5.0,38.0,5.4,Completed
T007093,2026-08-11,R01,B004,6,1,0,0,Rain,0.453,17.0,50.8,14.6,Completed
T007094,2026-08-11,R01,B004,8,1,0,0,Rain,1.0,46.0,50.8,20.4,Completed
T007095,2026-08-11,R01,B004,9,1,0,0,Rain,0.908,45.0,50.8,19.2,Completed
T007096,2026-08-11,R01,B004,10,1,0,0,Rain,0.449,31.0,50.8,13.8,Completed
T007097,2026-08-11,R01,B003,11,1,0,0,Rain,0.498,32.0,50.8,12.2,Completed
T007098,2026-08-11,R01,B003,13,1,0,0,Rain,0.459,29.0,50.8,12.7,Completed
T007099,2026-08-11,R01,B003,14,1,0,0,Rain,0.437,22.0,50.8,12.0,Completed
T007100,2026-08-11,R01,B004,15,1,0,0,Rain,0.403,23.0,50.8,13.7,Completed
T007101,2026-08-11,R01,B001,17,1,0,0,Rain,0.91,46.0,50.8,23.2,Completed
T007102,2026-08-11,R01,B003,18,1,0,0,Rain,0.944,46.0,50.8,16.1,Completed
T007103,2026-08-11,R01,B002,19,1,0,0,Rain,0.444,36.0,50.8,9.7,Completed
T007104,2026-08-11,R01,B004,20,1,0,0,Rain,0.489,,50.8,18.8,Completed
T007105,2026-08-11,R01,B001,21,1,0,0,Rain,,14.0,50.8,11.7,Completed
T007106,2026-08-11,R02,B007,6,1,0,0,Rain,0.445,11.0,36.4,14.7,Completed
T007107,2026-08-11,R02,B008,8,1,0,0,Rain,0.958,36.0,36.4,16.8,Completed
T007108,2026-08-11,R02,B006,9,1,0,0,Rain,0.936,35.0,36.4,14.9,Completed
T007109,2026-08-11,R02,B005,10,1,0,0,Rain,0.497,24.0,36.4,9.8,Completed
T007110,2026-08-11,R02,B007,11,1,0,0,Rain,0.473,21.0,36.4,10.6,Completed
T007111,2026-08-11,R02,B005,12,1,0,0,Rain,0.477,17.0,36.4,12.6,Completed
T007112,2026-08-11,R02,B007,17,1,0,0,Rain,0.96,31.0,36.4,12.1,Completed
T007113,2026-08-11,R02,B006,18,1,0,0,Rain,0.951,0.0,36.4,,Cancelled
T007114,2026-08-11,R02,B008,19,1,0,0,Rain,0.497,25.0,36.4,12.2,Completed
T007115,2026-08-11,R02,B006,20,1,0,0,Rain,0.465,22.0,36.4,17.5,Completed
T007116,2026-08-11,R02,B008,21,1,0,0,Rain,0.493,12.0,36.4,8.6,Completed
T007117,2026-08-11,R03,B012,5,1,0,0,Rain,0.465,9.0,58.8,14.6,Completed
T007118,2026-08-11,R03,B009,7,1,0,0,Rain,0.437,24.0,58.8,8.8,Completed
T007119,2026-08-11,R03,B009,8,1,0,0,Rain,,21.0,58.8,14.7,Completed
T007120,2026-08-11,R03,B009,9,1,0,0,Rain,0.958,35.0,58.8,23.4,Completed
T007121,2026-08-11,R03,B009,12,1,0,0,Rain,0.474,14.0,58.8,18.8,Completed
T007122,2026-08-11,R03,B012,13,1,0,0,Rain,0.413,24.0,58.8,10.6,Completed
T007123,2026-08-11,R03,B012,14,1,0,0,Rain,0.483,26.0,58.8,15.3,Completed
T007124,2026-08-11,R03,B009,15,1,0,0,Rain,0.431,19.0,58.8,13.9,Completed
T007125,2026-08-11,R03,B010,17,1,0,0,Rain,0.974,44.0,58.8,17.1,Completed
T007126,2026-08-11,R03,B009,18,1,0,0,Rain,0.99,27.0,58.8,18.2,Completed
T007127,2026-08-11,R03,B011,19,1,0,0,Rain,0.417,31.0,58.8,10.1,Completed
T007128,2026-08-11,R03,B009,21,1,0,0,Rain,0.44,9.0,58.8,17.2,Completed
T007129,2026-08-11,R04,B016,5,1,0,0,Rain,0.455,5.0,28.4,10.0,Completed
T007130,2026-08-11,R04,B016,8,1,0,0,Rain,0.98,24.0,28.4,15.7,Completed
T007131,2026-08-11,R04,B013,9,1,0,0,Rain,0.988,36.0,28.4,16.2,Completed
T007132,2026-08-11,R04,B014,16,1,0,0,Rain,0.452,25.0,28.4,3.1,Completed
T007133,2026-08-11,R04,B016,17,1,0,0,Rain,0.939,23.0,28.4,13.9,Completed
T007134,2026-08-11,R04,B015,18,1,0,0,Rain,0.919,27.0,28.4,17.8,Completed
T007135,2026-08-11,R04,B015,20,1,0,0,Rain,0.431,10.0,28.4,14.0,Completed
T007136,2026-08-11,R05,B018,5,1,0,0,Rain,0.463,4.0,44.4,11.2,Completed
T007137,2026-08-11,R05,B019,7,1,0,0,Rain,0.425,15.0,44.4,10.8,Completed
T007138,2026-08-11,R05,B017,8,1,0,0,Rain,0.956,29.0,44.4,17.6,Completed
T007139,2026-08-11,R05,B019,9,1,0,0,Rain,0.971,41.0,44.4,14.6,Completed
T007140,2026-08-11,R05,B017,12,1,0,0,Rain,0.431,18.0,44.4,13.5,Completed
T007141,2026-08-11,R05,B019,13,1,0,0,Rain,0.479,17.0,44.4,11.7,Completed
T007142,2026-08-11,R05,B018,14,1,0,0,Rain,0.489,10.0,44.4,16.4,Completed
T007143,2026-08-11,R05,B017,16,1,0,0,Rain,0.412,22.0,44.4,6.1,Completed
T007144,2026-08-11,R05,B017,17,1,0,0,Rain,0.92,29.0,44.4,22.8,Completed
T007145,2026-08-11,R05,B020,18,1,0,0,Rain,0.91,30.0,44.4,16.2,Completed
T007146,2026-08-11,R05,B017,19,1,0,0,Rain,0.477,19.0,44.4,15.2,Completed
T007147,2026-08-11,R05,B017,21,1,0,0,Rain,0.445,6.0,44.4,9.4,Completed
T007148,2026-08-11,R06,B022,5,1,0,0,Rain,0.441,10.0,41.2,8.6,Completed
T007149,2026-08-11,R06,B023,6,1,0,0,Rain,0.47,0.0,41.2,,Cancelled
T007150,2026-08-11,R06,B021,8,1,0,0,Rain,0.921,0.0,41.2,,Cancelled
T007151,2026-08-11,R06,B022,9,1,0,0,Rain,0.914,40.0,41.2,22.0,Completed
T007152,2026-08-11,R06,B021,11,1,0,0,Rain,0.483,17.0,41.2,15.2,Completed
T007153,2026-08-11,R06,B022,13,1,0,0,Rain,0.474,20.0,41.2,180.0,Completed
T007154,2026-08-11,R06,B021,14,1,0,0,Rain,0.477,0.0,41.2,,Cancelled
T007155,2026-08-11,R06,B021,15,1,0,0,Rain,0.473,19.0,41.2,12.0,Completed
T007156,2026-08-11,R06,B023,17,1,0,0,Rain,0.944,45.0,41.2,21.6,Completed
T007157,2026-08-11,R06,B022,18,1,0,0,Rain,0.916,39.0,41.2,12.7,Completed
T007158,2026-08-11,R06,B023,20,1,0,0,Rain,0.419,16.0,41.2,11.6,Completed
T007159,2026-08-11,R07,B028,5,1,0,0,Rain,0.496,3.0,33.2,13.2,Completed
T007160,2026-08-11,R07,B027,6,1,0,0,Rain,0.422,10.0,33.2,13.7,Completed
T007161,2026-08-11,R07,B025,7,1,0,0,Rain,0.448,14.0,33.2,11.9,Completed
T007162,2026-08-11,R07,B025,8,1,0,0,Rain,0.962,23.0,33.2,19.4,Completed
T007163,2026-08-11,R07,B025,9,1,0,0,Rain,0.943,400.0,33.2,26.5,Completed
T007164,2026-08-11,R07,B028,10,1,0,0,Rain,0.441,14.0,33.2,12.1,Completed
T007165,2026-08-11,R07,B028,15,1,0,0,Rain,0.476,14.0,33.2,15.7,Completed
T007166,2026-08-11,R07,B028,17,1,0,0,Rain,0.957,17.0,33.2,15.4,Completed
T007167,2026-08-11,R07,B026,18,1,0,0,Rain,0.905,17.0,33.2,22.0,Completed
T007168,2026-08-11,R08,B030,6,1,0,0,Rain,0.482,9.0,26.8,16.8,Completed
T007169,2026-08-11,R08,B031,7,1,0,0,Rain,0.42,17.0,26.8,9.5,Completed
T007170,2026-08-11,R08,B029,8,1,0,0,Rain,0.96,26.0,26.8,14.9,Completed
T007171,2026-08-11,R08,B030,9,1,0,0,Rain,0.905,29.0,26.8,20.5,Completed
T007172,2026-08-11,R08,B029,10,1,0,0,Rain,0.472,18.0,26.8,9.8,Completed
T007173,2026-08-11,R08,B029,11,1,0,0,Rain,0.459,9.0,26.8,9.3,Completed
T007174,2026-08-11,R08,B030,13,1,0,0,Rain,0.485,16.0,26.8,10.9,Completed
T007175,2026-08-11,R08,B031,14,1,0,0,Rain,0.48,12.0,26.8,6.5,Completed
T007176,2026-08-11,R08,B029,17,1,0,0,Rain,0.968,17.0,26.8,13.6,Completed
T007177,2026-08-11,R08,B030,18,1,0,0,Rain,0.917,33.0,26.8,20.6,Completed
T007178,2026-08-11,R08,B031,20,1,0,0,Rain,0.477,10.0,26.8,8.5,Completed
T007179,2026-08-11,R09,B034,5,1,0,0,Rain,0.459,4.0,63.6,15.6,Completed
T007180,2026-08-11,R09,B033,8,1,0,0,Rain,0.929,24.0,63.6,17.4,Completed
T007181,2026-08-11,R09,B036,9,1,0,0,Rain,0.912,0.0,63.6,,Cancelled
T007182,2026-08-11,R09,B033,10,1,0,0,Rain,0.463,13.0,63.6,10.9,Completed
T007183,2026-08-11,R09,B034,11,1,0,0,Rain,0.419,9.0,63.6,8.5,Completed
T007184,2026-08-11,R09,B035,12,1,0,0,Rain,0.496,11.0,63.6,16.1,Completed
T007185,2026-08-11,R09,B036,15,1,0,0,Rain,0.418,9.0,63.6,11.8,Completed
T007186,2026-08-11,R09,B035,16,1,0,0,Rain,0.41,13.0,63.6,14.2,Completed
T007187,2026-08-11,R09,B035,17,1,0,0,Rain,0.944,20.0,63.6,18.2,Completed
T007188,2026-08-11,R09,B034,18,1,0,0,Rain,0.966,15.0,63.6,18.2,Completed
T007189,2026-08-11,R09,B036,21,1,0,0,Rain,0.473,4.0,63.6,10.5,Completed
T007190,2026-08-11,R10,B038,5,1,0,0,Rain,0.481,5.0,38.0,7.1,Completed
T007191,2026-08-11,R10,B037,6,1,0,0,Rain,0.485,8.0,38.0,5.9,Completed
T007192,2026-08-11,R10,B037,8,1,0,0,Rain,0.913,19.0,38.0,5.8,Completed
T007193,2026-08-11,R10,B040,9,1,0,0,Rain,0.976,37.0,38.0,13.0,Completed
T007194,2026-08-11,R10,B040,11,1,0,0,Rain,0.408,12.0,38.0,11.4,Completed
T007195,2026-08-11,R10,B037,13,1,0,0,Rain,0.443,11.0,38.0,6.0,Completed
T007196,2026-08-11,R10,B039,15,1,0,0,Rain,0.422,12.0,38.0,10.1,Completed
T007197,2026-08-11,R10,B037,17,1,0,0,Rain,0.992,22.0,38.0,14.6,Completed
T007198,2026-08-11,R10,B040,18,1,0,0,Rain,0.998,27.0,38.0,19.6,Completed
T007199,2026-08-11,R10,B040,19,1,0,0,Rain,0.423,24.0,38.0,9.9,Completed
T007200,2026-08-12,R01,B002,8,2,0,0,Rain,,35.0,50.8,29.3,Completed
T007201,2026-08-12,R01,B004,9,2,0,0,Rain,0.958,38.0,50.8,21.2,Completed
T007202,2026-08-12,R01,B001,10,2,0,0,Rain,0.443,28.0,50.8,16.9,Completed
T007203,2026-08-12,R01,B002,17,2,0,0,Rain,0.94,45.0,50.8,15.5,Completed
T007204,2026-08-12,R01,B002,18,2,0,0,Rain,0.949,0.0,50.8,,Cancelled
T007205,2026-08-12,R01,B003,21,2,0,0,Rain,0.462,15.0,50.8,13.6,Completed
T007206,2026-08-12,R02,B007,6,2,0,0,Rain,0.451,0.0,36.4,,Cancelled
T007207,2026-08-12,R02,B008,7,2,0,0,Rain,0.424,22.0,36.4,8.8,Completed
T007208,2026-08-12,R02,B006,8,2,0,0,Rain,0.984,31.0,36.4,21.9,Completed
T007209,2026-08-12,R02,B008,9,2,0,0,Rain,0.944,36.0,36.4,18.7,Completed
T007210,2026-08-12,R02,B007,11,2,0,0,Rain,0.423,14.0,36.4,9.0,Completed
T007211,2026-08-12,R02,B006,13,2,0,0,Rain,0.413,26.0,36.4,11.1,Completed
T007212,2026-08-12,R02,B007,17,2,0,0,Rain,0.939,36.0,36.4,16.6,Completed
T007213,2026-08-12,R02,B005,18,2,0,0,Rain,0.985,,36.4,15.6,Completed
T007214,2026-08-12,R02,B006,19,2,0,0,Rain,0.444,400.0,36.4,13.1,Completed
T007215,2026-08-12,R02,B006,21,2,0,0,Rain,0.45,12.0,36.4,14.7,Completed
T007216,2026-08-12,R03,B010,8,2,0,0,Rain,0.926,43.0,58.8,20.6,Completed
T007217,2026-08-12,R03,B011,9,2,0,0,Rain,0.981,45.0,58.8,17.8,Completed
T007218,2026-08-12,R03,B010,11,2,0,0,Rain,0.467,20.0,58.8,17.8,Completed
T007219,2026-08-12,R03,B012,12,2,0,0,Rain,0.436,30.0,58.8,17.4,Completed
T007220,2026-08-12,R03,B011,14,2,0,0,Rain,0.455,21.0,58.8,14.1,Completed
T007221,2026-08-12,R03,B009,15,2,0,0,Rain,0.453,17.0,58.8,14.7,Completed
T007222,2026-08-12,R03,B010,17,2,0,0,Rain,0.977,0.0,58.8,,Cancelled
T007223,2026-08-12,R03,B010,18,2,0,0,Rain,0.936,42.0,58.8,20.2,Completed
T007224,2026-08-12,R03,B011,20,2,0,0,Rain,0.425,23.0,58.8,17.2,Completed
T007225,2026-08-12,R04,B015,5,2,0,0,Rain,0.432,6.0,28.4,11.1,Completed
T007226,2026-08-12,R04,B015,6,2,0,0,Rain,0.487,,28.4,11.9,Completed
T007227,2026-08-12,R04,B015,7,2,0,0,Rain,0.476,18.0,28.4,11.1,Completed
T007228,2026-08-12,R04,B016,8,2,0,0,Rain,0.901,27.0,28.4,13.5,Completed
T007229,2026-08-12,R04,B016,9,2,0,0,Rain,0.928,23.0,28.4,16.6,Completed
T007230,2026-08-12,R04,B014,11,2,0,0,Rain,0.413,23.0,28.4,14.0,Completed
T007231,2026-08-12,R04,B014,12,2,0,0,Rain,0.429,22.0,28.4,13.6,Completed
T007232,2026-08-12,R04,B016,17,2,0,0,Rain,0.948,0.0,28.4,,Cancelled
T007233,2026-08-12,R04,B014,18,2,0,0,Rain,0.962,37.0,28.4,20.5,Completed
T007234,2026-08-12,R04,B015,20,2,0,0,Rain,0.474,15.0,28.4,6.7,Completed
T007235,2026-08-12,R04,B014,21,2,0,0,Rain,0.488,10.0,28.4,15.4,Completed
T007236,2026-08-12,R05,B018,8,2,0,0,Rain,0.961,22.0,44.4,17.8,Completed
T007237,2026-08-12,R05,B017,9,2,0,0,Rain,0.905,29.0,44.4,13.8,Completed
T007238,2026-08-12,R05,B017,10,2,0,0,Rain,0.466,22.0,44.4,12.5,Completed
T007239,2026-08-12,R05,B020,12,2,0,0,Rain,0.436,12.0,44.4,8.6,Completed
T007240,2026-08-12,R05,B020,13,2,0,0,Rain,0.419,14.0,44.4,11.1,Completed
T007241,2026-08-12,R05,B018,14,2,0,0,Rain,0.467,8.0,44.4,6.0,Completed
T007242,2026-08-12,R05,B020,17,2,0,0,Rain,0.973,23.0,44.4,10.5,Completed
T007243,2026-08-12,R05,B019,18,2,0,0,Rain,0.903,41.0,44.4,19.2,Completed
T007244,2026-08-12,R05,B017,19,2,0,0,Rain,0.47,0.0,44.4,,Cancelled
T007245,2026-08-12,R06,B023,5,2,0,0,Rain,0.455,7.0,41.2,12.4,Completed
T007246,2026-08-12,R06,B021,8,2,0,0,Rain,0.934,37.0,41.2,19.6,Completed
T007247,2026-08-12,R06,B024,9,2,0,0,Rain,0.927,42.0,41.2,13.1,Completed
T007248,2026-08-12,R06,B024,10,2,0,0,,0.443,32.0,41.2,8.9,Completed
T007249,2026-08-12,R06,B022,14,2,0,0,Rain,0.407,11.0,41.2,7.9,Completed
T007250,2026-08-12,R06,B021,15,2,0,0,Rain,0.446,16.0,41.2,11.0,Completed
T007251,2026-08-12,R06,B023,16,2,0,0,Rain,0.419,28.0,41.2,15.8,Completed
T007252,2026-08-12,R06,B023,17,2,0,0,Rain,0.981,44.0,41.2,24.0,Completed
T007253,2026-08-12,R06,B023,18,2,0,0,Rain,0.92,41.0,41.2,18.6,Completed
T007254,2026-08-12,R06,B023,19,2,0,0,Rain,0.416,28.0,41.2,10.2,Completed
T007255,2026-08-12,R07,B027,6,2,0,0,Rain,0.437,0.0,33.2,,Cancelled
T007256,2026-08-12,R07,B026,7,2,0,0,Rain,0.417,10.0,33.2,14.5,Completed
T007257,2026-08-12,R07,B025,8,2,0,0,Rain,0.923,18.0,33.2,16.9,Completed
T007258,2026-08-12,R07,B027,9,2,0,0,Rain,0.955,26.0,33.2,20.2,Completed
T007259,2026-08-12,R07,B028,10,2,0,0,Rain,0.4,,33.2,10.4,Completed
T007260,2026-08-12,R07,B025,12,2,0,0,Rain,0.484,13.0,33.2,14.3,Completed
T007261,2026-08-12,R07,B026,13,2,0,0,Rain,0.401,10.0,33.2,10.7,Completed
T007262,2026-08-12,R07,B026,14,2,0,0,Rain,0.438,8.0,33.2,16.1,Completed
T007263,2026-08-12,R07,B028,17,2,0,0,Rain,0.942,20.0,33.2,16.8,Completed
T007264,2026-08-12,R07,B025,18,2,0,0,Rain,0.986,30.0,33.2,18.6,Completed
T007265,2026-08-12,R07,B028,19,2,0,0,Rain,0.476,13.0,33.2,9.7,Completed
T007266,2026-08-12,R07,B027,20,2,0,0,Rain,0.424,8.0,33.2,7.6,Completed
T007267,2026-08-12,R08,B031,6,2,0,0,Rain,0.447,11.0,26.8,10.3,Completed
T007268,2026-08-12,R08,B030,7,2,0,0,Rain,0.453,15.0,26.8,10.0,Completed
T007269,2026-08-12,R08,B032,8,2,0,0,Rain,0.909,32.0,26.8,15.8,Completed
T007270,2026-08-12,R08,B030,9,2,0,0,Rain,,28.0,26.8,20.9,Completed
T007271,2026-08-12,R08,B030,10,2,0,0,Rain,0.43,15.0,26.8,8.5,Completed
T007272,2026-08-12,R08,B030,12,2,0,0,Rain,0.478,15.0,26.8,11.1,Completed
T007273,2026-08-12,R08,B030,15,2,0,0,Rain,0.405,15.0,26.8,14.4,Completed
T007274,2026-08-12,R08,B032,16,2,0,0,Rain,0.414,27.0,26.8,13.8,Completed
T007275,2026-08-12,R08,B030,17,2,0,0,Rain,0.95,22.0,26.8,15.3,Completed
T007276,2026-08-12,R08,B031,18,2,0,0,Rain,0.927,32.0,26.8,13.0,Completed
T007277,2026-08-12,R08,B032,19,2,0,0,Rain,0.466,27.0,26.8,9.3,Completed
T007278,2026-08-12,R08,B032,20,2,0,0,Rain,0.408,11.0,26.8,14.1,Completed
T007279,2026-08-12,R08,B031,21,2,0,0,Rain,0.414,10.0,26.8,12.5,Completed
T007280,2026-08-12,R09,B034,7,2,0,0,Rain,0.467,15.0,63.6,12.3,Completed
T007281,2026-08-12,R09,B036,8,2,0,0,Rain,0.921,15.0,63.6,27.9,Completed
T007282,2026-08-12,R09,B036,9,2,0,0,Rain,0.962,18.0,63.6,21.6,Completed
T007283,2026-08-12,R09,B036,13,2,0,0,Rain,0.46,11.0,63.6,13.0,Completed
T007284,2026-08-12,R09,B035,14,2,0,0,Rain,0.5,10.0,63.6,12.9,Completed
T007285,2026-08-12,R09,B036,17,2,0,0,Rain,0.914,10.0,63.6,18.1,Completed
T007286,2026-08-12,R09,B036,18,2,0,0,Rain,0.925,20.0,63.6,19.4,Completed
T007287,2026-08-12,R09,B034,20,2,0,0,Rain,0.444,8.0,63.6,13.9,Completed
T007288,2026-08-12,R10,B040,6,2,0,0,Rain,0.417,8.0,38.0,11.0,Completed
T007289,2026-08-12,R10,B037,8,2,0,0,Rain,0.905,19.0,38.0,16.3,Completed
T007290,2026-08-12,R10,B040,9,2,0,0,Rain,0.997,23.0,38.0,15.4,Completed
T007291,2026-08-12,R10,B038,11,2,0,0,Rain,0.438,10.0,38.0,6.8,Completed
T007292,2026-08-12,R10,B039,13,2,0,0,Rain,0.438,16.0,38.0,9.0,Completed
T007293,2026-08-12,R10,B037,15,2,0,0,Rain,0.421,12.0,38.0,8.4,Completed
T007294,2026-08-12,R10,B037,16,2,0,0,Rain,0.422,13.0,38.0,11.3,Completed
T007295,2026-08-12,R10,B037,17,2,0,0,Rain,0.989,22.0,38.0,14.5,Completed
T007296,2026-08-12,R10,B040,18,2,0,0,Rain,0.957,28.0,38.0,16.1,Completed
T007297,2026-08-12,R10,B038,19,2,0,0,Rain,0.472,9.0,38.0,8.1,Completed
T007298,2026-08-13,R01,B003,5,3,0,0,Heat,0.29,15.0,50.8,5.2,Completed
T007299,2026-08-13,R01,B001,6,3,0,0,Heat,0.256,17.0,50.8,9.7,Completed
T007300,2026-08-13,R01,B004,8,3,0,0,Heat,,50.0,50.8,16.4,Completed
T007301,2026-08-13,R01,B004,9,3,0,0,Heat,0.788,50.0,50.8,15.2,Completed
T007302,2026-08-13,R01,B002,11,3,0,0,Heat,0.26,0.0,50.8,,Cancelled
T007303,2026-08-13,R01,B004,14,3,0,0,Heat,0.325,27.0,50.8,9.0,Completed
T007304,2026-08-13,R01,B004,17,3,0,0,Heat,0.831,50.0,50.8,8.6,Completed
T007305,2026-08-13,R01,B001,18,3,0,0,Heat,0.828,40.0,50.8,12.3,Completed
T007306,2026-08-13,R01,B001,19,3,0,0,Heat,0.307,44.0,50.8,13.1,Completed
T007307,2026-08-13,R02,B005,7,3,0,0,Heat,0.314,19.0,36.4,6.2,Completed
T007308,2026-08-13,R02,B008,8,3,0,0,Heat,0.81,33.0,36.4,14.2,Completed
T007309,2026-08-13,R02,B005,9,3,0,0,Heat,0.824,37.0,36.4,11.9,Completed
T007310,2026-08-13,R02,B007,11,3,0,0,Heat,0.342,19.0,36.4,10.2,Completed
T007311,2026-08-13,R02,B008,13,3,0,0,Heat,0.335,18.0,36.4,5.3,Completed
T007312,2026-08-13,R02,B006,15,3,0,0,Heat,0.294,26.0,36.4,5.2,Completed
T007313,2026-08-13,R02,B008,16,3,0,0,Heat,0.344,0.0,36.4,,Cancelled
T007314,2026-08-13,R02,B005,17,3,0,0,Heat,0.752,34.0,36.4,12.9,Completed
T007315,2026-08-13,R02,B007,18,3,0,0,Heat,0.787,36.0,36.4,7.1,Completed
T007316,2026-08-13,R02,B007,19,3,0,0,Heat,0.342,29.0,36.4,0.2,Completed
T007317,2026-08-13,R02,B006,20,3,0,0,Heat,0.303,19.0,36.4,2.8,Completed
T007318,2026-08-13,R02,B008,21,3,0,0,Heat,0.334,12.0,36.4,10.2,Completed
T007319,2026-08-13,R03,B012,5,3,0,0,Heat,0.252,11.0,58.8,-45.0,Completed
T007320,2026-08-13,R03,B012,8,3,0,0,Heat,0.82,40.0,58.8,11.7,Completed
T007321,2026-08-13,R03,B012,9,3,0,0,Heat,0.832,60.0,58.8,11.9,Completed
T007322,2026-08-13,R03,B009,12,3,0,0,Heat,0.349,17.0,58.8,9.4,Completed
T007323,2026-08-13,R03,B010,13,3,0,0,Heat,0.284,22.0,58.8,6.5,Completed
T007324,2026-08-13,R03,B009,14,3,0,0,Heat,0.257,17.0,58.8,9.5,Completed
T007325,2026-08-13,R03,B010,15,3,0,0,Heat,0.307,26.0,58.8,4.0,Completed
T007326,2026-08-13,R03,B011,17,3,0,0,Heat,0.823,29.0,58.8,14.8,Completed
T007327,2026-08-13,R03,B009,18,3,0,0,Heat,0.772,40.0,58.8,15.1,Completed
T007328,2026-08-13,R03,B011,19,3,0,0,Heat,0.314,25.0,58.8,2.3,Completed
T007329,2026-08-13,R04,B013,5,3,0,0,Heat,0.28,7.0,28.4,6.6,Completed
T007330,2026-08-13,R04,B015,6,3,0,0,Heat,0.317,11.0,28.4,6.2,Completed
T007331,2026-08-13,R04,B015,7,3,0,0,Heat,0.323,24.0,28.4,6.8,Completed
T007332,2026-08-13,R04,B013,8,3,0,0,,0.844,33.0,28.4,14.6,Completed
T007333,2026-08-13,R04,B013,9,3,0,0,Heat,0.825,34.0,28.4,13.2,Completed
T007334,2026-08-13,R04,B015,11,3,0,0,Heat,0.278,15.0,28.4,8.4,Completed
T007335,2026-08-13,R04,B016,16,3,0,0,Heat,0.29,22.0,28.4,6.0,Completed
T007336,2026-08-13,R04,B014,17,3,0,0,Heat,0.801,41.0,28.4,11.4,Completed
T007337,2026-08-13,R04,B014,18,3,0,0,Heat,0.812,49.0,28.4,12.4,Completed
T007338,2026-08-13,R05,B018,5,3,0,0,Heat,0.333,5.0,44.4,5.3,Completed
T007339,2026-08-13,R05,B020,6,3,0,0,Heat,0.31,12.0,44.4,7.2,Completed
T007340,2026-08-13,R05,B018,7,3,0,0,Heat,0.348,18.0,44.4,15.6,Completed
T007341,2026-08-13,R05,B017,8,3,0,0,Heat,0.756,32.0,44.4,11.6,Completed
T007342,2026-08-13,R05,B019,9,3,0,0,Heat,0.767,0.0,44.4,,Cancelled
T007343,2026-08-13,R05,B018,10,3,0,0,Heat,0.333,17.0,44.4,4.3,Completed
T007344,2026-08-13,R05,B020,11,3,0,0,Heat,0.297,13.0,44.4,7.0,Completed
T007345,2026-08-13,R05,B019,13,3,0,0,Heat,0.314,21.0,44.4,1.8,Completed
T007346,2026-08-13,R05,B020,16,3,0,0,Heat,0.262,20.0,44.4,3.4,Completed
T007347,2026-08-13,R05,B018,17,3,0,0,Heat,0.825,24.0,44.4,12.7,Completed
T007348,2026-08-13,R05,B020,18,3,0,0,Heat,0.776,31.0,44.4,9.1,Completed
T007349,2026-08-13,R05,B018,20,3,0,0,Heat,0.285,9.0,44.4,8.4,Completed
T007350,2026-08-13,R05,B017,21,3,0,0,Heat,0.288,7.0,44.4,5.5,Completed
T007351,2026-08-13,R06,B023,5,3,0,0,Heat,0.3,10.0,41.2,8.2,Completed
T007352,2026-08-13,R06,B024,6,3,0,0,Heat,0.264,17.0,41.2,5.0,Completed
T007353,2026-08-13,R06,B024,8,3,0,0,Heat,0.837,35.0,41.2,16.3,Completed
T007354,2026-08-13,R06,B021,9,3,0,0,Heat,0.777,50.0,41.2,13.4,Completed
T007355,2026-08-13,R06,B024,10,3,0,0,Heat,0.251,28.0,41.2,6.6,Completed
T007356,2026-08-13,R06,B023,13,3,0,0,Heat,0.281,30.0,41.2,8.5,Completed
T007357,2026-08-13,R06,B024,17,3,0,0,Heat,0.826,56.0,41.2,9.5,Completed
T007358,2026-08-13,R06,B024,18,3,0,0,Heat,0.759,36.0,41.2,12.8,Completed
T007359,2026-08-13,R07,B026,5,3,0,0,Heat,0.284,5.0,33.2,10.5,Completed
T007360,2026-08-13,R07,B028,8,3,0,0,Heat,0.847,24.0,33.2,15.1,Completed
T007361,2026-08-13,R07,B028,9,3,0,0,Heat,0.782,25.0,33.2,12.7,Completed
T007362,2026-08-13,R07,B028,11,3,0,0,Heat,0.284,13.0,33.2,10.2,Completed
T007363,2026-08-13,R07,B028,13,3,0,0,Heat,0.281,11.0,33.2,6.6,Completed
T007364,2026-08-13,R07,B025,17,3,0,0,Heat,0.808,22.0,33.2,13.1,Completed
T007365,2026-08-13,R07,B028,18,3,0,0,Heat,0.752,25.0,33.2,13.8,Completed
T007366,2026-08-13,R07,B027,19,3,0,0,Heat,0.285,17.0,33.2,9.5,Completed
T007367,2026-08-13,R08,B030,6,3,0,0,Heat,0.282,11.0,26.8,4.0,Completed
T007368,2026-08-13,R08,B029,7,3,0,0,Heat,0.301,12.0,26.8,5.8,Completed
T007369,2026-08-13,R08,B031,8,3,0,0,Heat,0.777,29.0,26.8,14.1,Completed
T007370,2026-08-13,R08,B031,9,3,0,0,Heat,0.785,26.0,26.8,10.7,Completed
T007371,2026-08-13,R08,B030,10,3,0,0,Heat,0.347,15.0,26.8,8.5,Completed
T007372,2026-08-13,R08,B029,13,3,0,0,Heat,0.302,16.0,26.8,7.1,Completed
T007373,2026-08-13,R08,B029,14,3,0,0,Heat,0.299,8.0,26.8,3.5,Completed
T007374,2026-08-13,R08,B029,15,3,0,0,Heat,0.322,15.0,26.8,6.6,Completed
T007375,2026-08-13,R08,B029,17,3,0,0,Heat,0.794,28.0,26.8,10.8,Completed
T007376,2026-08-13,R08,B030,18,3,0,0,Heat,0.835,24.0,26.8,11.2,Completed
T007377,2026-08-13,R09,B035,6,3,0,0,Heat,0.298,6.0,63.6,6.5,Completed
T007378,2026-08-13,R09,B036,8,3,0,0,Heat,0.835,17.0,63.6,14.0,Completed
T007379,2026-08-13,R09,B036,9,3,0,0,Heat,0.833,21.0,63.6,14.1,Completed
T007380,2026-08-13,R09,B033,10,3,0,0,Heat,0.29,11.0,63.6,8.0,Completed
T007381,2026-08-13,R09,B033,16,3,0,0,Heat,0.296,15.0,63.6,4.1,Completed
T007382,2026-08-13,R09,B034,17,3,0,0,Heat,0.766,20.0,63.6,11.8,Completed
T007383,2026-08-13,R09,B035,18,3,0,0,Heat,0.775,25.0,63.6,13.7,Completed
T007384,2026-08-13,R09,B036,20,3,0,0,Heat,0.294,8.0,63.6,5.2,Completed
T007385,2026-08-13,R09,B033,21,3,0,0,Heat,0.289,5.0,63.6,8.5,Completed
T007386,2026-08-13,R10,B037,5,3,0,0,Heat,0.262,4.0,38.0,0.2,Completed
T007387,2026-08-13,R10,B038,7,3,0,0,Heat,0.307,17.0,38.0,6.6,Completed
T007388,2026-08-13,R10,B039,8,3,0,0,Heat,0.815,20.0,38.0,9.9,Completed
T007389,2026-08-13,R10,B040,9,3,0,0,Heat,0.791,33.0,38.0,6.1,Completed
T007390,2026-08-13,R10,B039,10,3,0,0,Heat,0.272,12.0,38.0,2.5,Completed
T007391,2026-08-13,R10,B039,12,3,0,0,Heat,0.262,13.0,38.0,-2.3,Completed
T007392,2026-08-13,R10,B037,17,3,0,0,Heat,0.834,21.0,38.0,10.3,Completed
T007393,2026-08-13,R10,B038,18,3,0,0,Heat,0.775,17.0,38.0,9.7,Completed
T007394,2026-08-13,R10,B037,20,3,0,0,Heat,0.336,11.0,38.0,7.6,Completed
T007395,2026-08-13,R10,B037,21,3,0,0,Heat,0.292,5.0,38.0,6.5,Completed
T007396,2026-08-14,R01,B004,5,4,0,1,Heat,0.18,7.0,50.8,2.8,Completed
T007397,2026-08-14,R01,B004,6,4,0,1,Heat,0.106,13.0,50.8,7.4,Completed
T007398,2026-08-14,R01,B001,7,4,0,1,Heat,0.189,19.0,50.8,9.8,Completed
T007399,2026-08-14,R01,B002,8,4,0,1,Heat,0.691,35.0,50.8,6.5,Completed
T007400,2026-08-14,R01,B003,9,4,0,1,Heat,0.601,43.0,50.8,9.0,Completed
T007401,2026-08-14,R01,B001,13,4,0,1,Heat,0.161,24.0,50.8,4.0,Completed
T007402,2026-08-14,R01,B004,17,4,0,1,Heat,0.69,33.0,50.8,13.2,Completed
T007403,2026-08-14,R01,B003,18,4,0,1,Heat,0.626,49.0,50.8,8.0,Completed
T007404,2026-08-14,R01,B002,20,4,0,1,Heat,0.128,12.0,50.8,3.0,Completed
T007405,2026-08-14,R01,B001,21,4,0,1,Heat,0.15,9.0,50.8,9.8,Completed
T007406,2026-08-14,R02,B008,6,4,0,1,Heat,0.146,13.0,36.4,2.7,Completed
T007407,2026-08-14,R02,B007,8,4,0,1,Heat,0.61,31.0,36.4,9.9,Completed
T007408,2026-08-14,R02,B006,9,4,0,1,Heat,0.641,31.0,36.4,16.3,Completed
T007409,2026-08-14,R02,B006,10,4,0,1,Heat,0.123,30.0,36.4,2.9,Completed
T007410,2026-08-14,R02,B007,11,4,0,1,Heat,0.147,13.0,36.4,1.8,Completed
T007411,2026-08-14,R02,B005,13,4,0,1,Heat,0.142,12.0,36.4,0.7,Completed
T007412,2026-08-14,R02,B005,14,4,0,1,Heat,0.153,,36.4,8.6,Completed
T007413,2026-08-14,R02,B007,17,4,0,1,Heat,0.617,21.0,36.4,8.7,Completed
T007414,2026-08-14,R02,B008,18,4,0,1,Heat,0.613,28.0,36.4,10.1,Completed
T007415,2026-08-14,R02,B005,19,4,0,1,Heat,0.195,15.0,36.4,1.7,Completed
T007416,2026-08-14,R02,B005,21,4,0,1,Heat,0.166,7.0,36.4,2.9,Completed
T007417,2026-08-14,R03,B009,7,4,0,1,Heat,0.117,15.0,58.8,6.9,Completed
T007418,2026-08-14,R03,B010,8,4,0,1,Heat,0.679,25.0,58.8,8.7,Completed
T007419,2026-08-14,R03,B011,9,4,0,1,Heat,0.678,22.0,58.8,11.4,Completed
T007420,2026-08-14,R03,B009,11,4,0,1,Heat,0.155,11.0,58.8,8.6,Completed
T007421,2026-08-14,R03,B011,13,4,0,1,Heat,0.183,11.0,58.8,5.3,Completed
T007422,2026-08-14,R03,B012,14,4,0,1,Heat,0.104,16.0,58.8,9.8,Completed
T007423,2026-08-14,R03,B010,15,4,0,1,Heat,0.14,21.0,58.8,3.5,Completed
T007424,2026-08-14,R03,B009,16,4,0,1,Heat,0.193,19.0,58.8,6.4,Completed
T007425,2026-08-14,R03,B011,17,4,0,1,Heat,0.673,32.0,58.8,9.9,Completed
T007426,2026-08-14,R03,B012,18,4,0,1,Heat,0.657,34.0,58.8,9.1,Completed
T007427,2026-08-14,R03,B009,19,4,0,1,Heat,0.195,15.0,58.8,4.1,Completed
T007428,2026-08-14,R03,B011,20,4,0,1,Heat,0.13,9.0,58.8,1.8,Completed
T007429,2026-08-14,R03,B012,21,4,0,1,Heat,0.12,0.0,58.8,,Cancelled
T007430,2026-08-14,R04,B016,7,4,0,1,Heat,0.167,8.0,28.4,6.0,Completed
T007431,2026-08-14,R04,B014,8,4,0,1,Heat,0.602,35.0,28.4,10.2,Completed
T007432,2026-08-14,R04,B014,9,4,0,1,Heat,0.693,35.0,28.4,6.6,Completed
T007433,2026-08-14,R04,B014,10,4,0,1,Heat,0.147,27.0,28.4,5.5,Completed
T007434,2026-08-14,R04,B015,13,4,0,1,Heat,0.112,13.0,28.4,4.8,Completed
T007435,2026-08-14,R04,B016,17,4,0,1,Heat,0.682,18.0,28.4,13.7,Completed
T007436,2026-08-14,R04,B013,18,4,0,1,Heat,0.665,22.0,28.4,11.1,Completed
T007437,2026-08-14,R04,B014,20,4,0,1,Heat,0.168,10.0,28.4,0.4,Completed
T007438,2026-08-14,R05,B017,5,4,0,1,Heat,0.103,5.0,44.4,-45.0,Completed
T007439,2026-08-14,R05,B020,6,4,0,1,Heat,0.192,10.0,44.4,3.8,Completed
T007440,2026-08-14,R05,B019,8,4,0,1,Heat,0.622,27.0,44.4,8.9,Completed
T007441,2026-08-14,R05,B018,9,4,0,1,Heat,0.696,15.0,44.4,6.4,Completed
T007442,2026-08-14,R05,B017,10,4,0,1,Heat,0.142,13.0,44.4,0.4,Completed
T007443,2026-08-14,R05,B018,11,4,0,1,Heat,0.114,10.0,44.4,-0.2,Completed
T007444,2026-08-14,R05,B018,12,4,0,1,Heat,0.135,9.0,44.4,3.4,Completed
T007445,2026-08-14,R05,B018,13,4,0,1,Heat,0.128,10.0,44.4,1.8,Completed
T007446,2026-08-14,R05,B018,17,4,0,1,Heat,0.635,19.0,44.4,7.7,Completed
T007447,2026-08-14,R05,B020,18,4,0,1,Heat,0.65,17.0,44.4,10.8,Completed
T007448,2026-08-14,R05,B019,20,4,0,1,Heat,0.101,14.0,44.4,2.0,Completed
T007449,2026-08-14,R06,B021,8,4,0,1,Heat,0.67,24.0,41.2,13.4,Completed
T007450,2026-08-14,R06,B022,9,4,0,1,Heat,0.675,23.0,41.2,9.2,Completed
T007451,2026-08-14,R06,B022,13,4,0,1,Heat,0.185,13.0,41.2,6.3,Completed
T007452,2026-08-14,R06,B023,14,4,0,1,Heat,0.192,15.0,41.2,4.3,Completed
T007453,2026-08-14,R06,B022,16,4,0,1,Heat,0.122,18.0,41.2,13.1,Completed
T007454,2026-08-14,R06,B021,17,4,0,1,Heat,0.668,27.0,41.2,11.9,Completed
T007455,2026-08-14,R06,B021,18,4,0,1,Heat,0.621,34.0,41.2,14.5,Completed
T007456,2026-08-14,R06,B022,20,4,0,1,Heat,0.191,10.0,41.2,0.1,Completed
T007457,2026-08-14,R07,B028,5,4,0,1,Heat,0.152,3.0,33.2,3.0,Completed
T007458,2026-08-14,R07,B028,6,4,0,1,Heat,0.185,5.0,33.2,2.0,Completed
T007459,2026-08-14,R07,B028,7,4,0,1,Heat,0.165,7.0,33.2,5.3,Completed
T007460,2026-08-14,R07,B028,8,4,0,1,Heat,0.654,17.0,33.2,5.7,Completed
T007461,2026-08-14,R07,B025,9,4,0,1,Heat,0.69,17.0,33.2,12.9,Completed
T007462,2026-08-14,R07,B026,10,4,0,1,Heat,0.114,4.0,33.2,2.5,Completed
T007463,2026-08-14,R07,B026,15,4,0,1,Heat,0.162,9.0,33.2,6.4,Completed
T007464,2026-08-14,R07,B027,17,4,0,1,Heat,0.666,18.0,33.2,13.3,Completed
T007465,2026-08-14,R07,B025,18,4,0,1,Heat,0.634,20.0,33.2,11.6,Completed
T007466,2026-08-14,R07,B026,21,4,0,1,Heat,0.172,3.0,33.2,3.6,Completed
T007467,2026-08-14,R08,B031,5,4,0,1,Heat,0.169,4.0,26.8,1.6,Completed
T007468,2026-08-14,R08,B030,8,4,0,1,Heat,0.657,19.0,26.8,12.1,Completed
T007469,2026-08-14,R08,B031,9,4,0,1,Heat,0.607,29.0,26.8,8.6,Completed
T007470,2026-08-14,R08,B030,10,4,0,1,Heat,0.194,12.0,26.8,5.4,Completed
T007471,2026-08-14,R08,B032,11,4,0,1,Heat,0.175,13.0,26.8,4.7,Completed
T007472,2026-08-14,R08,B029,13,4,0,1,Heat,0.109,9.0,26.8,4.0,Completed
T007473,2026-08-14,R08,B032,14,4,0,1,Heat,0.113,12.0,26.8,4.5,Completed
T007474,2026-08-14,R08,B029,15,4,0,1,Heat,0.141,7.0,26.8,5.6,Completed
T007475,2026-08-14,R08,B030,17,4,0,1,Heat,0.64,16.0,26.8,8.3,Completed
T007476,2026-08-14,R08,B032,18,4,0,1,Heat,0.645,23.0,26.8,10.4,Completed
T007477,2026-08-14,R08,B029,19,4,0,1,Heat,,15.0,26.8,-2.5,Completed
T007478,2026-08-14,R08,B032,20,4,0,1,Heat,0.127,9.0,26.8,8.3,Completed
T007479,2026-08-14,R08,B029,21,4,0,1,Heat,0.193,4.0,26.8,6.9,Completed
T007480,2026-08-14,R09,B036,5,4,0,1,Heat,0.104,3.0,63.6,4.2,Completed
T007481,2026-08-14,R09,B034,6,4,0,1,Heat,0.196,7.0,63.6,240.0,Completed
T007482,2026-08-14,R09,B035,8,4,0,1,Heat,0.659,11.0,63.6,13.4,Completed
T007483,2026-08-14,R09,B033,9,4,0,1,Heat,0.635,21.0,63.6,6.9,Completed
T007484,2026-08-14,R09,B036,12,4,0,1,Heat,0.112,5.0,63.6,17.2,Completed
T007485,2026-08-14,R09,B033,13,4,0,1,Heat,0.163,9.0,63.6,4.4,Completed
T007486,2026-08-14,R09,B036,14,4,0,1,Heat,0.147,6.0,63.6,2.4,Completed
T007487,2026-08-14,R09,B035,15,4,0,1,Heat,0.158,10.0,63.6,8.8,Completed
T007488,2026-08-14,R09,B034,16,4,0,1,Heat,0.183,13.0,63.6,6.7,Completed
T007489,2026-08-14,R09,B036,17,4,0,1,Heat,0.641,12.0,63.6,12.8,Completed
T007490,2026-08-14,R09,B035,18,4,0,1,Heat,0.682,13.0,63.6,10.0,Completed
T007491,2026-08-14,R09,B033,19,4,0,1,Heat,0.178,0.0,63.6,,Cancelled
T007492,2026-08-14,R10,B038,5,4,0,1,Heat,0.123,3.0,38.0,-0.2,Completed
T007493,2026-08-14,R10,B039,6,4,0,1,Heat,0.127,7.0,38.0,0.9,Completed
T007494,2026-08-14,R10,B040,7,4,0,1,Heat,0.195,12.0,38.0,7.8,Completed
T007495,2026-08-14,R10,B040,8,4,0,1,Heat,0.637,14.0,38.0,7.3,Completed
T007496,2026-08-14,R10,B037,9,4,0,1,Heat,0.602,18.0,38.0,6.3,Completed
T007497,2026-08-14,R10,B040,12,4,0,1,Heat,0.167,10.0,38.0,-2.2,Completed
T007498,2026-08-14,R10,B038,13,4,0,1,Heat,0.152,15.0,38.0,3.0,Completed
T007499,2026-08-14,R10,B040,15,4,0,1,Heat,0.196,13.0,38.0,240.0,Completed
T007500,2026-08-14,R10,B037,17,4,0,1,Heat,0.648,15.0,38.0,11.3,Completed
T007501,2026-08-14,R10,B037,18,4,0,1,Heat,0.669,14.0,38.0,11.4,Completed
T007502,2026-08-14,R10,B040,19,4,0,1,Heat,0.105,15.0,38.0,5.8,Completed
T007503,2026-08-15,R01,B004,5,5,1,0,Clear,0.143,8.0,50.8,3.0,Completed
T007504,2026-08-15,R01,B001,6,5,1,0,Clear,0.153,16.0,50.8,9.6,Completed
T007505,2026-08-15,R01,B003,7,5,1,0,Clear,0.199,34.0,50.8,4.2,Completed
T007506,2026-08-15,R01,B002,8,5,1,0,Clear,0.671,40.0,50.8,14.4,Completed
T007507,2026-08-15,R01,B003,9,5,1,0,Clear,0.677,52.0,50.8,7.3,Completed
T007508,2026-08-15,R01,B003,11,5,1,0,Clear,0.128,22.0,50.8,0.6,Completed
T007509,2026-08-15,R01,B002,13,5,1,0,Clear,0.147,22.0,50.8,4.8,Completed
T007510,2026-08-15,R01,B002,15,5,1,0,Clear,0.128,19.0,50.8,2.0,Completed
T007511,2026-08-15,R01,B003,16,5,1,0,Clear,0.14,23.0,50.8,5.2,Completed
T007512,2026-08-15,R01,B004,17,5,1,0,Clear,0.626,37.0,50.8,13.1,Completed
T007513,2026-08-15,R01,B003,18,5,1,0,Clear,0.655,51.0,50.8,12.0,Completed
T007514,2026-08-15,R01,B004,19,5,1,0,Clear,,25.0,50.8,9.2,Completed
T007515,2026-08-15,R01,B002,21,5,1,0,Clear,0.154,9.0,50.8,3.6,Completed
T007516,2026-08-15,R02,B008,5,5,1,0,Clear,0.134,5.0,36.4,0.4,Completed
T007517,2026-08-15,R02,B005,6,5,1,0,Clear,0.118,8.0,36.4,4.3,Completed
T007518,2026-08-15,R02,B006,7,5,1,0,Clear,0.104,22.0,36.4,4.5,Completed
T007519,2026-08-15,R02,B006,8,5,1,0,Clear,0.683,30.0,36.4,17.1,Completed
T007520,2026-08-15,R02,B006,9,5,1,0,Clear,0.627,39.0,36.4,12.3,Completed
T007521,2026-08-15,R02,B005,14,5,1,0,Clear,0.197,14.0,36.4,4.4,Completed
T007522,2026-08-15,R02,B005,17,5,1,0,Clear,0.697,27.0,36.4,9.2,Completed
T007523,2026-08-15,R02,B007,18,5,1,0,Clear,0.659,30.0,36.4,4.2,Completed
T007524,2026-08-15,R03,B010,8,5,1,0,Clear,0.619,22.0,58.8,12.8,Completed
T007525,2026-08-15,R03,B012,9,5,1,0,Clear,0.679,30.0,58.8,12.8,Completed
T007526,2026-08-15,R03,B009,13,5,1,0,Clear,0.192,15.0,58.8,4.9,Completed
T007527,2026-08-15,R03,B010,14,5,1,0,Clear,0.109,16.0,58.8,2.9,Completed
T007528,2026-08-15,R03,B010,17,5,1,0,Clear,0.616,31.0,58.8,14.9,Completed
T007529,2026-08-15,R03,B012,18,5,1,0,Clear,0.692,32.0,58.8,14.3,Completed
T007530,2026-08-15,R03,B011,20,5,1,0,Clear,0.138,14.0,58.8,4.8,Completed
T007531,2026-08-15,R04,B014,6,5,1,0,Clear,0.182,11.0,28.4,4.4,Completed
T007532,2026-08-15,R04,B013,8,5,1,0,Clear,0.649,,28.4,10.2,Completed
T007533,2026-08-15,R04,B014,9,5,1,0,Clear,0.637,24.0,28.4,14.6,Completed
T007534,2026-08-15,R04,B015,13,5,1,0,Clear,0.198,13.0,28.4,7.2,Completed
T007535,2026-08-15,R04,B015,17,5,1,0,Clear,0.666,26.0,28.4,11.3,Completed
T007536,2026-08-15,R04,B014,18,5,1,0,Clear,0.615,40.0,28.4,2.7,Completed
T007537,2026-08-15,R04,B015,19,5,1,0,Clear,0.168,14.0,28.4,4.9,Completed
T007538,2026-08-15,R05,B018,8,5,1,0,Clear,0.613,17.0,44.4,10.8,Completed
T007539,2026-08-15,R05,B020,9,5,1,0,Clear,0.629,22.0,44.4,14.5,Completed
T007540,2026-08-15,R05,B019,10,5,1,0,Clear,0.197,18.0,44.4,7.5,Completed
T007541,2026-08-15,R05,B020,11,5,1,0,Clear,0.151,13.0,44.4,5.4,Completed
T007542,2026-08-15,R05,B020,13,5,1,0,Clear,0.156,12.0,44.4,1.0,Completed
T007543,2026-08-15,R05,B018,16,5,1,0,Clear,0.145,13.0,44.4,2.1,Completed
T007544,2026-08-15,R05,B017,17,5,1,0,Clear,0.606,17.0,44.4,14.6,Completed
T007545,2026-08-15,R05,B020,18,5,1,0,Clear,0.645,20.0,44.4,7.4,Completed
T007546,2026-08-15,R05,B019,20,5,1,0,Clear,0.133,14.0,44.4,8.0,Completed
T007547,2026-08-15,R05,B019,21,5,1,0,Clear,0.187,10.0,44.4,2.0,Completed
T007548,2026-08-15,R06,B023,8,5,1,0,Clear,0.678,29.0,41.2,12.0,Completed
T007549,2026-08-15,R06,B022,9,5,1,0,Clear,0.6,27.0,41.2,11.0,Completed
T007550,2026-08-15,R06,B021,10,5,1,0,Clear,0.196,14.0,41.2,9.3,Completed
T007551,2026-08-15,R06,B021,12,5,1,0,Clear,0.18,14.0,41.2,11.0,Completed
T007552,2026-08-15,R06,B024,13,5,1,0,Clear,0.158,17.0,41.2,-3.0,Completed
T007553,2026-08-15,R06,B021,15,5,1,0,Clear,0.16,16.0,41.2,8.4,Completed
T007554,2026-08-15,R06,B022,17,5,1,0,Clear,0.682,24.0,41.2,5.8,Completed
T007555,2026-08-15,R06,B023,18,5,1,0,Clear,0.677,39.0,41.2,13.4,Completed
T007556,2026-08-15,R06,B021,19,5,1,0,Clear,0.154,19.0,41.2,5.2,Completed
T007557,2026-08-15,R07,B026,7,5,1,0,Clear,0.167,12.0,33.2,6.3,Completed
T007558,2026-08-15,R07,B025,8,5,1,0,Clear,0.655,20.0,33.2,10.6,Completed
T007559,2026-08-15,R07,B025,9,5,1,0,Clear,0.691,20.0,33.2,10.9,Completed
T007560,2026-08-15,R07,B028,10,5,1,0,Clear,0.106,6.0,33.2,1.8,Completed
T007561,2026-08-15,R07,B025,11,5,1,0,Clear,0.156,10.0,33.2,7.2,Completed
T007562,2026-08-15,R07,B028,13,5,1,0,Clear,0.157,9.0,33.2,7.4,Completed
T007563,2026-08-15,R07,B028,14,5,1,0,Clear,0.109,6.0,33.2,3.9,Completed
T007564,2026-08-15,R07,B028,15,5,1,0,Clear,0.137,9.0,33.2,9.5,Completed
T007565,2026-08-15,R07,B027,17,5,1,0,Clear,0.605,18.0,33.2,17.6,Completed
T007566,2026-08-15,R07,B028,18,5,1,0,Clear,0.692,16.0,33.2,14.4,Completed
T007567,2026-08-15,R08,B029,7,5,1,0,Clear,0.121,10.0,26.8,1.9,Completed
T007568,2026-08-15,R08,B032,8,5,1,0,Clear,0.669,0.0,26.8,,Cancelled
T007569,2026-08-15,R08,B030,9,5,1,0,Clear,0.665,24.0,26.8,10.5,Completed
T007570,2026-08-15,R08,B030,11,5,1,0,Clear,0.158,9.0,26.8,3.8,Completed
T007571,2026-08-15,R08,B030,14,5,1,0,Clear,,11.0,26.8,1.6,Completed
T007572,2026-08-15,R08,B031,15,5,1,0,Clear,0.152,12.0,26.8,1.4,Completed
T007573,2026-08-15,R08,B030,16,5,1,0,Clear,0.16,15.0,26.8,5.9,Completed
T007574,2026-08-15,R08,B030,17,5,1,0,Clear,0.629,0.0,26.8,,Cancelled
T007575,2026-08-15,R08,B032,18,5,1,0,Clear,0.621,25.0,26.8,9.4,Completed
T007576,2026-08-15,R09,B036,8,5,1,0,Clear,0.644,13.0,63.6,12.6,Completed
T007577,2026-08-15,R09,B036,9,5,1,0,Clear,0.698,11.0,63.6,9.6,Completed
T007578,2026-08-15,R09,B036,10,5,1,0,Clear,0.165,8.0,63.6,5.0,Completed
T007579,2026-08-15,R09,B033,13,5,1,0,Clear,0.148,9.0,63.6,6.9,Completed
T007580,2026-08-15,R09,B034,14,5,1,0,Clear,0.114,8.0,63.6,9.4,Completed
T007581,2026-08-15,R09,B036,15,5,1,0,Clear,0.105,7.0,63.6,2.4,Completed
T007582,2026-08-15,R09,B035,17,5,1,0,Clear,0.605,13.0,63.6,240.0,Completed
T007583,2026-08-15,R09,B036,18,5,1,0,Clear,0.694,15.0,63.6,11.1,Completed
T007584,2026-08-15,R09,B035,21,5,1,0,Clear,0.173,,63.6,3.8,Completed
T007585,2026-08-15,R10,B039,5,5,1,0,Clear,0.159,3.0,38.0,-0.3,Completed
T007586,2026-08-15,R10,B039,7,5,1,0,Clear,0.138,10.0,38.0,2.2,Completed
T007587,2026-08-15,R10,B039,8,5,1,0,Clear,0.603,15.0,38.0,13.5,Completed
T007588,2026-08-15,R10,B037,9,5,1,0,Clear,0.636,20.0,38.0,3.1,Completed
T007589,2026-08-15,R10,B037,10,5,1,0,Clear,0.105,13.0,38.0,2.3,Completed
T007590,2026-08-15,R10,B038,13,5,1,0,Clear,0.15,11.0,38.0,0.5,Completed
T007591,2026-08-15,R10,B039,15,5,1,0,Clear,0.117,9.0,38.0,2.1,Completed
T007592,2026-08-15,R10,B039,16,5,1,0,Clear,0.108,13.0,38.0,1.7,Completed
T007593,2026-08-15,R10,B038,17,5,1,0,Clear,0.636,21.0,38.0,8.9,Completed
T007594,2026-08-15,R10,B039,18,5,1,0,Clear,0.615,18.0,38.0,4.7,Completed
T007595,2026-08-15,R10,B038,19,5,1,0,Clear,0.18,,38.0,-1.3,Completed
T007596,2026-08-15,R10,B040,21,5,1,0,Clear,0.124,0.0,38.0,,Cancelled
T007597,2026-08-16,R01,B001,5,6,1,0,,0.183,5.0,50.8,9.5,Completed
T007598,2026-08-16,R01,B004,7,6,1,0,Fog,0.143,19.0,50.8,8.8,Completed
T007599,2026-08-16,R01,B001,8,6,1,0,Fog,0.627,0.0,50.8,,Cancelled
T007600,2026-08-16,R01,B004,9,6,1,0,Fog,0.671,28.0,50.8,18.4,Completed
T007601,2026-08-16,R01,B003,10,6,1,0,Fog,0.139,21.0,50.8,7.5,Completed
T007602,2026-08-16,R01,B002,11,6,1,0,Fog,0.146,14.0,50.8,12.9,Completed
T007603,2026-08-16,R01,B004,12,6,1,0,Fog,0.198,13.0,50.8,4.2,Completed
T007604,2026-08-16,R01,B001,14,6,1,0,Fog,0.16,13.0,50.8,8.9,Completed
T007605,2026-08-16,R01,B001,16,6,1,0,Fog,0.188,21.0,50.8,7.8,Completed
T007606,2026-08-16,R01,B003,17,6,1,0,Fog,0.691,30.0,50.8,15.9,Completed
T007607,2026-08-16,R01,B001,18,6,1,0,Fog,0.672,,50.8,15.1,Completed
T007608,2026-08-16,R01,B004,20,6,1,0,Fog,0.122,15.0,50.8,7.9,Completed
T007609,2026-08-16,R02,B005,5,6,1,0,Fog,0.124,3.0,36.4,8.7,Completed
T007610,2026-08-16,R02,B008,8,6,1,0,Fog,0.632,22.0,36.4,9.7,Completed
T007611,2026-08-16,R02,B006,9,6,1,0,Fog,0.691,26.0,36.4,18.8,Completed
T007612,2026-08-16,R02,B007,11,6,1,0,Fog,0.113,11.0,36.4,4.8,Completed
T007613,2026-08-16,R02,B006,12,6,1,0,Fog,0.168,14.0,36.4,9.1,Completed
T007614,2026-08-16,R02,B007,13,6,1,0,Fog,0.171,14.0,36.4,13.6,Completed
T007615,2026-08-16,R02,B008,15,6,1,0,Fog,0.126,0.0,36.4,,Cancelled
T007616,2026-08-16,R02,B008,16,6,1,0,Fog,0.182,0.0,36.4,,Cancelled
T007617,2026-08-16,R02,B008,17,6,1,0,Fog,0.679,25.0,36.4,19.5,Completed
T007618,2026-08-16,R02,B007,18,6,1,0,Fog,0.619,27.0,36.4,13.3,Completed
T007619,2026-08-16,R02,B008,20,6,1,0,Fog,0.198,10.0,36.4,11.5,Completed
T007620,2026-08-16,R03,B012,6,6,1,0,Fog,0.14,12.0,58.8,9.0,Completed
T007621,2026-08-16,R03,B009,7,6,1,0,Fog,0.195,10.0,58.8,12.5,Completed
T007622,2026-08-16,R03,B012,8,6,1,0,Fog,0.615,39.0,58.8,16.6,Completed
T007623,2026-08-16,R03,B011,9,6,1,0,Fog,0.683,24.0,58.8,17.6,Completed
T007624,2026-08-16,R03,B011,10,6,1,0,Fog,0.121,22.0,58.8,4.0,Completed
T007625,2026-08-16,R03,B010,13,6,1,0,Fog,0.136,13.0,58.8,14.0,Completed
T007626,2026-08-16,R03,B011,14,6,1,0,Fog,0.181,16.0,58.8,10.1,Completed
T007627,2026-08-16,R03,B010,17,6,1,0,Fog,0.659,20.0,58.8,11.6,Completed
T007628,2026-08-16,R03,B010,18,6,1,0,Fog,0.658,28.0,58.8,15.4,Completed
T007629,2026-08-16,R03,B011,21,6,1,0,Fog,0.102,7.0,58.8,16.7,Completed
T007630,2026-08-16,R04,B013,5,6,1,0,Fog,0.167,4.0,28.4,16.0,Completed
T007631,2026-08-16,R04,B013,6,6,1,0,Fog,0.143,7.0,28.4,8.5,Completed
T007632,2026-08-16,R04,B016,7,6,1,0,Fog,0.154,14.0,28.4,8.0,Completed
T007633,2026-08-16,R04,B015,8,6,1,0,Fog,0.634,21.0,28.4,11.9,Completed
T007634,2026-08-16,R04,B013,9,6,1,0,Fog,0.686,25.0,28.4,20.5,Completed
T007635,2026-08-16,R04,B014,11,6,1,0,Fog,0.181,11.0,28.4,7.4,Completed
T007636,2026-08-16,R04,B016,12,6,1,0,Fog,0.162,9.0,28.4,8.4,Completed
T007637,2026-08-16,R04,B016,14,6,1,0,Fog,0.18,6.0,28.4,3.0,Completed
T007638,2026-08-16,R04,B014,17,6,1,0,Fog,0.66,25.0,28.4,15.4,Completed
T007639,2026-08-16,R04,B016,18,6,1,0,Fog,0.649,19.0,28.4,11.4,Completed
T007640,2026-08-16,R04,B015,20,6,1,0,Fog,0.12,9.0,28.4,8.2,Completed
T007641,2026-08-16,R04,B016,21,6,1,0,Fog,0.116,5.0,28.4,12.0,Completed
T007642,2026-08-16,R05,B017,7,6,1,0,Fog,0.199,13.0,44.4,6.9,Completed
T007643,2026-08-16,R05,B019,8,6,1,0,Fog,0.627,20.0,44.4,13.7,Completed
T007644,2026-08-16,R05,B017,9,6,1,0,Fog,0.61,22.0,44.4,10.9,Completed
T007645,2026-08-16,R05,B020,12,6,1,0,Fog,0.164,9.0,44.4,1.1,Completed
T007646,2026-08-16,R05,B018,16,6,1,0,Fog,0.105,12.0,44.4,10.3,Completed
T007647,2026-08-16,R05,B018,17,6,1,0,Fog,0.698,12.0,44.4,18.9,Completed
T007648,2026-08-16,R05,B020,18,6,1,0,Fog,0.668,15.0,44.4,15.4,Completed
T007649,2026-08-16,R05,B020,19,6,1,0,Fog,0.165,15.0,44.4,5.6,Completed
T007650,2026-08-16,R05,B020,20,6,1,0,Fog,0.195,8.0,44.4,10.4,Completed
T007651,2026-08-16,R05,B020,21,6,1,0,Fog,0.12,5.0,44.4,6.5,Completed
T007652,2026-08-16,R06,B023,7,6,1,0,Fog,0.119,21.0,41.2,12.8,Completed
T007653,2026-08-16,R06,B023,8,6,1,0,Fog,0.664,25.0,41.2,19.7,Completed
T007654,2026-08-16,R06,B024,9,6,1,0,Fog,0.669,32.0,41.2,13.4,Completed
T007655,2026-08-16,R06,B022,10,6,1,0,Fog,0.148,18.0,41.2,7.7,Completed
T007656,2026-08-16,R06,B021,11,6,1,0,Fog,0.192,8.0,41.2,18.5,Completed
T007657,2026-08-16,R06,B021,12,6,1,0,Fog,0.151,13.0,41.2,7.8,Completed
T007658,2026-08-16,R06,B022,13,6,1,0,Fog,0.125,13.0,41.2,13.7,Completed
T007659,2026-08-16,R06,B023,16,6,1,0,Fog,0.167,15.0,41.2,11.0,Completed
T007660,2026-08-16,R06,B024,17,6,1,0,Fog,0.654,19.0,41.2,9.6,Completed
T007661,2026-08-16,R06,B023,18,6,1,0,Fog,0.635,30.0,41.2,16.8,Completed
T007662,2026-08-16,R06,B024,19,6,1,0,Fog,0.118,13.0,41.2,4.6,Completed
T007663,2026-08-16,R07,B028,8,6,1,0,Fog,0.65,13.0,33.2,20.1,Completed
T007664,2026-08-16,R07,B026,9,6,1,0,Fog,0.665,12.0,33.2,18.5,Completed
T007665,2026-08-16,R07,B028,10,6,1,0,Fog,0.125,10.0,33.2,7.7,Completed
T007666,2026-08-16,R07,B027,12,6,1,0,Fog,0.181,9.0,33.2,-45.0,Completed
T007667,2026-08-16,R07,B025,13,6,1,0,Fog,0.167,7.0,33.2,12.3,Completed
T007668,2026-08-16,R07,B028,14,6,1,0,Fog,0.197,5.0,33.2,6.8,Completed
T007669,2026-08-16,R07,B027,15,6,1,0,Fog,0.104,11.0,33.2,11.9,Completed
T007670,2026-08-16,R07,B025,17,6,1,0,Fog,0.699,17.0,33.2,17.0,Completed
T007671,2026-08-16,R07,B028,18,6,1,0,Fog,0.655,13.0,33.2,17.5,Completed
T007672,2026-08-16,R07,B026,19,6,1,0,Fog,0.114,11.0,33.2,12.6,Completed
T007673,2026-08-16,R07,B027,20,6,1,0,Fog,0.163,8.0,33.2,12.9,Completed
T007674,2026-08-16,R08,B031,5,6,1,0,Fog,0.169,4.0,26.8,9.5,Completed
T007675,2026-08-16,R08,B029,8,6,1,0,Fog,0.602,16.0,26.8,11.2,Completed
T007676,2026-08-16,R08,B032,9,6,1,0,Fog,0.697,0.0,26.8,,Cancelled
T007677,2026-08-16,R08,B031,13,6,1,0,Fog,0.15,12.0,26.8,6.8,Completed
T007678,2026-08-16,R08,B030,14,6,1,0,Fog,0.112,10.0,26.8,9.3,Completed
T007679,2026-08-16,R08,B029,16,6,1,0,Fog,0.195,9.0,26.8,4.7,Completed
T007680,2026-08-16,R08,B032,17,6,1,0,Fog,0.657,22.0,26.8,20.0,Completed
T007681,2026-08-16,R08,B029,18,6,1,0,Fog,0.632,11.0,26.8,19.7,Completed
T007682,2026-08-16,R08,B032,19,6,1,0,Fog,0.192,12.0,26.8,14.4,Completed
T007683,2026-08-16,R09,B034,5,6,1,0,Fog,0.141,3.0,63.6,9.6,Completed
T007684,2026-08-16,R09,B035,6,6,1,0,Fog,0.161,5.0,63.6,13.0,Completed
T007685,2026-08-16,R09,B033,7,6,1,0,Fog,0.166,11.0,63.6,7.7,Completed
T007686,2026-08-16,R09,B033,8,6,1,0,Fog,0.616,,63.6,15.1,Completed
T007687,2026-08-16,R09,B033,9,6,1,0,Fog,0.615,12.0,63.6,13.4,Completed
T007688,2026-08-16,R09,B033,10,6,1,0,Fog,0.164,8.0,63.6,9.6,Completed
T007689,2026-08-16,R09,B034,16,6,1,0,Fog,0.129,11.0,63.6,11.3,Completed
T007690,2026-08-16,R09,B034,17,6,1,0,Fog,0.689,12.0,63.6,15.8,Completed
T007691,2026-08-16,R09,B033,18,6,1,0,Fog,0.7,14.0,63.6,17.5,Completed
T007692,2026-08-16,R09,B034,19,6,1,0,Fog,0.105,9.0,63.6,13.4,Completed
T007693,2026-08-16,R09,B033,20,6,1,0,Fog,0.196,6.0,63.6,9.2,Completed
T007694,2026-08-16,R09,B035,21,6,1,0,Fog,0.172,4.0,63.6,14.9,Completed
T007695,2026-08-16,R10,B038,6,6,1,0,Fog,0.131,5.0,38.0,7.0,Completed
T007696,2026-08-16,R10,B039,7,6,1,0,,0.141,9.0,38.0,7.5,Completed
T007697,2026-08-16,R10,B038,8,6,1,0,,0.634,12.0,38.0,15.3,Completed
T007698,2026-08-16,R10,B037,9,6,1,0,Fog,0.642,11.0,38.0,9.8,Completed
T007699,2026-08-16,R10,B039,12,6,1,0,Fog,0.137,9.0,38.0,8.3,Completed
T007700,2026-08-16,R10,B037,13,6,1,0,Fog,0.151,9.0,38.0,5.9,Completed
T007701,2026-08-16,R10,B037,14,6,1,0,Fog,0.174,5.0,38.0,9.3,Completed
T007702,2026-08-16,R10,B040,15,6,1,0,Fog,0.133,9.0,38.0,5.7,Completed
T007703,2026-08-16,R10,B040,17,6,1,0,Fog,0.643,12.0,38.0,13.3,Completed
T007704,2026-08-16,R10,B037,18,6,1,0,Fog,0.662,18.0,38.0,10.1,Completed
T007705,2026-08-16,R10,B037,21,6,1,0,Fog,0.106,3.0,38.0,1.4,Completed
T007706,2026-08-17,R01,B004,8,0,0,0,Clear,0.837,44.0,50.8,13.5,Completed
T007707,2026-08-17,R01,B003,9,0,0,0,Clear,0.827,60.0,50.8,7.0,Completed
T007708,2026-08-17,R01,B001,12,0,0,0,,0.324,31.0,50.8,5.3,Completed
T007709,2026-08-17,R01,B003,13,0,0,0,Clear,0.322,34.0,50.8,5.0,Completed
T007710,2026-08-17,R01,B003,16,0,0,0,Clear,0.334,33.0,50.8,9.3,Completed
T007711,2026-08-17,R01,B004,17,0,0,0,,0.832,43.0,50.8,12.5,Completed
T007712,2026-08-17,R01,B003,18,0,0,0,Clear,0.756,60.0,50.8,9.3,Completed
T007713,2026-08-17,R01,B002,19,0,0,0,Clear,0.297,38.0,50.8,6.8,Completed
T007714,2026-08-17,R01,B004,21,0,0,0,Clear,0.286,13.0,50.8,6.7,Completed
T007715,2026-08-17,R02,B006,6,0,0,0,Clear,0.288,19.0,36.4,2.7,Completed
T007716,2026-08-17,R02,B006,8,0,0,0,Clear,0.83,45.0,36.4,18.7,Completed
T007717,2026-08-17,R02,B006,9,0,0,0,Clear,,60.0,36.4,18.5,Completed
T007718,2026-08-17,R02,B005,10,0,0,0,Clear,0.259,28.0,36.4,9.1,Completed
T007719,2026-08-17,R02,B008,11,0,0,0,Clear,0.29,18.0,36.4,0.3,Completed
T007720,2026-08-17,R02,B007,12,0,0,0,Clear,0.298,25.0,36.4,0.3,Completed
T007721,2026-08-17,R02,B007,14,0,0,0,Clear,0.295,20.0,36.4,6.5,Completed
T007722,2026-08-17,R02,B007,15,0,0,0,Clear,0.273,20.0,36.4,2.7,Completed
T007723,2026-08-17,R02,B008,16,0,0,0,Clear,0.298,23.0,36.4,5.0,Completed
T007724,2026-08-17,R02,B007,17,0,0,0,Clear,0.818,39.0,36.4,13.6,Completed
T007725,2026-08-17,R02,B007,18,0,0,0,Clear,0.802,50.0,36.4,7.3,Completed
T007726,2026-08-17,R02,B008,20,0,0,0,Clear,0.332,19.0,36.4,5.0,Completed
T007727,2026-08-17,R02,B007,21,0,0,0,Clear,0.347,9.0,36.4,6.9,Completed
T007728,2026-08-17,R03,B012,8,0,0,0,Clear,0.789,46.0,58.8,14.2,Completed
T007729,2026-08-17,R03,B011,9,0,0,0,Clear,0.836,50.0,58.8,11.4,Completed
T007730,2026-08-17,R03,B009,10,0,0,0,Clear,0.273,20.0,58.8,3.4,Completed
T007731,2026-08-17,R03,B010,16,0,0,0,Clear,0.282,31.0,58.8,6.6,Completed
T007732,2026-08-17,R03,B009,17,0,0,0,Clear,0.771,33.0,58.8,14.2,Completed
T007733,2026-08-17,R03,B012,18,0,0,0,Clear,0.819,49.0,58.8,17.3,Completed
T007734,2026-08-17,R03,B010,19,0,0,0,Clear,0.329,26.0,58.8,4.4,Completed
T007735,2026-08-17,R03,B012,20,0,0,0,Clear,0.339,28.0,58.8,9.8,Completed
T007736,2026-08-17,R04,B015,6,0,0,0,Clear,0.282,16.0,28.4,8.4,Completed
T007737,2026-08-17,R04,B016,7,0,0,0,Clear,0.284,14.0,28.4,5.6,Completed
T007738,2026-08-17,R04,B015,8,0,0,0,Clear,0.792,40.0,28.4,12.9,Completed
T007739,2026-08-17,R04,B015,9,0,0,0,Clear,0.818,40.0,28.4,12.9,Completed
T007740,2026-08-17,R04,B016,10,0,0,0,Clear,0.274,18.0,28.4,3.6,Completed
T007741,2026-08-17,R04,B014,16,0,0,0,Clear,0.345,0.0,28.4,,Cancelled
T007742,2026-08-17,R04,B013,17,0,0,0,Clear,0.774,40.0,28.4,14.0,Completed
T007743,2026-08-17,R04,B013,18,0,0,0,Clear,0.782,30.0,28.4,15.7,Completed
T007744,2026-08-17,R04,B014,19,0,0,0,Clear,0.301,24.0,28.4,8.1,Completed
T007745,2026-08-17,R05,B017,6,0,0,0,Clear,0.335,12.0,44.4,6.4,Completed
T007746,2026-08-17,R05,B017,8,0,0,0,Clear,0.844,32.0,44.4,10.9,Completed
T007747,2026-08-17,R05,B019,9,0,0,0,Clear,0.834,43.0,44.4,10.7,Completed
T007748,2026-08-17,R05,B018,10,0,0,0,Clear,0.254,18.0,44.4,10.6,Completed
T007749,2026-08-17,R05,B017,11,0,0,0,Clear,0.311,14.0,44.4,8.2,Completed
T007750,2026-08-17,R05,B018,12,0,0,0,Clear,0.286,17.0,44.4,7.5,Completed
T007751,2026-08-17,R05,B018,14,0,0,0,,0.299,13.0,44.4,4.9,Completed
T007752,2026-08-17,R05,B020,15,0,0,0,Clear,0.265,19.0,44.4,-0.3,Completed
T007753,2026-08-17,R05,B019,16,0,0,0,Clear,0.333,23.0,44.4,6.6,Completed
T007754,2026-08-17,R05,B019,17,0,0,0,Clear,0.823,37.0,44.4,11.7,Completed
T007755,2026-08-17,R05,B019,18,0,0,0,Clear,0.85,36.0,44.4,13.5,Completed
T007756,2026-08-17,R05,B018,19,0,0,0,Clear,0.263,15.0,44.4,5.0,Completed
T007757,2026-08-17,R05,B018,20,0,0,0,Clear,0.288,8.0,44.4,4.6,Completed
T007758,2026-08-17,R05,B017,21,0,0,0,Clear,0.335,7.0,44.4,6.5,Completed
T007759,2026-08-17,R06,B021,5,0,0,0,Clear,0.316,7.0,41.2,8.7,Completed
T007760,2026-08-17,R06,B022,7,0,0,0,Clear,,24.0,41.2,6.0,Completed
T007761,2026-08-17,R06,B021,8,0,0,0,Clear,0.817,35.0,41.2,16.2,Completed
T007762,2026-08-17,R06,B024,9,0,0,0,Clear,0.767,52.0,41.2,11.6,Completed
T007763,2026-08-17,R06,B022,10,0,0,0,Clear,0.334,0.0,41.2,,Cancelled
T007764,2026-08-17,R06,B024,13,0,0,0,Clear,0.281,25.0,41.2,4.7,Completed
T007765,2026-08-17,R06,B023,17,0,0,0,Clear,0.811,48.0,41.2,17.6,Completed
T007766,2026-08-17,R06,B023,18,0,0,0,Clear,0.836,45.0,41.2,15.1,Completed
T007767,2026-08-17,R06,B023,19,0,0,0,Clear,0.343,30.0,41.2,14.1,Completed
T007768,2026-08-17,R07,B026,5,0,0,0,Clear,0.269,4.0,33.2,5.0,Completed
T007769,2026-08-17,R07,B028,6,0,0,0,Clear,0.329,10.0,33.2,7.8,Completed
T007770,2026-08-17,R07,B026,8,0,0,0,Clear,0.782,24.0,33.2,15.5,Completed
T007771,2026-08-17,R07,B028,9,0,0,0,Clear,0.766,25.0,33.2,8.6,Completed
T007772,2026-08-17,R07,B027,15,0,0,0,Clear,0.292,17.0,33.2,4.3,Completed
T007773,2026-08-17,R07,B028,16,0,0,0,Clear,0.314,15.0,33.2,5.4,Completed
T007774,2026-08-17,R07,B025,17,0,0,0,Clear,0.815,21.0,33.2,17.9,Completed
T007775,2026-08-17,R07,B027,18,0,0,0,Clear,0.797,29.0,33.2,19.8,Completed
T007776,2026-08-17,R07,B027,19,0,0,0,Clear,0.341,19.0,33.2,8.5,Completed
T007777,2026-08-17,R08,B029,5,0,0,0,Clear,0.279,5.0,26.8,9.3,Completed
T007778,2026-08-17,R08,B030,6,0,0,0,Clear,0.252,12.0,26.8,7.6,Completed
T007779,2026-08-17,R08,B031,8,0,0,0,Clear,0.786,30.0,26.8,12.9,Completed
T007780,2026-08-17,R08,B031,9,0,0,0,Clear,0.836,38.0,26.8,11.8,Completed
T007781,2026-08-17,R08,B031,10,0,0,0,Clear,0.281,26.0,26.8,6.2,Completed
T007782,2026-08-17,R08,B029,11,0,0,0,Clear,0.301,11.0,26.8,6.3,Completed
T007783,2026-08-17,R08,B030,14,0,0,0,Clear,0.251,14.0,26.8,11.1,Completed
T007784,2026-08-17,R08,B031,17,0,0,0,Clear,0.8,28.0,26.8,13.8,Completed
T007785,2026-08-17,R08,B029,18,0,0,0,Clear,0.818,27.0,26.8,8.4,Completed
T007786,2026-08-17,R08,B029,19,0,0,0,Clear,0.327,15.0,26.8,5.5,Completed
T007787,2026-08-17,R08,B029,20,0,0,0,Clear,0.331,11.0,26.8,10.6,Completed
T007788,2026-08-17,R09,B033,5,0,0,0,Clear,0.253,5.0,63.6,4.9,Completed
T007789,2026-08-17,R09,B035,8,0,0,0,Clear,0.789,20.0,63.6,13.8,Completed
T007790,2026-08-17,R09,B034,9,0,0,0,Clear,0.756,30.0,63.6,16.3,Completed
T007791,2026-08-17,R09,B035,15,0,0,0,Clear,0.263,10.0,63.6,8.6,Completed
T007792,2026-08-17,R09,B034,16,0,0,0,Clear,0.302,17.0,63.6,7.2,Completed
T007793,2026-08-17,R09,B033,17,0,0,0,Clear,0.824,28.0,63.6,8.5,Completed
T007794,2026-08-17,R09,B033,18,0,0,0,Clear,0.788,25.0,63.6,15.1,Completed
T007795,2026-08-17,R09,B035,20,0,0,0,Clear,0.286,10.0,63.6,6.3,Completed
T007796,2026-08-17,R10,B039,8,0,0,0,Clear,0.811,18.0,38.0,11.0,Completed
T007797,2026-08-17,R10,B040,9,0,0,0,Clear,0.841,31.0,38.0,7.6,Completed
T007798,2026-08-17,R10,B040,15,0,0,0,Clear,0.316,14.0,38.0,2.5,Completed
T007799,2026-08-17,R10,B039,16,0,0,0,Clear,0.28,17.0,38.0,3.4,Completed
T007800,2026-08-17,R10,B038,17,0,0,0,Clear,0.813,27.0,38.0,13.2,Completed
T007801,2026-08-17,R10,B039,18,0,0,0,Clear,0.846,24.0,38.0,12.3,Completed
T007802,2026-08-17,R10,B040,20,0,0,0,Clear,0.293,16.0,38.0,4.7,Completed
T007803,2026-08-17,R10,B040,21,0,0,0,Clear,0.327,9.0,38.0,4.5,Completed
T007804,2026-08-18,R01,B002,5,1,0,0,Fog,0.346,0.0,50.8,,Cancelled
T007805,2026-08-18,R01,B003,6,1,0,0,Fog,0.333,18.0,50.8,8.5,Completed
T007806,2026-08-18,R01,B003,7,1,0,0,Fog,0.285,28.0,50.8,11.3,Completed
T007807,2026-08-18,R01,B003,8,1,0,0,Fog,0.844,51.0,50.8,23.8,Completed
T007808,2026-08-18,R01,B002,9,1,0,0,Fog,0.79,45.0,50.8,16.3,Completed
T007809,2026-08-18,R01,B002,11,1,0,0,Fog,0.295,16.0,50.8,8.1,Completed
T007810,2026-08-18,R01,B001,12,1,0,0,Fog,0.272,19.0,50.8,10.3,Completed
T007811,2026-08-18,R01,B004,13,1,0,0,Fog,0.337,23.0,50.8,15.5,Completed
T007812,2026-08-18,R01,B002,17,1,0,0,Fog,0.77,46.0,50.8,18.7,Completed
T007813,2026-08-18,R01,B003,18,1,0,0,Fog,0.809,60.0,50.8,6.9,Completed
T007814,2026-08-18,R01,B003,19,1,0,0,Fog,0.309,38.0,50.8,11.2,Completed
T007815,2026-08-18,R01,B002,20,1,0,0,Fog,0.319,19.0,50.8,11.0,Completed
T007816,2026-08-18,R01,B001,21,1,0,0,Fog,0.282,12.0,50.8,8.6,Completed
T007817,2026-08-18,R02,B005,8,1,0,0,Fog,0.8,30.0,36.4,19.2,Completed
T007818,2026-08-18,R02,B006,9,1,0,0,Fog,0.756,41.0,36.4,21.3,Completed
T007819,2026-08-18,R02,B007,12,1,0,0,Fog,0.334,16.0,36.4,7.8,Completed
T007820,2026-08-18,R02,B007,16,1,0,0,Fog,0.255,19.0,36.4,11.9,Completed
T007821,2026-08-18,R02,B006,17,1,0,0,Fog,0.767,47.0,36.4,18.2,Completed
T007822,2026-08-18,R02,B007,18,1,0,0,Fog,0.839,31.0,36.4,15.8,Completed
T007823,2026-08-18,R02,B005,19,1,0,0,Fog,0.282,21.0,36.4,12.4,Completed
T007824,2026-08-18,R02,B008,20,1,0,0,Fog,0.274,17.0,36.4,13.3,Completed
T007825,2026-08-18,R02,B006,21,1,0,0,Fog,0.328,,36.4,11.2,Completed
T007826,2026-08-18,R03,B011,8,1,0,0,Fog,0.842,22.0,58.8,15.9,Completed
T007827,2026-08-18,R03,B009,9,1,0,0,Fog,0.758,30.0,58.8,15.2,Completed
T007828,2026-08-18,R03,B011,12,1,0,0,Fog,0.343,22.0,58.8,13.7,Completed
T007829,2026-08-18,R03,B011,14,1,0,0,Fog,0.342,0.0,58.8,,Cancelled
T007830,2026-08-18,R03,B009,15,1,0,0,Fog,0.27,19.0,58.8,14.7,Completed
T007831,2026-08-18,R03,B010,16,1,0,0,Fog,0.28,26.0,58.8,21.6,Completed
T007832,2026-08-18,R03,B009,17,1,0,0,Fog,0.778,27.0,58.8,19.2,Completed
T007833,2026-08-18,R03,B009,18,1,0,0,Fog,0.837,39.0,58.8,18.4,Completed
T007834,2026-08-18,R03,B012,20,1,0,0,Fog,0.27,28.0,58.8,8.5,Completed
T007835,2026-08-18,R04,B013,8,1,0,0,Fog,0.814,32.0,28.4,17.2,Completed
T007836,2026-08-18,R04,B014,9,1,0,0,Fog,0.824,33.0,28.4,16.3,Completed
T007837,2026-08-18,R04,B013,12,1,0,0,Fog,0.307,16.0,28.4,11.8,Completed
T007838,2026-08-18,R04,B015,13,1,0,0,Fog,0.275,11.0,28.4,10.3,Completed
T007839,2026-08-18,R04,B013,15,1,0,0,Fog,0.331,18.0,28.4,15.3,Completed
T007840,2026-08-18,R04,B016,17,1,0,0,Fog,0.79,23.0,28.4,15.8,Completed
T007841,2026-08-18,R04,B015,18,1,0,0,Fog,0.844,32.0,28.4,20.5,Completed
T007842,2026-08-18,R04,B016,19,1,0,0,Fog,0.345,16.0,28.4,13.3,Completed
T007843,2026-08-18,R04,B014,20,1,0,0,Fog,0.332,12.0,28.4,9.1,Completed
T007844,2026-08-18,R05,B020,5,1,0,0,Fog,0.297,5.0,44.4,9.8,Completed
T007845,2026-08-18,R05,B018,8,1,0,0,Fog,0.756,23.0,44.4,15.4,Completed
T007846,2026-08-18,R05,B018,9,1,0,0,Fog,0.782,20.0,44.4,16.9,Completed
T007847,2026-08-18,R05,B019,14,1,0,0,Fog,0.288,16.0,44.4,14.3,Completed
T007848,2026-08-18,R05,B019,17,1,0,0,Fog,0.784,27.0,44.4,16.8,Completed
T007849,2026-08-18,R05,B017,18,1,0,0,Fog,0.849,26.0,44.4,16.7,Completed
T007850,2026-08-18,R05,B019,19,1,0,0,Fog,0.265,27.0,44.4,10.6,Completed
T007851,2026-08-18,R05,B018,20,1,0,0,Fog,0.338,400.0,44.4,11.3,Completed
T007852,2026-08-18,R06,B024,5,1,0,0,Fog,0.252,9.0,41.2,6.8,Completed
T007853,2026-08-18,R06,B023,7,1,0,0,Fog,0.325,24.0,41.2,14.5,Completed
T007854,2026-08-18,R06,B024,8,1,0,0,Fog,0.84,41.0,41.2,18.3,Completed
T007855,2026-08-18,R06,B022,9,1,0,0,Fog,0.831,28.0,41.2,9.8,Completed
T007856,2026-08-18,R06,B021,11,1,0,0,Fog,0.32,15.0,41.2,14.4,Completed
T007857,2026-08-18,R06,B024,12,1,0,0,Fog,0.295,22.0,41.2,7.7,Completed
T007858,2026-08-18,R06,B023,17,1,0,0,Fog,0.787,37.0,41.2,15.4,Completed
T007859,2026-08-18,R06,B024,18,1,0,0,Fog,0.753,33.0,41.2,13.8,Completed
T007860,2026-08-18,R06,B023,19,1,0,0,Fog,,22.0,41.2,13.7,Completed
T007861,2026-08-18,R07,B026,6,1,0,0,Fog,0.297,0.0,33.2,,Cancelled
T007862,2026-08-18,R07,B026,8,1,0,0,Fog,0.792,14.0,33.2,18.9,Completed
T007863,2026-08-18,R07,B025,9,1,0,0,Fog,0.793,23.0,33.2,18.6,Completed
T007864,2026-08-18,R07,B028,10,1,0,0,Fog,0.326,16.0,33.2,5.9,Completed
T007865,2026-08-18,R07,B026,15,1,0,0,Fog,0.29,9.0,33.2,8.2,Completed
T007866,2026-08-18,R07,B027,17,1,0,0,Fog,0.784,16.0,33.2,13.8,Completed
T007867,2026-08-18,R07,B026,18,1,0,0,Fog,0.828,15.0,33.2,23.8,Completed
T007868,2026-08-18,R07,B026,20,1,0,0,Fog,0.328,7.0,33.2,12.5,Completed
T007869,2026-08-18,R08,B031,6,1,0,0,Fog,0.323,10.0,26.8,9.7,Completed
T007870,2026-08-18,R08,B029,8,1,0,0,Fog,0.836,15.0,26.8,16.3,Completed
T007871,2026-08-18,R08,B030,9,1,0,0,Fog,0.815,22.0,26.8,15.1,Completed
T007872,2026-08-18,R08,B031,11,1,0,0,Fog,0.339,15.0,26.8,12.8,Completed
T007873,2026-08-18,R08,B029,12,1,0,0,Fog,0.277,5.0,26.8,14.5,Completed
T007874,2026-08-18,R08,B032,13,1,0,0,Fog,0.33,17.0,26.8,11.4,Completed
T007875,2026-08-18,R08,B032,15,1,0,0,Fog,0.287,18.0,26.8,14.7,Completed
T007876,2026-08-18,R08,B030,16,1,0,0,Fog,0.282,14.0,26.8,14.2,Completed
T007877,2026-08-18,R08,B030,17,1,0,0,Fog,0.815,26.0,26.8,21.2,Completed
T007878,2026-08-18,R08,B030,18,1,0,0,Fog,0.775,23.0,26.8,11.3,Completed
T007879,2026-08-18,R08,B032,19,1,0,0,Fog,0.323,21.0,26.8,4.4,Completed
T007880,2026-08-18,R08,B032,20,1,0,0,,0.312,12.0,26.8,12.4,Completed
T007881,2026-08-18,R08,B032,21,1,0,0,Fog,0.326,10.0,26.8,8.4,Completed
T007882,2026-08-18,R09,B034,5,1,0,0,Fog,0.331,3.0,63.6,18.7,Completed
T007883,2026-08-18,R09,B033,7,1,0,0,Fog,0.294,14.0,63.6,15.2,Completed
T007884,2026-08-18,R09,B035,8,1,0,0,Fog,0.848,17.0,63.6,16.6,Completed
T007885,2026-08-18,R09,B035,9,1,0,0,Fog,0.77,19.0,63.6,19.3,Completed
T007886,2026-08-18,R09,B034,11,1,0,0,Fog,0.336,9.0,63.6,12.4,Completed
T007887,2026-08-18,R09,B036,15,1,0,0,Fog,0.337,7.0,63.6,12.2,Completed
T007888,2026-08-18,R09,B033,16,1,0,0,Fog,0.275,,63.6,9.7,Completed
T007889,2026-08-18,R09,B036,17,1,0,0,Fog,0.756,13.0,63.6,20.7,Completed
T007890,2026-08-18,R09,B034,18,1,0,0,Fog,0.812,0.0,63.6,,Cancelled
T007891,2026-08-18,R09,B035,19,1,0,0,Fog,0.257,12.0,63.6,7.9,Completed
T007892,2026-08-18,R09,B034,21,1,0,0,Fog,0.315,6.0,63.6,12.2,Completed
T007893,2026-08-18,R10,B039,5,1,0,0,Fog,0.349,4.0,38.0,11.4,Completed
T007894,2026-08-18,R10,B038,6,1,0,0,Fog,0.331,7.0,38.0,16.8,Completed
T007895,2026-08-18,R10,B038,7,1,0,0,Fog,,12.0,38.0,8.0,Completed
T007896,2026-08-18,R10,B038,8,1,0,0,Fog,0.761,26.0,38.0,17.0,Completed
T007897,2026-08-18,R10,B040,9,1,0,0,Fog,0.755,20.0,38.0,13.1,Completed
T007898,2026-08-18,R10,B037,10,1,0,0,Fog,0.34,15.0,38.0,10.5,Completed
T007899,2026-08-18,R10,B040,12,1,0,0,Fog,0.311,0.0,38.0,,Cancelled
T007900,2026-08-18,R10,B037,16,1,0,0,Fog,0.268,16.0,38.0,12.1,Completed
T007901,2026-08-18,R10,B038,17,1,0,0,Fog,0.816,25.0,38.0,14.5,Completed
T007902,2026-08-18,R10,B039,18,1,0,0,Fog,0.761,19.0,38.0,17.4,Completed
T007903,2026-08-18,R10,B038,21,1,0,0,Fog,0.28,6.0,38.0,9.3,Completed
T007904,2026-08-19,R01,B002,7,2,0,0,Clear,0.324,36.0,50.8,6.4,Completed
T007905,2026-08-19,R01,B004,8,2,0,0,Clear,0.774,39.0,50.8,12.9,Completed
T007906,2026-08-19,R01,B003,9,2,0,0,Clear,0.828,60.0,50.8,11.5,Completed
T007907,2026-08-19,R01,B003,13,2,0,0,Clear,0.302,39.0,50.8,7.2,Completed
T007908,2026-08-19,R01,B002,14,2,0,0,Clear,0.269,27.0,50.8,10.4,Completed
T007909,2026-08-19,R01,B004,15,2,0,0,Clear,0.342,30.0,50.8,11.4,Completed
T007910,2026-08-19,R01,B001,17,2,0,0,Clear,0.795,50.0,50.8,12.8,Completed
T007911,2026-08-19,R01,B001,18,2,0,0,Clear,0.788,34.0,50.8,13.7,Completed
T007912,2026-08-19,R01,B003,19,2,0,0,Clear,0.309,56.0,50.8,7.7,Completed
T007913,2026-08-19,R02,B008,5,2,0,0,Clear,0.311,9.0,36.4,2.0,Completed
T007914,2026-08-19,R02,B008,7,2,0,0,,0.293,28.0,36.4,1.3,Completed
T007915,2026-08-19,R02,B007,8,2,0,0,Clear,0.77,44.0,36.4,11.2,Completed
T007916,2026-08-19,R02,B007,9,2,0,0,Clear,0.848,45.0,36.4,14.0,Completed
T007917,2026-08-19,R02,B005,10,2,0,0,Clear,0.306,0.0,36.4,,Cancelled
T007918,2026-08-19,R02,B006,11,2,0,0,Clear,0.268,29.0,36.4,8.5,Completed
T007919,2026-08-19,R02,B008,16,2,0,0,Clear,0.271,26.0,36.4,8.1,Completed
T007920,2026-08-19,R02,B008,17,2,0,0,Clear,0.802,36.0,36.4,11.5,Completed
T007921,2026-08-19,R02,B007,18,2,0,0,Clear,0.813,50.0,36.4,9.4,Completed
T007922,2026-08-19,R02,B008,20,2,0,0,Clear,0.272,22.0,36.4,3.2,Completed
T007923,2026-08-19,R02,B008,21,2,0,0,Clear,0.348,11.0,36.4,4.4,Completed
T007924,2026-08-19,R03,B009,7,2,0,0,Clear,0.296,26.0,58.8,12.3,Completed
T007925,2026-08-19,R03,B009,8,2,0,0,Clear,0.829,30.0,58.8,17.5,Completed
T007926,2026-08-19,R03,B010,9,2,0,0,Clear,0.783,48.0,58.8,11.9,Completed
T007927,2026-08-19,R03,B011,10,2,0,0,Clear,0.337,33.0,58.8,4.7,Completed
T007928,2026-08-19,R03,B011,11,2,0,0,Clear,0.316,25.0,58.8,9.1,Completed
T007929,2026-08-19,R03,B009,12,2,0,0,Clear,0.262,22.0,58.8,8.5,Completed
T007930,2026-08-19,R03,B012,15,2,0,0,Clear,0.291,31.0,58.8,9.5,Completed
T007931,2026-08-19,R03,B009,17,2,0,0,Clear,0.819,0.0,58.8,,Cancelled
T007932,2026-08-19,R03,B010,18,2,0,0,Clear,0.839,45.0,58.8,9.2,Completed
T007933,2026-08-19,R03,B012,20,2,0,0,Clear,0.259,28.0,58.8,10.5,Completed
T007934,2026-08-19,R04,B015,6,2,0,0,Clear,0.268,15.0,28.4,3.2,Completed
T007935,2026-08-19,R04,B015,7,2,0,0,Clear,0.276,21.0,28.4,6.2,Completed
T007936,2026-08-19,R04,B014,8,2,0,0,Clear,0.822,45.0,28.4,11.4,Completed
T007937,2026-08-19,R04,B014,9,2,0,0,Clear,0.807,56.0,28.4,11.4,Completed
T007938,2026-08-19,R04,B016,10,2,0,0,Clear,0.264,20.0,28.4,6.0,Completed
T007939,2026-08-19,R04,B014,12,2,0,0,,0.328,21.0,28.4,10.6,Completed
T007940,2026-08-19,R04,B015,13,2,0,0,Clear,0.349,19.0,28.4,6.9,Completed
T007941,2026-08-19,R04,B013,17,2,0,0,Clear,0.824,35.0,28.4,14.1,Completed
T007942,2026-08-19,R04,B015,18,2,0,0,Clear,0.796,26.0,28.4,12.5,Completed
T007943,2026-08-19,R04,B016,20,2,0,0,Clear,0.255,12.0,28.4,10.3,Completed
T007944,2026-08-19,R05,B017,5,2,0,0,Clear,0.275,7.0,44.4,5.7,Completed
T007945,2026-08-19,R05,B018,7,2,0,0,Clear,0.311,18.0,44.4,5.2,Completed
T007946,2026-08-19,R05,B018,8,2,0,0,Clear,0.813,25.0,44.4,18.6,Completed
T007947,2026-08-19,R05,B018,9,2,0,0,Clear,0.76,32.0,44.4,11.3,Completed
T007948,2026-08-19,R05,B020,12,2,0,0,Clear,0.298,15.0,44.4,4.4,Completed
T007949,2026-08-19,R05,B017,14,2,0,0,Clear,0.258,15.0,44.4,3.5,Completed
T007950,2026-08-19,R05,B019,17,2,0,0,Clear,0.816,35.0,44.4,12.7,Completed
T007951,2026-08-19,R05,B018,18,2,0,0,Clear,0.8,28.0,44.4,11.6,Completed
T007952,2026-08-19,R05,B018,20,2,0,0,Clear,0.315,14.0,44.4,-0.8,Completed
T007953,2026-08-19,R06,B022,5,2,0,0,Clear,0.297,8.0,41.2,9.7,Completed
T007954,2026-08-19,R06,B021,8,2,0,0,Clear,0.837,36.0,41.2,9.7,Completed
T007955,2026-08-19,R06,B023,9,2,0,0,Clear,0.846,51.0,41.2,9.9,Completed
T007956,2026-08-19,R06,B024,10,2,0,0,Clear,0.326,32.0,41.2,4.4,Completed
T007957,2026-08-19,R06,B021,12,2,0,0,Clear,0.342,19.0,41.2,10.2,Completed
T007958,2026-08-19,R06,B024,14,2,0,0,Clear,0.318,34.0,41.2,-0.3,Completed
T007959,2026-08-19,R06,B021,16,2,0,0,Clear,0.293,17.0,41.2,5.1,Completed
T007960,2026-08-19,R06,B024,17,2,0,0,Clear,0.837,42.0,41.2,9.0,Completed
T007961,2026-08-19,R06,B023,18,2,0,0,Clear,0.758,38.0,41.2,15.5,Completed
T007962,2026-08-19,R06,B023,20,2,0,0,Clear,0.267,22.0,41.2,4.9,Completed
T007963,2026-08-19,R07,B028,8,2,0,0,Clear,0.804,24.0,33.2,13.3,Completed
T007964,2026-08-19,R07,B025,9,2,0,0,Clear,0.754,28.0,33.2,12.3,Completed
T007965,2026-08-19,R07,B025,10,2,0,0,Clear,0.264,21.0,33.2,3.4,Completed
T007966,2026-08-19,R07,B027,17,2,0,0,Clear,0.779,25.0,33.2,8.8,Completed
T007967,2026-08-19,R07,B025,18,2,0,0,Clear,0.778,30.0,33.2,12.6,Completed
T007968,2026-08-19,R07,B028,19,2,0,0,Clear,0.267,15.0,33.2,4.4,Completed
T007969,2026-08-19,R07,B027,20,2,0,0,Clear,,13.0,33.2,8.0,Completed
T007970,2026-08-19,R08,B032,5,2,0,0,Clear,0.308,8.0,26.8,2.2,Completed
T007971,2026-08-19,R08,B030,6,2,0,0,Clear,0.269,12.0,26.8,4.3,Completed
T007972,2026-08-19,R08,B029,8,2,0,0,Clear,0.817,28.0,26.8,10.6,Completed
T007973,2026-08-19,R08,B031,9,2,0,0,Clear,0.844,28.0,26.8,10.4,Completed
T007974,2026-08-19,R08,B030,10,2,0,0,Clear,0.286,24.0,26.8,5.7,Completed
T007975,2026-08-19,R08,B029,11,2,0,0,Clear,0.266,12.0,26.8,-0.3,Completed
T007976,2026-08-19,R08,B032,12,2,0,0,Clear,0.281,16.0,26.8,4.0,Completed
T007977,2026-08-19,R08,B029,14,2,0,0,Clear,0.321,14.0,26.8,7.2,Completed
T007978,2026-08-19,R08,B031,15,2,0,0,Clear,0.347,18.0,26.8,6.1,Completed
T007979,2026-08-19,R08,B031,16,2,0,0,Clear,0.336,22.0,26.8,5.3,Completed
T007980,2026-08-19,R08,B031,17,2,0,0,Clear,0.84,24.0,26.8,10.8,Completed
T007981,2026-08-19,R08,B032,18,2,0,0,Clear,0.762,30.0,26.8,16.8,Completed
T007982,2026-08-19,R09,B033,6,2,0,0,Clear,0.267,10.0,63.6,4.1,Completed
T007983,2026-08-19,R09,B035,7,2,0,0,Clear,0.336,15.0,63.6,2.5,Completed
T007984,2026-08-19,R09,B036,8,2,0,0,,0.759,21.0,63.6,13.1,Completed
T007985,2026-08-19,R09,B036,9,2,0,0,Clear,0.788,20.0,63.6,9.5,Completed
T007986,2026-08-19,R09,B034,10,2,0,0,Clear,0.262,16.0,63.6,7.7,Completed
T007987,2026-08-19,R09,B033,12,2,0,0,Clear,0.283,14.0,63.6,5.6,Completed
T007988,2026-08-19,R09,B035,13,2,0,0,Clear,0.26,15.0,63.6,4.1,Completed
T007989,2026-08-19,R09,B035,14,2,0,0,Clear,0.267,8.0,63.6,5.0,Completed
T007990,2026-08-19,R09,B034,17,2,0,0,Clear,0.798,18.0,63.6,15.6,Completed
T007991,2026-08-19,R09,B033,18,2,0,0,Clear,0.82,26.0,63.6,11.4,Completed
T007992,2026-08-19,R10,B040,6,2,0,0,Clear,0.318,11.0,38.0,4.9,Completed
T007993,2026-08-19,R10,B040,8,2,0,0,Clear,0.812,,38.0,9.0,Completed
T007994,2026-08-19,R10,B037,9,2,0,0,Clear,0.765,28.0,38.0,14.3,Completed
T007995,2026-08-19,R10,B039,16,2,0,0,Clear,0.287,17.0,38.0,9.5,Completed
T007996,2026-08-19,R10,B037,17,2,0,0,Clear,0.78,24.0,38.0,14.3,Completed
T007997,2026-08-19,R10,B038,18,2,0,0,Clear,0.786,29.0,38.0,12.0,Completed
T007998,2026-08-19,R10,B039,20,2,0,0,Clear,0.35,10.0,38.0,5.3,Completed
T007999,2026-08-20,R01,B004,5,3,0,0,Fog,0.336,8.0,50.8,11.4,Completed
T008000,2026-08-20,R01,B003,6,3,0,0,Fog,0.273,22.0,50.8,7.9,Completed
T008001,2026-08-20,R01,B003,7,3,0,0,Fog,0.258,33.0,50.8,5.4,Completed
T008002,2026-08-20,R01,B001,8,3,0,0,Fog,0.799,0.0,50.8,,Cancelled
T008003,2026-08-20,R01,B003,9,3,0,0,,0.833,60.0,50.8,17.2,Completed
T008004,2026-08-20,R01,B004,13,3,0,0,Fog,0.325,25.0,50.8,13.3,Completed
T008005,2026-08-20,R01,B001,14,3,0,0,Fog,0.334,16.0,50.8,16.4,Completed
T008006,2026-08-20,R01,B004,17,3,0,0,Fog,0.785,33.0,50.8,17.6,Completed
T008007,2026-08-20,R01,B001,18,3,0,0,Fog,0.819,43.0,50.8,13.9,Completed
T008008,2026-08-20,R02,B007,7,3,0,0,Fog,0.339,23.0,36.4,9.4,Completed
T008009,2026-08-20,R02,B007,8,3,0,0,Fog,0.791,,36.4,16.9,Completed
T008010,2026-08-20,R02,B008,9,3,0,0,Fog,0.814,39.0,36.4,12.3,Completed
T008011,2026-08-20,R02,B007,10,3,0,0,Fog,0.345,25.0,36.4,7.0,Completed
T008012,2026-08-20,R02,B007,11,3,0,0,Fog,0.251,13.0,36.4,11.7,Completed
T008013,2026-08-20,R02,B005,12,3,0,0,Fog,0.336,14.0,36.4,10.4,Completed
T008014,2026-08-20,R02,B006,15,3,0,0,Fog,0.28,23.0,36.4,8.6,Completed
T008015,2026-08-20,R02,B008,17,3,0,0,Fog,0.841,36.0,36.4,13.5,Completed
T008016,2026-08-20,R02,B005,18,3,0,0,Fog,0.796,27.0,36.4,16.2,Completed
T008017,2026-08-20,R02,B007,19,3,0,0,Fog,0.294,29.0,36.4,6.6,Completed
T008018,2026-08-20,R03,B012,5,3,0,0,Fog,0.266,10.0,58.8,9.7,Completed
T008019,2026-08-20,R03,B010,7,3,0,0,Fog,0.342,25.0,58.8,16.4,Completed
T008020,2026-08-20,R03,B010,8,3,0,0,Fog,0.756,34.0,58.8,17.6,Completed
T008021,2026-08-20,R03,B009,9,3,0,0,Fog,0.817,30.0,58.8,12.6,Completed
T008022,2026-08-20,R03,B009,10,3,0,0,Fog,0.267,17.0,58.8,14.4,Completed
T008023,2026-08-20,R03,B011,13,3,0,0,Fog,0.298,18.0,58.8,11.5,Completed
T008024,2026-08-20,R03,B011,14,3,0,0,Fog,0.288,15.0,58.8,13.8,Completed
T008025,2026-08-20,R03,B010,15,3,0,0,Fog,0.326,23.0,58.8,20.0,Completed
T008026,2026-08-20,R03,B010,17,3,0,0,,0.76,31.0,58.8,21.4,Completed
T008027,2026-08-20,R03,B009,18,3,0,0,Fog,0.786,34.0,58.8,19.7,Completed
T008028,2026-08-20,R03,B010,19,3,0,0,Fog,0.326,26.0,58.8,16.2,Completed
T008029,2026-08-20,R03,B011,21,3,0,0,Fog,0.253,12.0,58.8,8.3,Completed
T008030,2026-08-20,R04,B014,8,3,0,0,Fog,0.763,30.0,28.4,14.4,Completed
T008031,2026-08-20,R04,B014,9,3,0,0,Fog,0.76,46.0,28.4,17.8,Completed
T008032,2026-08-20,R04,B016,14,3,0,0,Fog,0.27,0.0,28.4,,Cancelled
T008033,2026-08-20,R04,B013,17,3,0,0,,0.76,35.0,28.4,21.8,Completed
T008034,2026-08-20,R04,B016,18,3,0,0,Fog,0.837,23.0,28.4,19.4,Completed
T008035,2026-08-20,R04,B016,21,3,0,0,Fog,0.279,0.0,28.4,,Cancelled
T008036,2026-08-20,R05,B018,8,3,0,0,Fog,0.78,23.0,44.4,21.7,Completed
T008037,2026-08-20,R05,B018,9,3,0,0,Fog,0.807,20.0,44.4,23.1,Completed
T008038,2026-08-20,R05,B018,10,3,0,0,Fog,0.283,17.0,44.4,18.2,Completed
T008039,2026-08-20,R05,B019,12,3,0,0,Fog,0.267,19.0,44.4,9.0,Completed
T008040,2026-08-20,R05,B018,14,3,0,0,Fog,0.338,15.0,44.4,11.6,Completed
T008041,2026-08-20,R05,B017,15,3,0,0,Fog,0.274,13.0,44.4,3.6,Completed
T008042,2026-08-20,R05,B018,17,3,0,0,Fog,0.761,22.0,44.4,18.9,Completed
T008043,2026-08-20,R05,B020,18,3,0,0,Fog,0.801,29.0,44.4,15.4,Completed
T008044,2026-08-20,R05,B020,20,3,0,0,Fog,0.344,11.0,44.4,10.8,Completed
T008045,2026-08-20,R06,B021,6,3,0,0,Fog,0.343,9.0,41.2,5.7,Completed
T008046,2026-08-20,R06,B021,8,3,0,0,Fog,0.784,30.0,41.2,16.4,Completed
T008047,2026-08-20,R06,B021,9,3,0,0,Fog,0.796,,41.2,22.7,Completed
T008048,2026-08-20,R06,B024,11,3,0,0,Fog,0.309,21.0,41.2,10.2,Completed
T008049,2026-08-20,R06,B023,12,3,0,0,Fog,0.256,26.0,41.2,8.7,Completed
T008050,2026-08-20,R06,B021,17,3,0,0,Fog,0.807,31.0,41.2,20.8,Completed
T008051,2026-08-20,R06,B023,18,3,0,0,Fog,0.822,35.0,41.2,20.4,Completed
T008052,2026-08-20,R06,B022,19,3,0,0,Fog,0.283,23.0,41.2,6.8,Completed
T008053,2026-08-20,R06,B023,21,3,0,0,Fog,0.3,11.0,41.2,11.5,Completed
T008054,2026-08-20,R07,B025,6,3,0,0,Fog,0.274,9.0,33.2,13.0,Completed
T008055,2026-08-20,R07,B025,8,3,0,0,Fog,0.774,17.0,33.2,16.9,Completed
T008056,2026-08-20,R07,B027,9,3,0,0,Fog,0.836,27.0,33.2,23.5,Completed
T008057,2026-08-20,R07,B028,10,3,0,0,Fog,0.307,16.0,33.2,14.0,Completed
T008058,2026-08-20,R07,B025,12,3,0,0,Fog,0.288,16.0,33.2,9.8,Completed
T008059,2026-08-20,R07,B027,13,3,0,0,Fog,0.347,11.0,33.2,10.1,Completed
T008060,2026-08-20,R07,B027,14,3,0,0,Fog,0.259,11.0,33.2,12.2,Completed
T008061,2026-08-20,R07,B028,15,3,0,0,Fog,0.3,8.0,33.2,10.7,Completed
T008062,2026-08-20,R07,B027,17,3,0,0,Fog,0.781,27.0,33.2,18.2,Completed
T008063,2026-08-20,R07,B025,18,3,0,0,Fog,0.773,21.0,33.2,16.0,Completed
T008064,2026-08-20,R07,B028,19,3,0,0,Fog,0.32,12.0,33.2,11.7,Completed
T008065,2026-08-20,R07,B025,20,3,0,0,Fog,0.324,11.0,33.2,10.7,Completed
T008066,2026-08-20,R07,B025,21,3,0,0,Fog,0.276,5.0,33.2,16.0,Completed
T008067,2026-08-20,R08,B031,8,3,0,0,Fog,0.798,24.0,26.8,15.5,Completed
T008068,2026-08-20,R08,B032,9,3,0,0,Fog,0.808,33.0,26.8,19.8,Completed
T008069,2026-08-20,R08,B029,15,3,0,0,Fog,0.285,10.0,26.8,11.6,Completed
T008070,2026-08-20,R08,B029,17,3,0,0,Fog,0.818,19.0,26.8,15.0,Completed
T008071,2026-08-20,R08,B032,18,3,0,0,Fog,0.797,33.0,26.8,17.5,Completed
T008072,2026-08-20,R08,B031,21,3,0,0,Fog,0.336,8.0,26.8,11.9,Completed
T008073,2026-08-20,R09,B033,5,3,0,0,Fog,0.326,5.0,63.6,17.6,Completed
T008074,2026-08-20,R09,B033,8,3,0,0,Fog,0.765,17.0,63.6,18.0,Completed
T008075,2026-08-20,R09,B033,9,3,0,0,Fog,0.824,24.0,63.6,15.7,Completed
T008076,2026-08-20,R09,B033,11,3,0,0,Fog,0.349,9.0,63.6,14.2,Completed
T008077,2026-08-20,R09,B034,12,3,0,0,Fog,0.298,11.0,63.6,8.3,Completed
T008078,2026-08-20,R09,B035,14,3,0,0,Fog,0.268,8.0,63.6,12.7,Completed
T008079,2026-08-20,R09,B035,15,3,0,0,Fog,0.298,10.0,63.6,8.2,Completed
T008080,2026-08-20,R09,B036,17,3,0,0,Fog,0.782,14.0,63.6,22.4,Completed
T008081,2026-08-20,R09,B035,18,3,0,0,Fog,0.816,21.0,63.6,16.1,Completed
T008082,2026-08-20,R09,B033,19,3,0,0,Fog,0.273,15.0,63.6,5.0,Completed
T008083,2026-08-20,R09,B034,20,3,0,0,Fog,0.31,8.0,63.6,7.5,Completed
T008084,2026-08-20,R09,B033,21,3,0,0,Fog,0.272,5.0,63.6,7.7,Completed
T008085,2026-08-20,R10,B038,8,3,0,0,Fog,0.774,18.0,38.0,18.5,Completed
T008086,2026-08-20,R10,B037,9,3,0,0,Fog,0.832,18.0,38.0,10.6,Completed
T008087,2026-08-20,R10,B037,10,3,0,0,Fog,0.341,14.0,38.0,8.1,Completed
T008088,2026-08-20,R10,B039,11,3,0,0,Fog,0.267,0.0,38.0,,Cancelled
T008089,2026-08-20,R10,B040,14,3,0,0,Fog,0.335,14.0,38.0,7.2,Completed
T008090,2026-08-20,R10,B038,15,3,0,0,Fog,0.256,12.0,38.0,6.1,Completed
T008091,2026-08-20,R10,B040,16,3,0,0,Fog,0.341,22.0,38.0,6.8,Completed
T008092,2026-08-20,R10,B039,17,3,0,0,Fog,0.837,17.0,38.0,13.2,Completed
T008093,2026-08-20,R10,B037,18,3,0,0,Fog,0.794,18.0,38.0,18.5,Completed
T008094,2026-08-20,R10,B039,19,3,0,0,Fog,0.25,15.0,38.0,10.1,Completed
T008095,2026-08-21,R01,B003,5,4,0,0,Heat,0.314,13.0,50.8,4.6,Completed
T008096,2026-08-21,R01,B004,7,4,0,0,Heat,0.252,0.0,50.8,,Cancelled
T008097,2026-08-21,R01,B001,8,4,0,0,Heat,0.772,29.0,50.8,11.6,Completed
T008098,2026-08-21,R01,B003,9,4,0,0,Heat,0.791,60.0,50.8,8.0,Completed
T008099,2026-08-21,R01,B003,10,4,0,0,Heat,0.257,49.0,50.8,1.2,Completed
T008100,2026-08-21,R01,B002,11,4,0,0,Heat,0.349,31.0,50.8,4.6,Completed
T008101,2026-08-21,R01,B001,12,4,0,0,Heat,0.265,22.0,50.8,9.6,Completed
T008102,2026-08-21,R01,B001,13,4,0,0,Heat,0.273,29.0,50.8,1.9,Completed
T008103,2026-08-21,R01,B002,14,4,0,0,Heat,0.279,14.0,50.8,6.7,Completed
T008104,2026-08-21,R01,B001,16,4,0,0,Heat,0.271,43.0,50.8,9.3,Completed
T008105,2026-08-21,R01,B002,17,4,0,0,Heat,0.751,48.0,50.8,13.1,Completed
T008106,2026-08-21,R01,B002,18,4,0,0,Heat,0.816,50.0,50.8,7.9,Completed
T008107,2026-08-21,R01,B002,21,4,0,0,Heat,0.255,17.0,50.8,8.5,Completed
T008108,2026-08-21,R02,B008,5,4,0,0,Heat,0.344,8.0,36.4,4.5,Completed
T008109,2026-08-21,R02,B008,6,4,0,0,Heat,0.27,17.0,36.4,-2.9,Completed
T008110,2026-08-21,R02,B006,8,4,0,0,Heat,0.831,52.0,36.4,13.4,Completed
T008111,2026-08-21,R02,B006,9,4,0,0,Heat,0.783,50.0,36.4,6.6,Completed
T008112,2026-08-21,R02,B007,10,4,0,0,Heat,0.336,30.0,36.4,1.1,Completed
T008113,2026-08-21,R02,B005,13,4,0,0,Heat,0.277,21.0,36.4,10.5,Completed
T008114,2026-08-21,R02,B005,14,4,0,0,Heat,0.314,13.0,36.4,15.3,Completed
T008115,2026-08-21,R02,B005,15,4,0,0,Heat,0.31,18.0,36.4,9.9,Completed
T008116,2026-08-21,R02,B007,17,4,0,0,Heat,0.831,38.0,36.4,15.1,Completed
T008117,2026-08-21,R02,B008,18,4,0,0,Heat,0.765,39.0,36.4,13.8,Completed
T008118,2026-08-21,R02,B005,19,4,0,0,Heat,0.324,17.0,36.4,9.8,Completed
T008119,2026-08-21,R03,B009,7,4,0,0,Heat,0.34,22.0,58.8,10.8,Completed
T008120,2026-08-21,R03,B009,8,4,0,0,Heat,0.784,36.0,58.8,14.7,Completed
T008121,2026-08-21,R03,B009,9,4,0,0,Heat,0.819,40.0,58.8,13.5,Completed
T008122,2026-08-21,R03,B012,13,4,0,0,Heat,0.304,36.0,58.8,11.3,Completed
T008123,2026-08-21,R03,B010,14,4,0,0,Heat,0.324,20.0,58.8,6.4,Completed
T008124,2026-08-21,R03,B012,17,4,0,0,Heat,0.81,0.0,58.8,,Cancelled
T008125,2026-08-21,R03,B012,18,4,0,0,Heat,0.76,48.0,58.8,9.6,Completed
T008126,2026-08-21,R03,B012,19,4,0,0,Heat,0.269,33.0,58.8,9.1,Completed
T008127,2026-08-21,R03,B011,20,4,0,0,Heat,0.296,18.0,58.8,7.3,Completed
T008128,2026-08-21,R03,B012,21,4,0,0,Heat,0.292,12.0,58.8,6.9,Completed
T008129,2026-08-21,R04,B014,7,4,0,0,Heat,0.309,22.0,28.4,5.3,Completed
T008130,2026-08-21,R04,B016,8,4,0,0,Heat,,16.0,28.4,10.6,Completed
T008131,2026-08-21,R04,B014,9,4,0,0,Heat,0.843,44.0,28.4,11.6,Completed
T008132,2026-08-21,R04,B015,11,4,0,0,Heat,0.311,16.0,28.4,3.9,Completed
T008133,2026-08-21,R04,B015,13,4,0,0,Heat,0.315,18.0,28.4,1.5,Completed
T008134,2026-08-21,R04,B016,14,4,0,0,Heat,0.34,15.0,28.4,8.0,Completed
T008135,2026-08-21,R04,B013,15,4,0,0,Heat,0.341,21.0,28.4,5.0,Completed
T008136,2026-08-21,R04,B015,16,4,0,0,Heat,0.31,24.0,28.4,5.4,Completed
T008137,2026-08-21,R04,B015,17,4,0,0,Heat,0.801,39.0,28.4,13.2,Completed
T008138,2026-08-21,R04,B015,18,4,0,0,Heat,0.815,40.0,28.4,11.9,Completed
T008139,2026-08-21,R04,B016,19,4,0,0,Heat,0.301,19.0,28.4,4.1,Completed
T008140,2026-08-21,R04,B016,20,4,0,0,Heat,0.26,11.0,28.4,0.2,Completed
T008141,2026-08-21,R05,B018,6,4,0,0,Heat,0.302,6.0,44.4,8.3,Completed
T008142,2026-08-21,R05,B020,7,4,0,0,Heat,0.29,20.0,44.4,-0.4,Completed
T008143,2026-08-21,R05,B018,8,4,0,0,Heat,0.805,29.0,44.4,14.1,Completed
T008144,2026-08-21,R05,B018,9,4,0,0,Heat,0.803,34.0,44.4,9.0,Completed
T008145,2026-08-21,R05,B017,10,4,0,0,Heat,0.339,19.0,44.4,6.7,Completed
T008146,2026-08-21,R05,B017,12,4,0,0,Heat,0.291,20.0,44.4,1.9,Completed
T008147,2026-08-21,R05,B019,13,4,0,0,Heat,0.316,22.0,44.4,3.7,Completed
T008148,2026-08-21,R05,B019,15,4,0,0,Heat,0.28,20.0,44.4,1.4,Completed
T008149,2026-08-21,R05,B018,17,4,0,0,Heat,0.846,26.0,44.4,12.1,Completed
T008150,2026-08-21,R05,B020,18,4,0,0,Heat,0.841,29.0,44.4,7.8,Completed
T008151,2026-08-21,R05,B019,21,4,0,0,Heat,0.322,10.0,44.4,4.7,Completed
T008152,2026-08-21,R06,B021,6,4,0,0,Heat,0.324,15.0,41.2,7.7,Completed
T008153,2026-08-21,R06,B021,8,4,0,0,Heat,0.793,34.0,41.2,11.0,Completed
T008154,2026-08-21,R06,B024,9,4,0,0,Heat,0.816,44.0,41.2,12.9,Completed
T008155,2026-08-21,R06,B022,11,4,0,0,Heat,0.296,18.0,41.2,4.1,Completed
T008156,2026-08-21,R06,B024,14,4,0,0,Heat,0.256,26.0,41.2,10.5,Completed
T008157,2026-08-21,R06,B021,16,4,0,0,Heat,0.318,29.0,41.2,10.7,Completed
T008158,2026-08-21,R06,B022,17,4,0,0,Heat,0.77,33.0,41.2,7.3,Completed
T008159,2026-08-21,R06,B023,18,4,0,0,Heat,0.815,51.0,41.2,15.3,Completed
T008160,2026-08-21,R06,B023,20,4,0,0,Heat,0.276,18.0,41.2,5.5,Completed
T008161,2026-08-21,R06,B024,21,4,0,0,Heat,0.26,14.0,41.2,0.0,Completed
T008162,2026-08-21,R07,B028,5,4,0,0,Heat,0.345,5.0,33.2,8.1,Completed
T008163,2026-08-21,R07,B028,7,4,0,0,Heat,0.29,14.0,33.2,5.4,Completed
T008164,2026-08-21,R07,B028,8,4,0,0,Heat,0.845,14.0,33.2,12.7,Completed
T008165,2026-08-21,R07,B027,9,4,0,0,Heat,0.804,31.0,33.2,14.2,Completed
T008166,2026-08-21,R07,B026,13,4,0,0,Heat,0.31,12.0,33.2,9.2,Completed
T008167,2026-08-21,R07,B027,14,4,0,0,Heat,0.279,15.0,33.2,9.4,Completed
T008168,2026-08-21,R07,B026,16,4,0,0,Heat,0.288,14.0,33.2,10.4,Completed
T008169,2026-08-21,R07,B027,17,4,0,0,Heat,0.816,26.0,33.2,13.8,Completed
T008170,2026-08-21,R07,B026,18,4,0,0,Heat,0.769,17.0,33.2,12.6,Completed
T008171,2026-08-21,R07,B028,20,4,0,0,Heat,0.253,10.0,33.2,3.0,Completed
T008172,2026-08-21,R07,B026,21,4,0,0,Heat,0.307,4.0,33.2,2.1,Completed
T008173,2026-08-21,R08,B029,7,4,0,0,Heat,0.3,17.0,26.8,7.4,Completed
T008174,2026-08-21,R08,B031,8,4,0,0,Heat,0.769,24.0,26.8,14.3,Completed
T008175,2026-08-21,R08,B031,9,4,0,0,Heat,0.845,37.0,26.8,11.8,Completed
T008176,2026-08-21,R08,B031,15,4,0,0,Heat,0.336,15.0,26.8,6.8,Completed
T008177,2026-08-21,R08,B031,17,4,0,0,Heat,0.818,25.0,26.8,8.1,Completed
T008178,2026-08-21,R08,B029,18,4,0,0,Heat,0.758,22.0,26.8,13.6,Completed
T008179,2026-08-21,R08,B032,19,4,0,0,Heat,0.283,31.0,26.8,8.3,Completed
T008180,2026-08-21,R08,B030,20,4,0,0,Heat,0.269,15.0,26.8,5.9,Completed
T008181,2026-08-21,R09,B035,7,4,0,0,Heat,0.279,13.0,63.6,5.2,Completed
T008182,2026-08-21,R09,B036,8,4,0,0,Heat,0.759,14.0,63.6,9.4,Completed
T008183,2026-08-21,R09,B034,9,4,0,0,Heat,0.775,32.0,63.6,13.2,Completed
T008184,2026-08-21,R09,B034,11,4,0,0,Heat,0.314,11.0,63.6,14.8,Completed
T008185,2026-08-21,R09,B034,15,4,0,0,Heat,0.294,16.0,63.6,10.2,Completed
T008186,2026-08-21,R09,B034,17,4,0,0,Heat,0.758,23.0,63.6,10.4,Completed
T008187,2026-08-21,R09,B036,18,4,0,0,Heat,0.755,17.0,63.6,14.8,Completed
T008188,2026-08-21,R09,B035,19,4,0,0,Heat,0.257,18.0,63.6,9.1,Completed
T008189,2026-08-21,R10,B037,5,4,0,0,Heat,0.299,4.0,38.0,4.0,Completed
T008190,2026-08-21,R10,B039,6,4,0,0,Heat,0.315,11.0,38.0,6.0,Completed
T008191,2026-08-21,R10,B037,7,4,0,0,Heat,0.338,,38.0,5.7,Completed
T008192,2026-08-21,R10,B037,8,4,0,0,Heat,0.763,23.0,38.0,13.5,Completed
T008193,2026-08-21,R10,B040,9,4,0,0,Heat,0.768,28.0,38.0,12.1,Completed
T008194,2026-08-21,R10,B039,10,4,0,0,Heat,0.277,16.0,38.0,5.1,Completed
T008195,2026-08-21,R10,B038,11,4,0,0,Heat,0.295,15.0,38.0,1.3,Completed
T008196,2026-08-21,R10,B039,12,4,0,0,Heat,0.275,10.0,38.0,3.8,Completed
T008197,2026-08-21,R10,B040,17,4,0,0,Heat,0.827,27.0,38.0,8.4,Completed
T008198,2026-08-21,R10,B037,18,4,0,0,Heat,0.805,23.0,38.0,7.9,Completed
T008199,2026-08-21,R10,B039,20,4,0,0,Heat,0.347,9.0,38.0,4.5,Completed
T008200,2026-08-21,R10,B039,21,4,0,0,Heat,0.345,6.0,38.0,6.3,Completed
T008201,2026-08-22,R01,B002,6,5,1,0,Fog,0.179,12.0,50.8,12.5,Completed
T008202,2026-08-22,R01,B004,8,5,1,0,Fog,0.66,,50.8,20.6,Completed
T008203,2026-08-22,R01,B001,9,5,1,0,Fog,0.604,27.0,50.8,14.0,Completed
T008204,2026-08-22,R01,B002,11,5,1,0,Fog,0.133,17.0,50.8,9.5,Completed
T008205,2026-08-22,R01,B002,14,5,1,0,Fog,0.16,15.0,50.8,6.2,Completed
T008206,2026-08-22,R01,B003,16,5,1,0,Fog,0.143,24.0,50.8,9.0,Completed
T008207,2026-08-22,R01,B003,17,5,1,0,Fog,0.695,32.0,50.8,15.5,Completed
T008208,2026-08-22,R01,B003,18,5,1,0,Fog,0.625,40.0,50.8,11.3,Completed
T008209,2026-08-22,R01,B003,19,5,1,0,Fog,0.183,24.0,50.8,15.8,Completed
T008210,2026-08-22,R02,B008,5,5,1,0,Fog,0.121,6.0,36.4,9.8,Completed
T008211,2026-08-22,R02,B007,8,5,1,0,Fog,0.666,30.0,36.4,240.0,Completed
T008212,2026-08-22,R02,B008,9,5,1,0,Fog,0.657,23.0,36.4,9.9,Completed
T008213,2026-08-22,R02,B006,11,5,1,0,Fog,0.136,12.0,36.4,8.4,Completed
T008214,2026-08-22,R02,B006,16,5,1,0,Fog,0.183,22.0,36.4,11.1,Completed
T008215,2026-08-22,R02,B008,17,5,1,0,Fog,0.627,23.0,36.4,10.5,Completed
T008216,2026-08-22,R02,B007,18,5,1,0,Fog,0.689,28.0,36.4,13.1,Completed
T008217,2026-08-22,R02,B006,19,5,1,0,Fog,0.15,20.0,36.4,13.4,Completed
T008218,2026-08-22,R03,B009,5,5,1,0,Fog,0.134,4.0,58.8,19.2,Completed
T008219,2026-08-22,R03,B012,6,5,1,0,Fog,0.162,15.0,58.8,10.7,Completed
T008220,2026-08-22,R03,B012,8,5,1,0,Fog,0.682,29.0,58.8,18.2,Completed
T008221,2026-08-22,R03,B009,9,5,1,0,Fog,0.688,24.0,58.8,15.2,Completed
T008222,2026-08-22,R03,B011,11,5,1,0,Fog,0.164,12.0,58.8,3.7,Completed
T008223,2026-08-22,R03,B009,13,5,1,0,Fog,0.175,12.0,58.8,12.6,Completed
T008224,2026-08-22,R03,B009,15,5,1,0,Fog,0.172,8.0,58.8,12.3,Completed
T008225,2026-08-22,R03,B011,17,5,1,0,Fog,0.652,27.0,58.8,24.0,Completed
T008226,2026-08-22,R03,B012,18,5,1,0,Fog,0.684,40.0,58.8,19.8,Completed
T008227,2026-08-22,R03,B011,21,5,1,0,Fog,0.132,7.0,58.8,8.3,Completed
T008228,2026-08-22,R04,B014,5,5,1,0,Fog,0.117,8.0,28.4,2.7,Completed
T008229,2026-08-22,R04,B015,6,5,1,0,Fog,0.146,7.0,28.4,8.1,Completed
T008230,2026-08-22,R04,B013,8,5,1,0,Fog,0.679,24.0,28.4,16.7,Completed
T008231,2026-08-22,R04,B013,9,5,1,0,Fog,0.694,24.0,28.4,19.6,Completed
T008232,2026-08-22,R04,B013,10,5,1,0,Fog,0.163,15.0,28.4,13.1,Completed
T008233,2026-08-22,R04,B014,12,5,1,0,Fog,0.175,16.0,28.4,8.7,Completed
T008234,2026-08-22,R04,B015,17,5,1,0,Fog,0.636,18.0,28.4,16.6,Completed
T008235,2026-08-22,R04,B016,18,5,1,0,Fog,0.697,17.0,28.4,15.6,Completed
T008236,2026-08-22,R04,B015,20,5,1,0,Fog,0.101,10.0,28.4,12.8,Completed
T008237,2026-08-22,R05,B020,5,5,1,0,Fog,,0.0,44.4,,Cancelled
T008238,2026-08-22,R05,B019,8,5,1,0,Fog,0.644,24.0,44.4,14.8,Completed
T008239,2026-08-22,R05,B018,9,5,1,0,Fog,0.663,13.0,44.4,16.6,Completed
T008240,2026-08-22,R05,B017,10,5,1,0,Fog,0.187,12.0,44.4,4.9,Completed
T008241,2026-08-22,R05,B017,11,5,1,0,Fog,0.185,11.0,44.4,7.4,Completed
T008242,2026-08-22,R05,B017,13,5,1,0,Fog,0.144,9.0,44.4,8.4,Completed
T008243,2026-08-22,R05,B019,15,5,1,0,Fog,0.17,,44.4,8.4,Completed
T008244,2026-08-22,R05,B019,17,5,1,0,Fog,0.649,22.0,44.4,9.5,Completed
T008245,2026-08-22,R05,B018,18,5,1,0,Fog,0.609,13.0,44.4,15.0,Completed
T008246,2026-08-22,R06,B021,7,5,1,0,Fog,0.115,13.0,41.2,15.0,Completed
T008247,2026-08-22,R06,B023,8,5,1,0,Fog,0.627,23.0,41.2,14.2,Completed
T008248,2026-08-22,R06,B021,9,5,1,0,Fog,0.661,26.0,41.2,13.2,Completed
T008249,2026-08-22,R06,B021,10,5,1,0,Fog,0.134,15.0,41.2,8.3,Completed
T008250,2026-08-22,R06,B021,11,5,1,0,Fog,0.144,9.0,41.2,8.7,Completed
T008251,2026-08-22,R06,B024,12,5,1,0,Fog,0.15,14.0,41.2,5.9,Completed
T008252,2026-08-22,R06,B024,13,5,1,0,Fog,0.182,18.0,41.2,7.4,Completed
T008253,2026-08-22,R06,B023,15,5,1,0,Fog,0.178,19.0,41.2,12.7,Completed
T008254,2026-08-22,R06,B023,16,5,1,0,Fog,0.139,18.0,41.2,9.2,Completed
T008255,2026-08-22,R06,B022,17,5,1,0,Fog,0.645,20.0,41.2,15.8,Completed
T008256,2026-08-22,R06,B024,18,5,1,0,Fog,0.627,21.0,41.2,9.9,Completed
T008257,2026-08-22,R06,B022,19,5,1,0,Fog,0.167,16.0,41.2,11.2,Completed
T008258,2026-08-22,R06,B023,20,5,1,0,Fog,0.104,13.0,41.2,6.9,Completed
T008259,2026-08-22,R06,B024,21,5,1,0,Fog,0.188,7.0,41.2,6.5,Completed
T008260,2026-08-22,R07,B028,6,5,1,0,Fog,0.165,5.0,33.2,5.8,Completed
T008261,2026-08-22,R07,B026,7,5,1,0,Fog,0.142,10.0,33.2,8.1,Completed
T008262,2026-08-22,R07,B025,8,5,1,0,Fog,0.62,15.0,33.2,13.7,Completed
T008263,2026-08-22,R07,B026,9,5,1,0,Fog,0.658,8.0,33.2,14.7,Completed
T008264,2026-08-22,R07,B028,10,5,1,0,Fog,0.136,7.0,33.2,8.3,Completed
T008265,2026-08-22,R07,B025,12,5,1,0,Fog,0.159,10.0,33.2,11.2,Completed
T008266,2026-08-22,R07,B028,14,5,1,0,Fog,0.153,5.0,33.2,8.8,Completed
T008267,2026-08-22,R07,B026,15,5,1,0,Fog,0.107,7.0,33.2,9.3,Completed
T008268,2026-08-22,R07,B028,17,5,1,0,Fog,0.65,12.0,33.2,13.7,Completed
T008269,2026-08-22,R07,B026,18,5,1,0,Fog,0.685,14.0,33.2,15.6,Completed
T008270,2026-08-22,R07,B027,19,5,1,0,Fog,0.181,10.0,33.2,12.0,Completed
T008271,2026-08-22,R07,B027,21,5,1,0,Fog,0.118,5.0,33.2,12.8,Completed
T008272,2026-08-22,R08,B032,8,5,1,0,Fog,0.67,0.0,26.8,,Cancelled
T008273,2026-08-22,R08,B030,9,5,1,0,Fog,0.673,23.0,26.8,14.5,Completed
T008274,2026-08-22,R08,B031,14,5,1,0,Fog,0.19,9.0,26.8,8.9,Completed
T008275,2026-08-22,R08,B031,17,5,1,0,Fog,0.618,16.0,26.8,16.0,Completed
T008276,2026-08-22,R08,B031,18,5,1,0,Fog,0.628,13.0,26.8,14.8,Completed
T008277,2026-08-22,R08,B030,19,5,1,0,Fog,0.193,16.0,26.8,8.8,Completed
T008278,2026-08-22,R08,B031,20,5,1,0,Fog,0.18,7.0,26.8,11.7,Completed
T008279,2026-08-22,R09,B036,5,5,1,0,Fog,0.194,3.0,63.6,16.1,Completed
T008280,2026-08-22,R09,B034,7,5,1,0,Fog,0.165,8.0,63.6,10.7,Completed
T008281,2026-08-22,R09,B036,8,5,1,0,Fog,0.689,0.0,63.6,,Cancelled
T008282,2026-08-22,R09,B033,9,5,1,0,Fog,0.638,14.0,63.6,16.4,Completed
T008283,2026-08-22,R09,B034,10,5,1,0,Fog,0.152,8.0,63.6,5.1,Completed
T008284,2026-08-22,R09,B033,11,5,1,0,Fog,0.123,8.0,63.6,12.9,Completed
T008285,2026-08-22,R09,B035,12,5,1,0,Fog,0.166,8.0,63.6,15.4,Completed
T008286,2026-08-22,R09,B033,13,5,1,0,Fog,0.115,4.0,63.6,9.3,Completed
T008287,2026-08-22,R09,B036,14,5,1,0,Fog,0.162,0.0,63.6,,Cancelled
T008288,2026-08-22,R09,B036,15,5,1,0,Fog,0.137,6.0,63.6,8.2,Completed
T008289,2026-08-22,R09,B034,17,5,1,0,Fog,0.622,16.0,63.6,15.4,Completed
T008290,2026-08-22,R09,B033,18,5,1,0,Fog,0.691,12.0,63.6,12.7,Completed
T008291,2026-08-22,R09,B034,19,5,1,0,Fog,0.13,10.0,63.6,8.3,Completed
T008292,2026-08-22,R09,B034,20,5,1,0,Fog,0.179,5.0,63.6,10.0,Completed
T008293,2026-08-22,R09,B033,21,5,1,0,Fog,0.175,3.0,63.6,9.5,Completed
T008294,2026-08-22,R10,B037,6,5,1,0,Fog,0.185,,38.0,5.4,Completed
T008295,2026-08-22,R10,B039,8,5,1,0,Fog,0.641,13.0,38.0,11.1,Completed
T008296,2026-08-22,R10,B040,9,5,1,0,Fog,0.636,21.0,38.0,14.9,Completed
T008297,2026-08-22,R10,B038,10,5,1,0,Fog,0.173,0.0,38.0,,Cancelled
T008298,2026-08-22,R10,B038,11,5,1,0,Fog,0.163,8.0,38.0,8.0,Completed
T008299,2026-08-22,R10,B039,13,5,1,0,Fog,0.147,7.0,38.0,5.5,Completed
T008300,2026-08-22,R10,B038,14,5,1,0,Fog,0.17,9.0,38.0,4.3,Completed
T008301,2026-08-22,R10,B040,17,5,1,0,,0.663,17.0,38.0,17.5,Completed
T008302,2026-08-22,R10,B038,18,5,1,0,Fog,0.607,0.0,38.0,,Cancelled
T008303,2026-08-23,R01,B004,7,6,1,0,Clear,0.143,22.0,50.8,7.2,Completed
T008304,2026-08-23,R01,B001,8,6,1,0,Clear,0.627,44.0,50.8,14.1,Completed
T008305,2026-08-23,R01,B001,9,6,1,0,Clear,0.603,37.0,50.8,13.9,Completed
T008306,2026-08-23,R01,B004,11,6,1,0,Clear,0.136,15.0,50.8,7.0,Completed
T008307,2026-08-23,R01,B003,15,6,1,0,Clear,0.156,30.0,50.8,2.6,Completed
T008308,2026-08-23,R01,B004,17,6,1,0,Clear,0.674,34.0,50.8,14.7,Completed
T008309,2026-08-23,R01,B002,18,6,1,0,Clear,0.674,33.0,50.8,240.0,Completed
T008310,2026-08-23,R01,B002,20,6,1,0,Clear,0.121,15.0,50.8,2.6,Completed
T008311,2026-08-23,R01,B002,21,6,1,0,Clear,0.175,10.0,50.8,8.1,Completed
T008312,2026-08-23,R02,B007,5,6,1,0,Clear,0.128,6.0,36.4,0.9,Completed
T008313,2026-08-23,R02,B007,6,6,1,0,Clear,0.116,13.0,36.4,-3.0,Completed
T008314,2026-08-23,R02,B007,8,6,1,0,Clear,0.686,31.0,36.4,5.3,Completed
T008315,2026-08-23,R02,B007,9,6,1,0,Clear,0.694,36.0,36.4,9.1,Completed
T008316,2026-08-23,R02,B007,10,6,1,0,Clear,0.184,21.0,36.4,1.8,Completed
T008317,2026-08-23,R02,B005,11,6,1,0,Clear,0.129,13.0,36.4,5.7,Completed
T008318,2026-08-23,R02,B005,14,6,1,0,Clear,0.11,12.0,36.4,3.9,Completed
T008319,2026-08-23,R02,B008,15,6,1,0,Clear,0.189,18.0,36.4,5.0,Completed
T008320,2026-08-23,R02,B006,16,6,1,0,Clear,0.153,30.0,36.4,9.2,Completed
T008321,2026-08-23,R02,B005,17,6,1,0,Clear,0.602,0.0,36.4,,Cancelled
T008322,2026-08-23,R02,B006,18,6,1,0,Clear,0.647,35.0,36.4,8.3,Completed
T008323,2026-08-23,R03,B012,5,6,1,0,Clear,0.144,8.0,58.8,3.9,Completed
T008324,2026-08-23,R03,B012,6,6,1,0,Clear,0.14,18.0,58.8,12.4,Completed
T008325,2026-08-23,R03,B009,8,6,1,0,Clear,0.642,22.0,58.8,13.0,Completed
T008326,2026-08-23,R03,B009,9,6,1,0,Clear,0.699,30.0,58.8,12.2,Completed
T008327,2026-08-23,R03,B009,10,6,1,0,,0.166,23.0,58.8,6.4,Completed
T008328,2026-08-23,R03,B012,14,6,1,0,Clear,0.176,19.0,58.8,5.5,Completed
T008329,2026-08-23,R03,B011,17,6,1,0,Clear,0.686,36.0,58.8,11.6,Completed
T008330,2026-08-23,R03,B011,18,6,1,0,Clear,0.645,31.0,58.8,11.5,Completed
T008331,2026-08-23,R03,B012,19,6,1,0,Clear,0.123,39.0,58.8,5.7,Completed
T008332,2026-08-23,R04,B013,8,6,1,0,Clear,0.63,22.0,28.4,9.5,Completed
T008333,2026-08-23,R04,B015,9,6,1,0,Clear,0.627,28.0,28.4,14.3,Completed
T008334,2026-08-23,R04,B013,10,6,1,0,Clear,0.149,18.0,28.4,1.4,Completed
T008335,2026-08-23,R04,B016,11,6,1,0,Clear,0.114,11.0,28.4,1.3,Completed
T008336,2026-08-23,R04,B014,12,6,1,0,Clear,0.167,18.0,28.4,8.1,Completed
T008337,2026-08-23,R04,B015,15,6,1,0,Clear,0.15,14.0,28.4,2.9,Completed
T008338,2026-08-23,R04,B016,17,6,1,0,Clear,0.613,15.0,28.4,6.8,Completed
T008339,2026-08-23,R04,B016,18,6,1,0,Clear,0.698,28.0,28.4,10.8,Completed
T008340,2026-08-23,R05,B018,7,6,1,0,Clear,0.12,9.0,44.4,2.3,Completed
T008341,2026-08-23,R05,B019,8,6,1,0,Clear,0.628,14.0,44.4,7.4,Completed
T008342,2026-08-23,R05,B019,9,6,1,0,Clear,0.653,18.0,44.4,18.2,Completed
T008343,2026-08-23,R05,B019,11,6,1,0,Clear,0.134,13.0,44.4,8.0,Completed
T008344,2026-08-23,R05,B017,12,6,1,0,Clear,0.14,10.0,44.4,0.8,Completed
T008345,2026-08-23,R05,B020,13,6,1,0,Clear,0.194,14.0,44.4,5.6,Completed
T008346,2026-08-23,R05,B017,14,6,1,0,Clear,0.12,13.0,44.4,-0.2,Completed
T008347,2026-08-23,R05,B018,16,6,1,0,Clear,0.181,11.0,44.4,2.1,Completed
T008348,2026-08-23,R05,B019,17,6,1,0,Clear,0.64,29.0,44.4,9.1,Completed
T008349,2026-08-23,R05,B020,18,6,1,0,Clear,0.601,25.0,44.4,7.3,Completed
T008350,2026-08-23,R06,B021,8,6,1,0,Clear,0.603,31.0,41.2,9.7,Completed
T008351,2026-08-23,R06,B023,9,6,1,0,Clear,0.68,39.0,41.2,12.5,Completed
T008352,2026-08-23,R06,B024,12,6,1,0,Clear,0.187,17.0,41.2,4.6,Completed
T008353,2026-08-23,R06,B024,17,6,1,0,Clear,0.672,18.0,41.2,7.4,Completed
T008354,2026-08-23,R06,B021,18,6,1,0,Clear,0.689,33.0,41.2,10.6,Completed
T008355,2026-08-23,R06,B022,20,6,1,0,Clear,0.181,15.0,41.2,-0.6,Completed
T008356,2026-08-23,R06,B021,21,6,1,0,Clear,0.192,7.0,41.2,3.3,Completed
T008357,2026-08-23,R07,B028,6,6,1,0,Clear,0.136,5.0,33.2,1.3,Completed
T008358,2026-08-23,R07,B025,8,6,1,0,Clear,0.694,22.0,33.2,12.9,Completed
T008359,2026-08-23,R07,B028,9,6,1,0,Clear,0.626,14.0,33.2,13.8,Completed
T008360,2026-08-23,R07,B027,10,6,1,0,Clear,0.125,14.0,33.2,0.6,Completed
T008361,2026-08-23,R07,B026,11,6,1,0,Clear,0.15,8.0,33.2,5.0,Completed
T008362,2026-08-23,R07,B025,12,6,1,0,Clear,0.104,9.0,33.2,6.0,Completed
T008363,2026-08-23,R07,B025,13,6,1,0,Clear,0.181,11.0,33.2,5.5,Completed
T008364,2026-08-23,R07,B026,15,6,1,0,Clear,0.107,9.0,33.2,5.1,Completed
T008365,2026-08-23,R07,B025,16,6,1,0,Clear,0.173,12.0,33.2,3.0,Completed
T008366,2026-08-23,R07,B026,17,6,1,0,Clear,0.654,16.0,33.2,11.7,Completed
T008367,2026-08-23,R07,B028,18,6,1,0,Clear,0.647,,33.2,12.5,Completed
T008368,2026-08-23,R08,B029,5,6,1,0,Clear,0.179,4.0,26.8,5.1,Completed
T008369,2026-08-23,R08,B031,8,6,1,0,Clear,0.651,27.0,26.8,7.8,Completed
T008370,2026-08-23,R08,B031,9,6,1,0,Clear,0.691,30.0,26.8,13.5,Completed
T008371,2026-08-23,R08,B030,11,6,1,0,Clear,0.115,12.0,26.8,1.1,Completed
T008372,2026-08-23,R08,B030,14,6,1,0,Clear,0.142,12.0,26.8,4.7,Completed
T008373,2026-08-23,R08,B030,15,6,1,0,Clear,0.149,16.0,26.8,4.6,Completed
T008374,2026-08-23,R08,B029,17,6,1,0,Clear,0.663,16.0,26.8,10.1,Completed
T008375,2026-08-23,R08,B031,18,6,1,0,Clear,0.697,28.0,26.8,4.1,Completed
T008376,2026-08-23,R08,B031,19,6,1,0,Clear,0.145,12.0,26.8,3.6,Completed
T008377,2026-08-23,R08,B029,20,6,1,0,Clear,0.197,10.0,26.8,4.0,Completed
T008378,2026-08-23,R09,B035,6,6,1,0,Clear,0.173,7.0,63.6,6.7,Completed
T008379,2026-08-23,R09,B036,8,6,1,0,,0.616,15.0,63.6,14.1,Completed
T008380,2026-08-23,R09,B034,9,6,1,0,Clear,0.689,16.0,63.6,8.9,Completed
T008381,2026-08-23,R09,B036,11,6,1,0,Clear,0.154,5.0,63.6,4.5,Completed
T008382,2026-08-23,R09,B036,12,6,1,0,Clear,0.141,6.0,63.6,7.9,Completed
T008383,2026-08-23,R09,B033,13,6,1,0,Clear,0.194,9.0,63.6,6.1,Completed
T008384,2026-08-23,R09,B033,14,6,1,0,Clear,0.171,7.0,63.6,4.2,Completed
T008385,2026-08-23,R09,B036,15,6,1,0,Clear,0.114,8.0,63.6,3.8,Completed
T008386,2026-08-23,R09,B033,16,6,1,0,Clear,0.15,13.0,63.6,6.1,Completed
T008387,2026-08-23,R09,B035,17,6,1,0,Clear,0.689,13.0,63.6,6.4,Completed
T008388,2026-08-23,R09,B035,18,6,1,0,Clear,0.619,19.0,63.6,11.1,Completed
T008389,2026-08-23,R09,B034,19,6,1,0,Clear,0.129,13.0,63.6,4.2,Completed
T008390,2026-08-23,R10,B037,8,6,1,0,Clear,0.641,16.0,38.0,12.9,Completed
T008391,2026-08-23,R10,B039,9,6,1,0,Clear,0.678,24.0,38.0,9.3,Completed
T008392,2026-08-23,R10,B038,10,6,1,0,Clear,0.165,17.0,38.0,4.4,Completed
T008393,2026-08-23,R10,B038,11,6,1,0,Clear,0.154,12.0,38.0,3.8,Completed
T008394,2026-08-23,R10,B037,12,6,1,0,Clear,0.174,8.0,38.0,-0.5,Completed
T008395,2026-08-23,R10,B039,13,6,1,0,Clear,0.163,10.0,38.0,9.5,Completed
T008396,2026-08-23,R10,B038,15,6,1,0,Clear,0.117,,38.0,2.2,Completed
T008397,2026-08-23,R10,B039,16,6,1,0,Clear,0.136,12.0,38.0,2.8,Completed
T008398,2026-08-23,R10,B039,17,6,1,0,Clear,0.63,13.0,38.0,4.0,Completed
T008399,2026-08-23,R10,B037,18,6,1,0,Clear,0.602,19.0,38.0,7.4,Completed
T008400,2026-08-23,R10,B038,21,6,1,0,Clear,0.102,6.0,38.0,6.4,Completed
T008401,2026-08-24,R01,B003,6,0,0,0,Heat,0.271,23.0,50.8,3.9,Completed
T008402,2026-08-24,R01,B001,7,0,0,0,Heat,0.324,26.0,50.8,7.3,Completed
T008403,2026-08-24,R01,B003,8,0,0,0,Heat,0.841,47.0,50.8,-0.3,Completed
T008404,2026-08-24,R01,B003,9,0,0,0,Heat,0.778,60.0,50.8,17.5,Completed
T008405,2026-08-24,R01,B002,11,0,0,0,,0.263,28.0,50.8,4.2,Completed
T008406,2026-08-24,R01,B002,12,0,0,0,Heat,0.34,26.0,50.8,9.5,Completed
T008407,2026-08-24,R01,B002,17,0,0,0,Heat,0.754,50.0,50.8,9.5,Completed
T008408,2026-08-24,R01,B001,18,0,0,0,Heat,0.758,39.0,50.8,14.0,Completed
T008409,2026-08-24,R01,B003,20,0,0,0,Heat,0.305,30.0,50.8,4.7,Completed
T008410,2026-08-24,R02,B006,8,0,0,0,Heat,0.841,44.0,36.4,16.4,Completed
T008411,2026-08-24,R02,B006,9,0,0,0,Heat,0.809,52.0,36.4,14.1,Completed
T008412,2026-08-24,R02,B007,11,0,0,0,Heat,0.263,21.0,36.4,8.8,Completed
T008413,2026-08-24,R02,B007,12,0,0,0,Heat,0.318,19.0,36.4,-0.2,Completed
T008414,2026-08-24,R02,B005,13,0,0,0,Heat,0.306,20.0,36.4,7.1,Completed
T008415,2026-08-24,R02,B007,16,0,0,0,Heat,0.333,29.0,36.4,0.3,Completed
T008416,2026-08-24,R02,B005,17,0,0,0,Heat,0.79,27.0,36.4,14.1,Completed
T008417,2026-08-24,R02,B008,18,0,0,0,Heat,0.81,40.0,36.4,9.4,Completed
T008418,2026-08-24,R03,B010,5,0,0,0,Heat,0.312,7.0,58.8,13.9,Completed
T008419,2026-08-24,R03,B010,6,0,0,0,Heat,0.268,18.0,58.8,5.5,Completed
T008420,2026-08-24,R03,B009,8,0,0,0,Heat,0.768,30.0,58.8,12.9,Completed
T008421,2026-08-24,R03,B009,9,0,0,0,Heat,0.777,27.0,58.8,14.9,Completed
T008422,2026-08-24,R03,B009,10,0,0,0,Heat,0.314,22.0,58.8,7.4,Completed
T008423,2026-08-24,R03,B012,12,0,0,0,Heat,0.332,27.0,58.8,12.2,Completed
T008424,2026-08-24,R03,B011,13,0,0,0,Heat,0.258,19.0,58.8,8.3,Completed
T008425,2026-08-24,R03,B009,17,0,0,0,Heat,0.843,35.0,58.8,14.0,Completed
T008426,2026-08-24,R03,B010,18,0,0,0,Heat,0.786,50.0,58.8,13.5,Completed
T008427,2026-08-24,R03,B012,19,0,0,0,Heat,0.263,35.0,58.8,5.1,Completed
T008428,2026-08-24,R03,B011,21,0,0,0,Heat,0.254,12.0,58.8,1.9,Completed
T008429,2026-08-24,R04,B016,5,0,0,0,,0.311,6.0,28.4,4.8,Completed
T008430,2026-08-24,R04,B013,6,0,0,0,Heat,0.301,8.0,28.4,8.6,Completed
T008431,2026-08-24,R04,B015,7,0,0,0,Heat,0.268,25.0,28.4,7.7,Completed
T008432,2026-08-24,R04,B014,8,0,0,0,Heat,0.834,49.0,28.4,15.2,Completed
T008433,2026-08-24,R04,B014,9,0,0,0,Heat,0.803,43.0,28.4,16.5,Completed
T008434,2026-08-24,R04,B015,10,0,0,0,Heat,0.347,22.0,28.4,10.1,Completed
T008435,2026-08-24,R04,B014,11,0,0,0,Heat,0.319,24.0,28.4,9.9,Completed
T008436,2026-08-24,R04,B014,14,0,0,0,Heat,0.326,21.0,28.4,4.4,Completed
T008437,2026-08-24,R04,B015,16,0,0,0,Heat,0.297,24.0,28.4,7.4,Completed
T008438,2026-08-24,R04,B016,17,0,0,0,Heat,0.826,28.0,28.4,13.2,Completed
T008439,2026-08-24,R04,B015,18,0,0,0,Heat,0.829,48.0,28.4,8.0,Completed
T008440,2026-08-24,R04,B013,20,0,0,0,Heat,0.261,17.0,28.4,5.2,Completed
T008441,2026-08-24,R04,B015,21,0,0,0,Heat,0.272,8.0,28.4,8.0,Completed
T008442,2026-08-24,R05,B020,8,0,0,0,Heat,0.808,31.0,44.4,8.4,Completed
T008443,2026-08-24,R05,B019,9,0,0,0,Heat,0.759,38.0,44.4,8.1,Completed
T008444,2026-08-24,R05,B017,10,0,0,0,Heat,0.293,0.0,44.4,,Cancelled
T008445,2026-08-24,R05,B019,13,0,0,0,Heat,0.332,20.0,44.4,9.1,Completed
T008446,2026-08-24,R05,B020,15,0,0,0,Heat,0.26,15.0,44.4,7.7,Completed
T008447,2026-08-24,R05,B018,16,0,0,0,Heat,0.27,15.0,44.4,9.2,Completed
T008448,2026-08-24,R05,B017,17,0,0,0,Heat,0.82,29.0,44.4,9.1,Completed
T008449,2026-08-24,R05,B020,18,0,0,0,Heat,0.8,28.0,44.4,14.9,Completed
T008450,2026-08-24,R05,B020,19,0,0,0,Heat,0.348,18.0,44.4,3.5,Completed
T008451,2026-08-24,R05,B018,21,0,0,0,Heat,0.345,7.0,44.4,12.1,Completed
T008452,2026-08-24,R06,B024,6,0,0,0,Heat,0.314,14.0,41.2,5.1,Completed
T008453,2026-08-24,R06,B021,7,0,0,0,Heat,0.322,0.0,41.2,,Cancelled
T008454,2026-08-24,R06,B023,8,0,0,0,Heat,0.769,50.0,41.2,9.7,Completed
T008455,2026-08-24,R06,B024,9,0,0,0,Heat,0.846,50.0,41.2,5.4,Completed
T008456,2026-08-24,R06,B023,11,0,0,0,Heat,0.277,15.0,41.2,10.0,Completed
T008457,2026-08-24,R06,B023,12,0,0,0,Heat,0.295,20.0,41.2,6.7,Completed
T008458,2026-08-24,R06,B022,15,0,0,0,Heat,0.303,19.0,41.2,9.1,Completed
T008459,2026-08-24,R06,B022,17,0,0,0,Heat,0.761,34.0,41.2,16.7,Completed
T008460,2026-08-24,R06,B023,18,0,0,0,Heat,0.758,44.0,41.2,14.0,Completed
T008461,2026-08-24,R06,B023,20,0,0,0,Heat,0.27,19.0,41.2,6.5,Completed
T008462,2026-08-24,R07,B026,6,0,0,0,Heat,0.28,0.0,33.2,,Cancelled
T008463,2026-08-24,R07,B025,8,0,0,0,Heat,0.771,24.0,33.2,13.7,Completed
T008464,2026-08-24,R07,B025,9,0,0,0,Heat,0.811,27.0,33.2,8.6,Completed
T008465,2026-08-24,R07,B028,10,0,0,0,Heat,0.317,16.0,33.2,8.7,Completed
T008466,2026-08-24,R07,B028,12,0,0,0,Heat,0.256,10.0,33.2,4.9,Completed
T008467,2026-08-24,R07,B025,13,0,0,0,Heat,0.326,16.0,33.2,9.2,Completed
T008468,2026-08-24,R07,B026,15,0,0,0,Heat,0.349,12.0,33.2,7.5,Completed
T008469,2026-08-24,R07,B026,17,0,0,0,Heat,0.766,22.0,33.2,15.7,Completed
T008470,2026-08-24,R07,B028,18,0,0,0,Heat,0.767,24.0,33.2,16.9,Completed
T008471,2026-08-24,R08,B031,5,0,0,0,Heat,0.288,5.0,26.8,6.8,Completed
T008472,2026-08-24,R08,B029,7,0,0,0,Heat,0.31,14.0,26.8,3.5,Completed
T008473,2026-08-24,R08,B032,8,0,0,0,Heat,0.781,35.0,26.8,11.4,Completed
T008474,2026-08-24,R08,B031,9,0,0,0,Heat,0.757,33.0,26.8,10.2,Completed
T008475,2026-08-24,R08,B031,11,0,0,0,Heat,0.305,14.0,26.8,1.6,Completed
T008476,2026-08-24,R08,B031,17,0,0,0,Heat,0.831,22.0,26.8,-45.0,Completed
T008477,2026-08-24,R08,B031,18,0,0,0,Heat,0.755,36.0,26.8,10.6,Completed
T008478,2026-08-24,R08,B030,19,0,0,0,Heat,0.31,0.0,26.8,,Cancelled
T008479,2026-08-24,R08,B030,21,0,0,0,Heat,0.33,8.0,26.8,9.2,Completed
T008480,2026-08-24,R09,B036,5,0,0,0,Heat,0.322,3.0,63.6,7.8,Completed
T008481,2026-08-24,R09,B034,6,0,0,0,Heat,0.34,10.0,63.6,10.3,Completed
T008482,2026-08-24,R09,B036,7,0,0,0,Heat,0.255,,63.6,10.1,Completed
T008483,2026-08-24,R09,B033,8,0,0,0,Heat,0.79,15.0,63.6,17.0,Completed
T008484,2026-08-24,R09,B034,9,0,0,0,Heat,0.822,29.0,63.6,11.4,Completed
T008485,2026-08-24,R09,B035,10,0,0,0,Heat,0.275,11.0,63.6,5.9,Completed
T008486,2026-08-24,R09,B035,13,0,0,0,Heat,0.281,13.0,63.6,10.4,Completed
T008487,2026-08-24,R09,B034,16,0,0,0,Heat,0.306,16.0,63.6,11.4,Completed
T008488,2026-08-24,R09,B036,17,0,0,0,Heat,0.775,16.0,63.6,11.2,Completed
T008489,2026-08-24,R09,B033,18,0,0,0,Heat,0.777,16.0,63.6,15.5,Completed
T008490,2026-08-24,R09,B033,20,0,0,0,Heat,0.287,11.0,63.6,4.8,Completed
T008491,2026-08-24,R10,B039,7,0,0,0,Heat,0.341,12.0,38.0,4.1,Completed
T008492,2026-08-24,R10,B040,8,0,0,0,Heat,0.827,30.0,38.0,16.4,Completed
T008493,2026-08-24,R10,B039,9,0,0,0,Heat,0.837,27.0,38.0,8.3,Completed
T008494,2026-08-24,R10,B039,11,0,0,0,Heat,0.342,9.0,38.0,3.6,Completed
T008495,2026-08-24,R10,B037,16,0,0,0,,0.259,11.0,38.0,6.1,Completed
T008496,2026-08-24,R10,B037,17,0,0,0,Heat,0.818,20.0,38.0,11.2,Completed
T008497,2026-08-24,R10,B039,18,0,0,0,Heat,0.82,22.0,38.0,7.3,Completed
T008498,2026-08-24,R10,B037,20,0,0,0,Heat,0.272,9.0,38.0,4.1,Completed
T008499,2026-08-24,R10,B039,21,0,0,0,Heat,0.257,7.0,38.0,3.5,Completed
T008500,2026-08-25,R01,B004,5,1,0,0,Clear,0.281,9.0,50.8,11.8,Completed
T008501,2026-08-25,R01,B002,6,1,0,0,Clear,0.255,16.0,50.8,10.7,Completed
T008502,2026-08-25,R01,B002,7,1,0,0,Clear,0.292,26.0,50.8,12.2,Completed
T008503,2026-08-25,R01,B002,8,1,0,0,Clear,0.837,49.0,50.8,14.6,Completed
T008504,2026-08-25,R01,B003,9,1,0,0,Clear,0.77,54.0,50.8,9.9,Completed
T008505,2026-08-25,R01,B001,11,1,0,0,Clear,0.269,27.0,50.8,8.2,Completed
T008506,2026-08-25,R01,B002,12,1,0,0,Clear,0.305,26.0,50.8,4.5,Completed
T008507,2026-08-25,R01,B004,13,1,0,0,Clear,0.331,22.0,50.8,11.8,Completed
T008508,2026-08-25,R01,B002,14,1,0,0,Clear,0.305,30.0,50.8,3.7,Completed
T008509,2026-08-25,R01,B002,15,1,0,0,Clear,0.324,37.0,50.8,8.9,Completed
T008510,2026-08-25,R01,B002,16,1,0,0,Clear,0.282,,50.8,4.9,Completed
T008511,2026-08-25,R01,B004,17,1,0,0,Clear,0.799,50.0,50.8,12.6,Completed
T008512,2026-08-25,R01,B003,18,1,0,0,Clear,0.765,55.0,50.8,15.5,Completed
T008513,2026-08-25,R02,B008,6,1,0,0,Clear,0.331,12.0,36.4,9.2,Completed
T008514,2026-08-25,R02,B008,7,1,0,0,Clear,0.311,32.0,36.4,3.6,Completed
T008515,2026-08-25,R02,B008,8,1,0,0,Clear,0.824,50.0,36.4,10.0,Completed
T008516,2026-08-25,R02,B007,9,1,0,0,Clear,0.802,50.0,36.4,10.0,Completed
T008517,2026-08-25,R02,B005,11,1,0,0,Clear,0.273,17.0,36.4,9.3,Completed
T008518,2026-08-25,R02,B005,13,1,0,0,Clear,0.306,17.0,36.4,8.0,Completed
T008519,2026-08-25,R02,B007,17,1,0,0,Clear,0.846,48.0,36.4,15.2,Completed
T008520,2026-08-25,R02,B005,18,1,0,0,Clear,0.779,32.0,36.4,10.8,Completed
T008521,2026-08-25,R02,B005,19,1,0,0,Clear,0.284,21.0,36.4,6.4,Completed
T008522,2026-08-25,R02,B008,21,1,0,0,Clear,0.3,13.0,36.4,10.2,Completed
T008523,2026-08-25,R03,B010,5,1,0,0,Clear,0.339,10.0,58.8,8.2,Completed
T008524,2026-08-25,R03,B012,7,1,0,0,Clear,0.321,33.0,58.8,6.9,Completed
T008525,2026-08-25,R03,B009,8,1,0,0,Clear,0.781,35.0,58.8,14.8,Completed
T008526,2026-08-25,R03,B012,9,1,0,0,Clear,0.777,59.0,58.8,13.7,Completed
T008527,2026-08-25,R03,B012,13,1,0,0,Clear,0.284,32.0,58.8,5.3,Completed
T008528,2026-08-25,R03,B011,17,1,0,0,Clear,0.792,49.0,58.8,15.4,Completed
T008529,2026-08-25,R03,B012,18,1,0,0,Clear,0.829,40.0,58.8,17.3,Completed
T008530,2026-08-25,R04,B015,7,1,0,0,Clear,0.338,24.0,28.4,9.0,Completed
T008531,2026-08-25,R04,B016,8,1,0,0,Clear,0.823,0.0,28.4,,Cancelled
T008532,2026-08-25,R04,B014,9,1,0,0,Clear,0.754,41.0,28.4,13.1,Completed
T008533,2026-08-25,R04,B016,11,1,0,0,Clear,0.328,14.0,28.4,6.8,Completed
T008534,2026-08-25,R04,B013,14,1,0,0,Clear,0.318,18.0,28.4,4.1,Completed
T008535,2026-08-25,R04,B013,15,1,0,0,Clear,0.299,25.0,28.4,7.1,Completed
T008536,2026-08-25,R04,B016,17,1,0,0,Clear,0.787,26.0,28.4,15.3,Completed
T008537,2026-08-25,R04,B014,18,1,0,0,Clear,0.784,49.0,28.4,12.7,Completed
T008538,2026-08-25,R05,B018,5,1,0,0,Clear,0.25,7.0,44.4,6.0,Completed
T008539,2026-08-25,R05,B018,6,1,0,0,Clear,0.259,,44.4,6.8,Completed
T008540,2026-08-25,R05,B018,7,1,0,0,Clear,0.281,18.0,44.4,6.6,Completed
T008541,2026-08-25,R05,B019,8,1,0,0,Clear,0.762,40.0,44.4,12.7,Completed
T008542,2026-08-25,R05,B019,9,1,0,0,Clear,0.848,53.0,44.4,18.1,Completed
T008543,2026-08-25,R05,B018,12,1,0,0,Clear,0.291,12.0,44.4,13.7,Completed
T008544,2026-08-25,R05,B020,13,1,0,0,Clear,0.279,20.0,44.4,7.1,Completed
T008545,2026-08-25,R05,B018,16,1,0,0,Clear,0.313,20.0,44.4,10.1,Completed
T008546,2026-08-25,R05,B020,17,1,0,0,Clear,0.766,27.0,44.4,4.8,Completed
T008547,2026-08-25,R05,B018,18,1,0,0,Clear,0.842,29.0,44.4,14.3,Completed
T008548,2026-08-25,R05,B020,20,1,0,0,Clear,,15.0,44.4,4.0,Completed
T008549,2026-08-25,R06,B021,6,1,0,0,Clear,0.276,15.0,41.2,6.0,Completed
T008550,2026-08-25,R06,B024,7,1,0,0,Clear,0.252,26.0,41.2,3.2,Completed
T008551,2026-08-25,R06,B023,8,1,0,0,Clear,0.846,39.0,41.2,14.2,Completed
T008552,2026-08-25,R06,B023,9,1,0,0,Clear,0.827,46.0,41.2,13.4,Completed
T008553,2026-08-25,R06,B021,13,1,0,0,Clear,0.345,21.0,41.2,3.6,Completed
T008554,2026-08-25,R06,B024,16,1,0,0,Clear,0.296,38.0,41.2,7.6,Completed
T008555,2026-08-25,R06,B022,17,1,0,0,Clear,0.847,43.0,41.2,12.1,Completed
T008556,2026-08-25,R06,B024,18,1,0,0,Clear,0.849,53.0,41.2,14.0,Completed
T008557,2026-08-25,R06,B021,20,1,0,0,Clear,0.256,20.0,41.2,11.1,Completed
T008558,2026-08-25,R06,B021,21,1,0,0,Clear,0.301,0.0,41.2,,Cancelled
T008559,2026-08-25,R07,B028,5,1,0,0,Clear,0.284,3.0,33.2,9.3,Completed
T008560,2026-08-25,R07,B027,8,1,0,0,Clear,0.763,24.0,33.2,12.9,Completed
T008561,2026-08-25,R07,B028,9,1,0,0,Clear,0.759,26.0,33.2,12.5,Completed
T008562,2026-08-25,R07,B028,12,1,0,0,Clear,0.34,13.0,33.2,9.5,Completed
T008563,2026-08-25,R07,B025,13,1,0,0,Clear,0.259,17.0,33.2,7.5,Completed
T008564,2026-08-25,R07,B026,15,1,0,0,Clear,0.276,12.0,33.2,3.0,Completed
T008565,2026-08-25,R07,B026,17,1,0,0,Clear,0.836,14.0,33.2,15.4,Completed
T008566,2026-08-25,R07,B028,18,1,0,0,Clear,0.755,21.0,33.2,11.5,Completed
T008567,2026-08-25,R08,B030,6,1,0,0,Clear,0.296,10.0,26.8,9.6,Completed
T008568,2026-08-25,R08,B032,8,1,0,0,Clear,0.822,36.0,26.8,13.2,Completed
T008569,2026-08-25,R08,B030,9,1,0,0,Clear,0.847,33.0,26.8,8.0,Completed
T008570,2026-08-25,R08,B030,10,1,0,0,Clear,0.297,21.0,26.8,10.4,Completed
T008571,2026-08-25,R08,B032,11,1,0,0,Clear,0.294,17.0,26.8,13.4,Completed
T008572,2026-08-25,R08,B031,16,1,0,0,Clear,0.307,24.0,26.8,2.9,Completed
T008573,2026-08-25,R08,B032,17,1,0,0,Clear,0.804,43.0,26.8,14.0,Completed
T008574,2026-08-25,R08,B032,18,1,0,0,Clear,0.806,38.0,26.8,12.4,Completed
T008575,2026-08-25,R08,B030,20,1,0,0,Clear,0.258,11.0,26.8,5.3,Completed
T008576,2026-08-25,R09,B035,5,1,0,0,Clear,0.29,5.0,63.6,8.3,Completed
T008577,2026-08-25,R09,B036,8,1,0,0,Clear,0.841,19.0,63.6,13.8,Completed
T008578,2026-08-25,R09,B033,9,1,0,0,Clear,0.83,22.0,63.6,14.7,Completed
T008579,2026-08-25,R09,B035,11,1,0,0,Clear,0.302,11.0,63.6,13.4,Completed
T008580,2026-08-25,R09,B034,12,1,0,0,Clear,0.308,14.0,63.6,5.1,Completed
T008581,2026-08-25,R09,B035,13,1,0,0,Clear,0.339,0.0,63.6,,Cancelled
T008582,2026-08-25,R09,B034,17,1,0,0,Clear,0.792,,63.6,,Cancelled
T008583,2026-08-25,R09,B033,18,1,0,0,Clear,0.785,36.0,63.6,15.4,Completed
T008584,2026-08-25,R09,B033,20,1,0,0,Clear,0.276,8.0,63.6,6.2,Completed
T008585,2026-08-25,R10,B038,5,1,0,0,Clear,0.31,5.0,38.0,4.8,Completed
T008586,2026-08-25,R10,B039,6,1,0,0,Clear,0.328,,38.0,8.6,Completed
T008587,2026-08-25,R10,B039,7,1,0,0,Clear,0.34,14.0,38.0,5.2,Completed
T008588,2026-08-25,R10,B039,8,1,0,0,Clear,0.784,25.0,38.0,8.4,Completed
T008589,2026-08-25,R10,B037,9,1,0,0,Clear,0.844,31.0,38.0,9.8,Completed
T008590,2026-08-25,R10,B038,11,1,0,0,Clear,0.264,13.0,38.0,1.8,Completed
T008591,2026-08-25,R10,B039,12,1,0,0,Clear,0.323,9.0,38.0,2.3,Completed
T008592,2026-08-25,R10,B038,17,1,0,0,Clear,0.769,26.0,38.0,16.0,Completed
T008593,2026-08-25,R10,B038,18,1,0,0,Clear,0.791,31.0,38.0,9.9,Completed
T008594,2026-08-26,R01,B004,6,2,0,0,Clear,0.282,21.0,50.8,7.9,Completed
T008595,2026-08-26,R01,B001,7,2,0,0,Clear,0.335,35.0,50.8,14.2,Completed
T008596,2026-08-26,R01,B001,8,2,0,0,Clear,0.754,35.0,50.8,14.4,Completed
T008597,2026-08-26,R01,B002,9,2,0,0,Clear,0.807,50.0,50.8,10.3,Completed
T008598,2026-08-26,R01,B002,10,2,0,0,Clear,0.26,39.0,50.8,0.4,Completed
T008599,2026-08-26,R01,B001,12,2,0,0,Clear,0.29,19.0,50.8,8.2,Completed
T008600,2026-08-26,R01,B001,13,2,0,0,Clear,0.279,29.0,50.8,11.0,Completed
T008601,2026-08-26,R01,B003,16,2,0,0,Clear,,42.0,50.8,0.2,Completed
T008602,2026-08-26,R01,B001,17,2,0,0,Clear,0.765,50.0,50.8,16.3,Completed
T008603,2026-08-26,R01,B001,18,2,0,0,Clear,0.814,49.0,50.8,19.5,Completed
T008604,2026-08-26,R01,B004,19,2,0,0,Clear,0.305,29.0,50.8,4.8,Completed
T008605,2026-08-26,R01,B004,20,2,0,0,Clear,0.339,20.0,50.8,12.0,Completed
T008606,2026-08-26,R02,B005,6,2,0,0,Clear,0.306,14.0,36.4,6.3,Completed
T008607,2026-08-26,R02,B007,8,2,0,0,Clear,0.773,33.0,36.4,10.2,Completed
T008608,2026-08-26,R02,B008,9,2,0,0,Clear,0.785,50.0,36.4,11.8,Completed
T008609,2026-08-26,R02,B008,11,2,0,0,Clear,0.303,24.0,36.4,3.4,Completed
T008610,2026-08-26,R02,B008,14,2,0,0,Clear,0.275,25.0,36.4,6.4,Completed
T008611,2026-08-26,R02,B006,16,2,0,0,Clear,0.254,40.0,36.4,4.3,Completed
T008612,2026-08-26,R02,B006,17,2,0,0,Clear,0.789,47.0,36.4,12.8,Completed
T008613,2026-08-26,R02,B008,18,2,0,0,Clear,0.832,50.0,36.4,12.3,Completed
T008614,2026-08-26,R02,B006,20,2,0,0,Clear,0.291,22.0,36.4,10.5,Completed
T008615,2026-08-26,R03,B009,5,2,0,0,Clear,0.343,9.0,58.8,5.8,Completed
T008616,2026-08-26,R03,B011,8,2,0,0,Clear,0.773,33.0,58.8,12.9,Completed
T008617,2026-08-26,R03,B011,9,2,0,0,Clear,0.832,43.0,58.8,14.7,Completed
T008618,2026-08-26,R03,B011,14,2,0,0,Clear,0.255,17.0,58.8,5.3,Completed
T008619,2026-08-26,R03,B010,16,2,0,0,Clear,0.252,30.0,58.8,11.6,Completed
T008620,2026-08-26,R03,B011,17,2,0,0,Clear,0.77,49.0,58.8,12.3,Completed
T008621,2026-08-26,R03,B009,18,2,0,0,Clear,0.792,34.0,58.8,14.0,Completed
T008622,2026-08-26,R03,B010,19,2,0,0,Clear,0.289,27.0,58.8,9.2,Completed
T008623,2026-08-26,R03,B009,20,2,0,0,Clear,0.32,18.0,58.8,7.6,Completed
T008624,2026-08-26,R04,B014,5,2,0,0,Clear,0.277,10.0,28.4,4.7,Completed
T008625,2026-08-26,R04,B013,6,2,0,0,Clear,0.342,16.0,28.4,3.3,Completed
T008626,2026-08-26,R04,B015,8,2,0,0,Clear,0.758,28.0,28.4,20.6,Completed
T008627,2026-08-26,R04,B015,9,2,0,0,Clear,0.783,,28.4,12.0,Completed
T008628,2026-08-26,R04,B013,12,2,0,0,Clear,0.259,17.0,28.4,11.4,Completed
T008629,2026-08-26,R04,B016,14,2,0,0,Clear,0.262,13.0,28.4,3.9,Completed
T008630,2026-08-26,R04,B013,16,2,0,0,Clear,0.267,21.0,28.4,10.0,Completed
T008631,2026-08-26,R04,B015,17,2,0,0,Clear,0.804,34.0,28.4,16.1,Completed
T008632,2026-08-26,R04,B016,18,2,0,0,Clear,0.803,30.0,28.4,16.1,Completed
T008633,2026-08-26,R04,B014,19,2,0,0,Clear,0.282,,28.4,3.0,Completed
T008634,2026-08-26,R04,B015,20,2,0,0,Clear,0.346,17.0,28.4,8.1,Completed
T008635,2026-08-26,R05,B018,5,2,0,0,Clear,0.256,6.0,44.4,5.0,Completed
T008636,2026-08-26,R05,B020,7,2,0,0,Clear,0.262,21.0,44.4,0.5,Completed
T008637,2026-08-26,R05,B017,8,2,0,0,Clear,0.837,29.0,44.4,7.6,Completed
T008638,2026-08-26,R05,B018,9,2,0,0,Clear,0.835,22.0,44.4,9.5,Completed
T008639,2026-08-26,R05,B018,10,2,0,0,Clear,0.287,21.0,44.4,7.6,Completed
T008640,2026-08-26,R05,B019,11,2,0,0,Clear,0.34,21.0,44.4,10.0,Completed
T008641,2026-08-26,R05,B020,14,2,0,0,Clear,0.25,16.0,44.4,4.5,Completed
T008642,2026-08-26,R05,B019,17,2,0,0,Clear,0.752,38.0,44.4,14.5,Completed
T008643,2026-08-26,R05,B020,18,2,0,0,Clear,0.785,,44.4,14.4,Completed
T008644,2026-08-26,R05,B017,20,2,0,0,Clear,0.332,17.0,44.4,10.1,Completed
T008645,2026-08-26,R06,B022,7,2,0,0,Clear,0.331,29.0,41.2,9.4,Completed
T008646,2026-08-26,R06,B021,8,2,0,0,Clear,0.776,34.0,41.2,12.5,Completed
T008647,2026-08-26,R06,B022,9,2,0,0,Clear,0.769,0.0,41.2,,Cancelled
T008648,2026-08-26,R06,B023,10,2,0,0,Clear,0.257,33.0,41.2,6.1,Completed
T008649,2026-08-26,R06,B024,11,2,0,0,Clear,0.328,30.0,41.2,5.7,Completed
T008650,2026-08-26,R06,B024,13,2,0,0,Clear,0.274,27.0,41.2,6.5,Completed
T008651,2026-08-26,R06,B021,14,2,0,0,Clear,0.292,18.0,41.2,4.2,Completed
T008652,2026-08-26,R06,B022,15,2,0,0,Clear,0.31,13.0,41.2,6.6,Completed
T008653,2026-08-26,R06,B021,16,2,0,0,,0.299,24.0,41.2,7.1,Completed
T008654,2026-08-26,R06,B023,17,2,0,0,Clear,0.779,56.0,41.2,14.2,Completed
T008655,2026-08-26,R06,B021,18,2,0,0,Clear,0.829,33.0,41.2,13.3,Completed
T008656,2026-08-26,R06,B022,20,2,0,0,Clear,0.292,20.0,41.2,6.0,Completed
T008657,2026-08-26,R07,B027,5,2,0,0,Clear,0.322,3.0,33.2,3.7,Completed
T008658,2026-08-26,R07,B025,6,2,0,0,Clear,0.324,11.0,33.2,9.2,Completed
T008659,2026-08-26,R07,B027,8,2,0,0,Clear,0.793,26.0,33.2,18.3,Completed
T008660,2026-08-26,R07,B027,9,2,0,0,Clear,0.804,34.0,33.2,13.2,Completed
T008661,2026-08-26,R07,B027,11,2,0,0,Clear,0.265,16.0,33.2,1.3,Completed
T008662,2026-08-26,R07,B026,13,2,0,0,Clear,0.349,12.0,33.2,6.7,Completed
T008663,2026-08-26,R07,B028,16,2,0,0,Clear,0.316,17.0,33.2,4.3,Completed
T008664,2026-08-26,R07,B026,17,2,0,0,Clear,0.792,18.0,33.2,13.9,Completed
T008665,2026-08-26,R07,B027,18,2,0,0,Clear,0.839,24.0,33.2,15.0,Completed
T008666,2026-08-26,R07,B028,19,2,0,0,Clear,0.253,15.0,33.2,3.6,Completed
T008667,2026-08-26,R07,B027,20,2,0,0,Clear,0.348,14.0,33.2,10.4,Completed
T008668,2026-08-26,R08,B032,6,2,0,0,Clear,0.277,15.0,26.8,8.1,Completed
T008669,2026-08-26,R08,B030,7,2,0,0,Clear,0.319,19.0,26.8,4.5,Completed
T008670,2026-08-26,R08,B031,8,2,0,0,Clear,0.784,21.0,26.8,8.1,Completed
T008671,2026-08-26,R08,B031,9,2,0,0,Clear,0.766,30.0,26.8,5.3,Completed
T008672,2026-08-26,R08,B032,12,2,0,0,Clear,0.292,21.0,26.8,6.7,Completed
T008673,2026-08-26,R08,B031,14,2,0,0,Clear,0.315,18.0,26.8,4.5,Completed
T008674,2026-08-26,R08,B030,17,2,0,0,Clear,0.784,30.0,26.8,14.1,Completed
T008675,2026-08-26,R08,B031,18,2,0,0,Clear,0.791,28.0,26.8,14.2,Completed
T008676,2026-08-26,R08,B030,19,2,0,0,Clear,0.344,23.0,26.8,6.0,Completed
T008677,2026-08-26,R09,B035,6,2,0,0,Clear,0.317,8.0,63.6,10.3,Completed
T008678,2026-08-26,R09,B035,8,2,0,0,,0.775,25.0,63.6,18.0,Completed
T008679,2026-08-26,R09,B033,9,2,0,0,Clear,0.847,26.0,63.6,10.5,Completed
T008680,2026-08-26,R09,B033,12,2,0,0,Clear,0.348,10.0,63.6,5.8,Completed
T008681,2026-08-26,R09,B036,13,2,0,0,Clear,0.269,13.0,63.6,8.2,Completed
T008682,2026-08-26,R09,B033,14,2,0,0,Clear,0.343,15.0,63.6,8.6,Completed
T008683,2026-08-26,R09,B036,15,2,0,0,Clear,0.276,9.0,63.6,12.9,Completed
T008684,2026-08-26,R09,B033,17,2,0,0,Clear,0.798,16.0,63.6,13.3,Completed
T008685,2026-08-26,R09,B033,18,2,0,0,Clear,0.793,24.0,63.6,11.2,Completed
T008686,2026-08-26,R09,B033,21,2,0,0,Clear,0.288,5.0,63.6,3.7,Completed
T008687,2026-08-26,R10,B038,6,2,0,0,Clear,0.289,12.0,38.0,6.4,Completed
T008688,2026-08-26,R10,B039,8,2,0,0,Clear,0.759,0.0,38.0,,Cancelled
T008689,2026-08-26,R10,B037,9,2,0,0,Clear,0.781,27.0,38.0,11.5,Completed
T008690,2026-08-26,R10,B038,10,2,0,0,Clear,0.281,22.0,38.0,5.9,Completed
T008691,2026-08-26,R10,B038,11,2,0,0,Clear,0.348,18.0,38.0,6.3,Completed
T008692,2026-08-26,R10,B040,14,2,0,0,Clear,0.287,0.0,38.0,,Cancelled
T008693,2026-08-26,R10,B039,16,2,0,0,Clear,0.252,17.0,38.0,6.7,Completed
T008694,2026-08-26,R10,B039,17,2,0,0,Clear,0.759,23.0,38.0,1.8,Completed
T008695,2026-08-26,R10,B037,18,2,0,0,Clear,0.762,30.0,38.0,3.2,Completed
T008696,2026-08-26,R10,B040,19,2,0,0,Clear,0.307,20.0,38.0,0.5,Completed
T008697,2026-08-26,R10,B038,20,2,0,0,Clear,0.325,16.0,38.0,12.2,Completed
T008698,2026-08-27,R01,B004,8,3,0,0,Clear,0.819,47.0,50.8,12.8,Completed
T008699,2026-08-27,R01,B003,9,3,0,0,Clear,0.833,54.0,50.8,9.6,Completed
T008700,2026-08-27,R01,B002,11,3,0,0,Clear,0.284,25.0,50.8,9.1,Completed
T008701,2026-08-27,R01,B001,15,3,0,0,Clear,0.284,27.0,50.8,7.2,Completed
T008702,2026-08-27,R01,B002,17,3,0,0,Clear,0.809,50.0,50.8,13.6,Completed
T008703,2026-08-27,R01,B004,18,3,0,0,Clear,0.756,50.0,50.8,13.0,Completed
T008704,2026-08-27,R01,B004,19,3,0,0,Clear,0.34,44.0,50.8,8.9,Completed
T008705,2026-08-27,R01,B004,20,3,0,0,Clear,0.317,21.0,50.8,7.4,Completed
T008706,2026-08-27,R02,B006,5,3,0,0,Clear,0.298,11.0,36.4,4.7,Completed
T008707,2026-08-27,R02,B005,8,3,0,0,Clear,,22.0,36.4,15.4,Completed
T008708,2026-08-27,R02,B005,9,3,0,0,,0.796,40.0,36.4,12.0,Completed
T008709,2026-08-27,R02,B005,11,3,0,0,Clear,0.288,18.0,36.4,10.6,Completed
T008710,2026-08-27,R02,B008,17,3,0,0,Clear,0.843,37.0,36.4,10.6,Completed
T008711,2026-08-27,R02,B005,18,3,0,0,Clear,0.778,37.0,36.4,15.0,Completed
T008712,2026-08-27,R02,B007,19,3,0,0,Clear,0.289,0.0,36.4,,Cancelled
T008713,2026-08-27,R02,B008,20,3,0,0,Clear,0.297,22.0,36.4,6.1,Completed
T008714,2026-08-27,R03,B010,5,3,0,0,Clear,0.294,11.0,58.8,5.9,Completed
T008715,2026-08-27,R03,B012,6,3,0,0,Clear,0.3,19.0,58.8,3.9,Completed
T008716,2026-08-27,R03,B010,8,3,0,0,Clear,0.828,40.0,58.8,13.5,Completed
T008717,2026-08-27,R03,B011,9,3,0,0,Clear,0.792,50.0,58.8,13.4,Completed
T008718,2026-08-27,R03,B009,10,3,0,0,Clear,0.302,24.0,58.8,13.4,Completed
T008719,2026-08-27,R03,B010,13,3,0,0,Clear,0.297,22.0,58.8,9.6,Completed
T008720,2026-08-27,R03,B012,15,3,0,0,Clear,0.321,39.0,58.8,12.8,Completed
T008721,2026-08-27,R03,B012,16,3,0,0,Clear,0.301,35.0,58.8,6.9,Completed
T008722,2026-08-27,R03,B012,17,3,0,0,Clear,0.797,60.0,58.8,14.8,Completed
T008723,2026-08-27,R03,B009,18,3,0,0,Clear,0.831,0.0,58.8,,Cancelled
T008724,2026-08-27,R03,B012,19,3,0,0,Clear,,49.0,58.8,10.4,Completed
T008725,2026-08-27,R03,B011,20,3,0,0,Clear,0.282,23.0,58.8,5.5,Completed
T008726,2026-08-27,R03,B012,21,3,0,0,Clear,0.321,14.0,58.8,7.8,Completed
T008727,2026-08-27,R04,B015,5,3,0,0,Clear,0.336,8.0,28.4,2.8,Completed
T008728,2026-08-27,R04,B014,8,3,0,0,Clear,0.823,44.0,28.4,11.0,Completed
T008729,2026-08-27,R04,B013,9,3,0,0,Clear,0.807,36.0,28.4,7.5,Completed
T008730,2026-08-27,R04,B016,10,3,0,0,Clear,0.323,23.0,28.4,6.6,Completed
T008731,2026-08-27,R04,B014,12,3,0,0,Clear,0.325,23.0,28.4,11.5,Completed
T008732,2026-08-27,R04,B015,15,3,0,0,Clear,0.342,21.0,28.4,7.2,Completed
T008733,2026-08-27,R04,B015,17,3,0,0,Clear,0.806,0.0,28.4,,Cancelled
T008734,2026-08-27,R04,B013,18,3,0,0,,0.834,25.0,28.4,13.4,Completed
T008735,2026-08-27,R04,B013,19,3,0,0,Clear,0.348,,28.4,6.8,Completed
T008736,2026-08-27,R04,B015,21,3,0,0,Clear,0.286,10.0,28.4,8.7,Completed
T008737,2026-08-27,R05,B018,5,3,0,0,Clear,0.27,400.0,44.4,2.2,Completed
T008738,2026-08-27,R05,B019,6,3,0,0,Clear,0.258,16.0,44.4,6.1,Completed
T008739,2026-08-27,R05,B019,7,3,0,0,Clear,0.344,27.0,44.4,7.5,Completed
T008740,2026-08-27,R05,B020,8,3,0,0,Clear,0.811,29.0,44.4,9.0,Completed
T008741,2026-08-27,R05,B017,9,3,0,0,Clear,0.752,37.0,44.4,10.4,Completed
T008742,2026-08-27,R05,B017,12,3,0,0,Clear,0.306,17.0,44.4,3.6,Completed
T008743,2026-08-27,R05,B017,16,3,0,0,Clear,0.336,21.0,44.4,5.3,Completed
T008744,2026-08-27,R05,B019,17,3,0,0,Clear,0.769,36.0,44.4,10.1,Completed
T008745,2026-08-27,R05,B020,18,3,0,0,Clear,0.806,36.0,44.4,14.4,Completed
T008746,2026-08-27,R05,B017,20,3,0,0,Clear,0.329,11.0,44.4,10.9,Completed
T008747,2026-08-27,R05,B018,21,3,0,0,Clear,0.316,8.0,44.4,8.0,Completed
T008748,2026-08-27,R06,B024,7,3,0,0,Clear,0.286,21.0,41.2,2.6,Completed
T008749,2026-08-27,R06,B023,8,3,0,0,Clear,0.758,40.0,41.2,13.3,Completed
T008750,2026-08-27,R06,B021,9,3,0,0,Clear,0.794,34.0,41.2,15.6,Completed
T008751,2026-08-27,R06,B022,10,3,0,0,Clear,0.283,28.0,41.2,1.8,Completed
T008752,2026-08-27,R06,B021,11,3,0,0,Clear,0.345,18.0,41.2,9.4,Completed
T008753,2026-08-27,R06,B024,14,3,0,0,Clear,0.25,24.0,41.2,2.4,Completed
T008754,2026-08-27,R06,B024,16,3,0,0,Clear,0.261,40.0,41.2,7.3,Completed
T008755,2026-08-27,R06,B024,17,3,0,0,Clear,0.831,40.0,41.2,6.4,Completed
T008756,2026-08-27,R06,B024,18,3,0,0,Clear,0.758,52.0,41.2,9.6,Completed
T008757,2026-08-27,R06,B022,21,3,0,0,Clear,0.312,8.0,41.2,5.6,Completed
T008758,2026-08-27,R07,B028,5,3,0,0,Clear,0.251,,33.2,4.0,Completed
T008759,2026-08-27,R07,B025,6,3,0,0,Clear,0.286,12.0,33.2,2.2,Completed
T008760,2026-08-27,R07,B025,7,3,0,0,Clear,0.348,18.0,33.2,5.6,Completed
T008761,2026-08-27,R07,B028,8,3,0,0,Clear,0.773,0.0,33.2,,Cancelled
T008762,2026-08-27,R07,B025,9,3,0,0,Clear,0.821,29.0,33.2,13.5,Completed
T008763,2026-08-27,R07,B026,12,3,0,0,Clear,0.25,12.0,33.2,7.1,Completed
T008764,2026-08-27,R07,B028,14,3,0,0,Clear,0.324,0.0,33.2,,Cancelled
T008765,2026-08-27,R07,B026,17,3,0,0,Clear,0.771,18.0,33.2,11.3,Completed
T008766,2026-08-27,R07,B027,18,3,0,0,Clear,0.771,25.0,33.2,9.6,Completed
T008767,2026-08-27,R08,B029,6,3,0,0,Clear,0.303,0.0,26.8,,Cancelled
T008768,2026-08-27,R08,B029,8,3,0,0,Clear,0.847,29.0,26.8,11.8,Completed
T008769,2026-08-27,R08,B032,9,3,0,0,Clear,0.752,51.0,26.8,15.3,Completed
T008770,2026-08-27,R08,B030,14,3,0,0,Clear,0.335,11.0,26.8,1.5,Completed
T008771,2026-08-27,R08,B031,17,3,0,0,Clear,0.774,29.0,26.8,9.8,Completed
T008772,2026-08-27,R08,B029,18,3,0,0,Clear,0.81,28.0,26.8,6.5,Completed
T008773,2026-08-27,R08,B030,20,3,0,0,Clear,0.263,17.0,26.8,5.9,Completed
T008774,2026-08-27,R08,B029,21,3,0,0,Clear,0.323,8.0,26.8,5.7,Completed
T008775,2026-08-27,R09,B035,8,3,0,0,Clear,0.77,26.0,63.6,8.8,Completed
T008776,2026-08-27,R09,B033,9,3,0,0,Clear,0.777,33.0,63.6,10.6,Completed
T008777,2026-08-27,R09,B036,10,3,0,0,Clear,0.257,13.0,63.6,3.0,Completed
T008778,2026-08-27,R09,B033,12,3,0,0,Clear,0.28,14.0,63.6,8.6,Completed
T008779,2026-08-27,R09,B033,15,3,0,0,Clear,0.256,17.0,63.6,11.5,Completed
T008780,2026-08-27,R09,B036,16,3,0,0,Clear,0.322,12.0,63.6,7.6,Completed
T008781,2026-08-27,R09,B034,17,3,0,0,Clear,0.787,24.0,63.6,14.1,Completed
T008782,2026-08-27,R09,B035,18,3,0,0,Clear,0.786,26.0,63.6,12.2,Completed
T008783,2026-08-27,R09,B036,19,3,0,0,Clear,0.256,16.0,63.6,8.1,Completed
T008784,2026-08-27,R09,B036,20,3,0,0,Clear,0.338,8.0,63.6,10.6,Completed
T008785,2026-08-27,R09,B033,21,3,0,0,Clear,0.263,5.0,63.6,7.4,Completed
T008786,2026-08-27,R10,B039,5,3,0,0,Clear,0.291,5.0,38.0,2.1,Completed
T008787,2026-08-27,R10,B038,6,3,0,0,Clear,0.256,13.0,38.0,-0.6,Completed
T008788,2026-08-27,R10,B037,8,3,0,0,Clear,0.772,23.0,38.0,8.1,Completed
T008789,2026-08-27,R10,B038,9,3,0,0,Clear,0.813,30.0,38.0,10.7,Completed
T008790,2026-08-27,R10,B037,11,3,0,0,Clear,0.297,12.0,38.0,1.9,Completed
T008791,2026-08-27,R10,B040,12,3,0,0,Clear,0.297,12.0,38.0,5.0,Completed
T008792,2026-08-27,R10,B037,13,3,0,0,Clear,0.251,16.0,38.0,0.6,Completed
T008793,2026-08-27,R10,B037,15,3,0,0,Clear,0.266,15.0,38.0,3.2,Completed
T008794,2026-08-27,R10,B037,17,3,0,0,Clear,,22.0,38.0,12.0,Completed
T008795,2026-08-27,R10,B037,18,3,0,0,Clear,0.81,30.0,38.0,8.3,Completed
T008796,2026-08-27,R10,B038,20,3,0,0,Clear,0.26,14.0,38.0,-3.0,Completed
T008797,2026-08-28,R01,B003,6,4,0,0,Heat,0.335,22.0,50.8,9.2,Completed
T008798,2026-08-28,R01,B002,7,4,0,0,Heat,0.327,23.0,50.8,8.4,Completed
T008799,2026-08-28,R01,B003,8,4,0,0,Heat,0.802,60.0,50.8,8.5,Completed
T008800,2026-08-28,R01,B001,9,4,0,0,Heat,0.844,45.0,50.8,8.2,Completed
T008801,2026-08-28,R01,B003,10,4,0,0,Heat,0.253,46.0,50.8,1.6,Completed
T008802,2026-08-28,R01,B004,12,4,0,0,Heat,0.332,24.0,50.8,6.7,Completed
T008803,2026-08-28,R01,B002,13,4,0,0,Heat,0.299,29.0,50.8,10.7,Completed
T008804,2026-08-28,R01,B002,14,4,0,0,Heat,0.289,24.0,50.8,9.9,Completed
T008805,2026-08-28,R01,B002,16,4,0,0,Heat,0.347,30.0,50.8,6.0,Completed
T008806,2026-08-28,R01,B004,17,4,0,0,Heat,0.819,45.0,50.8,14.0,Completed
T008807,2026-08-28,R01,B001,18,4,0,0,Heat,0.772,44.0,50.8,15.1,Completed
T008808,2026-08-28,R02,B005,5,4,0,0,Heat,0.334,6.0,36.4,4.5,Completed
T008809,2026-08-28,R02,B005,7,4,0,0,Heat,0.264,17.0,36.4,6.2,Completed
T008810,2026-08-28,R02,B006,8,4,0,0,Heat,0.837,60.0,36.4,14.9,Completed
T008811,2026-08-28,R02,B006,9,4,0,0,Heat,0.826,42.0,36.4,14.7,Completed
T008812,2026-08-28,R02,B006,10,4,0,0,Heat,0.309,27.0,36.4,8.0,Completed
T008813,2026-08-28,R02,B006,13,4,0,0,Heat,0.274,27.0,36.4,5.2,Completed
T008814,2026-08-28,R02,B007,15,4,0,0,Heat,0.285,15.0,36.4,3.7,Completed
T008815,2026-08-28,R02,B006,16,4,0,0,Heat,0.255,31.0,36.4,1.8,Completed
T008816,2026-08-28,R02,B005,17,4,0,0,Heat,0.838,29.0,36.4,12.3,Completed
T008817,2026-08-28,R02,B008,18,4,0,0,Heat,0.776,38.0,36.4,11.0,Completed
T008818,2026-08-28,R02,B008,20,4,0,0,Heat,0.323,20.0,36.4,2.1,Completed
T008819,2026-08-28,R03,B011,5,4,0,0,Heat,0.312,10.0,58.8,7.9,Completed
T008820,2026-08-28,R03,B012,6,4,0,0,Heat,0.342,20.0,58.8,6.4,Completed
T008821,2026-08-28,R03,B010,8,4,0,0,Heat,0.786,36.0,58.8,13.4,Completed
T008822,2026-08-28,R03,B011,9,4,0,0,Heat,0.783,32.0,58.8,9.0,Completed
T008823,2026-08-28,R03,B009,11,4,0,0,,0.336,,58.8,9.3,Completed
T008824,2026-08-28,R03,B012,12,4,0,0,Heat,0.309,27.0,58.8,9.0,Completed
T008825,2026-08-28,R03,B010,13,4,0,0,Heat,0.289,25.0,58.8,11.3,Completed
T008826,2026-08-28,R03,B010,14,4,0,0,Heat,0.285,17.0,58.8,11.8,Completed
T008827,2026-08-28,R03,B010,17,4,0,0,Heat,0.776,45.0,58.8,15.8,Completed
T008828,2026-08-28,R03,B010,18,4,0,0,Heat,0.817,43.0,58.8,15.8,Completed
T008829,2026-08-28,R03,B011,20,4,0,0,Heat,0.331,0.0,58.8,,Cancelled
T008830,2026-08-28,R03,B009,21,4,0,0,Heat,0.301,12.0,58.8,12.7,Completed
T008831,2026-08-28,R04,B015,5,4,0,0,Heat,0.265,10.0,28.4,15.7,Completed
T008832,2026-08-28,R04,B015,6,4,0,0,Heat,0.255,13.0,28.4,4.1,Completed
T008833,2026-08-28,R04,B014,7,4,0,0,Heat,0.3,28.0,28.4,6.4,Completed
T008834,2026-08-28,R04,B015,8,4,0,0,Heat,0.772,34.0,28.4,10.5,Completed
T008835,2026-08-28,R04,B016,9,4,0,0,Heat,0.834,28.0,28.4,4.9,Completed
T008836,2026-08-28,R04,B015,10,4,0,0,Heat,0.337,27.0,28.4,6.7,Completed
T008837,2026-08-28,R04,B015,11,4,0,0,Heat,0.33,19.0,28.4,4.3,Completed
T008838,2026-08-28,R04,B014,15,4,0,0,Heat,0.269,24.0,28.4,3.4,Completed
T008839,2026-08-28,R04,B015,17,4,0,0,Heat,0.759,34.0,28.4,9.7,Completed
T008840,2026-08-28,R04,B013,18,4,0,0,Heat,0.806,36.0,28.4,12.3,Completed
T008841,2026-08-28,R04,B016,21,4,0,0,Heat,0.285,8.0,28.4,6.5,Completed
T008842,2026-08-28,R05,B019,5,4,0,0,Heat,0.318,9.0,44.4,5.9,Completed
T008843,2026-08-28,R05,B020,6,4,0,0,Heat,0.312,12.0,44.4,1.0,Completed
T008844,2026-08-28,R05,B018,7,4,0,0,Heat,0.257,14.0,44.4,3.6,Completed
T008845,2026-08-28,R05,B018,8,4,0,0,Heat,0.782,22.0,44.4,14.8,Completed
T008846,2026-08-28,R05,B020,9,4,0,0,Heat,0.798,40.0,44.4,10.8,Completed
T008847,2026-08-28,R05,B018,10,4,0,0,Heat,0.324,16.0,44.4,6.1,Completed
T008848,2026-08-28,R05,B019,13,4,0,0,Heat,0.313,23.0,44.4,6.7,Completed
T008849,2026-08-28,R05,B019,14,4,0,0,Heat,0.27,20.0,44.4,4.1,Completed
T008850,2026-08-28,R05,B019,16,4,0,0,Heat,0.309,27.0,44.4,4.2,Completed
T008851,2026-08-28,R05,B019,17,4,0,0,Heat,0.78,34.0,44.4,9.7,Completed
T008852,2026-08-28,R05,B017,18,4,0,0,Heat,0.758,34.0,44.4,10.0,Completed
T008853,2026-08-28,R05,B017,20,4,0,0,Heat,0.281,12.0,44.4,3.9,Completed
T008854,2026-08-28,R05,B020,21,4,0,0,Heat,0.304,8.0,44.4,2.1,Completed
T008855,2026-08-28,R06,B024,5,4,0,0,Heat,0.253,12.0,41.2,3.4,Completed
T008856,2026-08-28,R06,B024,7,4,0,0,Heat,0.346,35.0,41.2,4.0,Completed
T008857,2026-08-28,R06,B023,8,4,0,0,Heat,0.75,41.0,41.2,9.7,Completed
T008858,2026-08-28,R06,B023,9,4,0,0,Heat,0.84,47.0,41.2,11.9,Completed
T008859,2026-08-28,R06,B022,11,4,0,0,Heat,0.347,16.0,41.2,5.3,Completed
T008860,2026-08-28,R06,B022,17,4,0,0,Heat,0.754,27.0,41.2,8.9,Completed
T008861,2026-08-28,R06,B022,18,4,0,0,Heat,0.762,36.0,41.2,12.0,Completed
T008862,2026-08-28,R06,B022,19,4,0,0,Heat,0.33,27.0,41.2,5.9,Completed
T008863,2026-08-28,R06,B023,21,4,0,0,Heat,0.314,400.0,41.2,9.2,Completed
T008864,2026-08-28,R07,B028,5,4,0,0,Heat,0.285,4.0,33.2,9.2,Completed
T008865,2026-08-28,R07,B028,8,4,0,0,Heat,0.829,23.0,33.2,10.0,Completed
T008866,2026-08-28,R07,B028,9,4,0,0,Heat,0.756,24.0,33.2,13.1,Completed
T008867,2026-08-28,R07,B026,10,4,0,0,Heat,0.289,12.0,33.2,2.8,Completed
T008868,2026-08-28,R07,B028,13,4,0,0,Heat,0.315,10.0,33.2,8.2,Completed
T008869,2026-08-28,R07,B027,14,4,0,0,Heat,0.339,11.0,33.2,4.1,Completed
T008870,2026-08-28,R07,B026,15,4,0,0,Heat,0.321,12.0,33.2,4.2,Completed
T008871,2026-08-28,R07,B026,17,4,0,0,Heat,0.797,20.0,33.2,7.8,Completed
T008872,2026-08-28,R07,B025,18,4,0,0,Heat,0.795,33.0,33.2,18.6,Completed
T008873,2026-08-28,R07,B028,19,4,0,0,Heat,0.307,15.0,33.2,8.7,Completed
T008874,2026-08-28,R07,B026,21,4,0,0,Heat,0.328,4.0,33.2,2.9,Completed
T008875,2026-08-28,R08,B032,5,4,0,0,Heat,0.336,9.0,26.8,4.5,Completed
T008876,2026-08-28,R08,B030,6,4,0,0,Heat,0.296,9.0,26.8,6.5,Completed
T008877,2026-08-28,R08,B030,7,4,0,0,Heat,0.268,14.0,26.8,0.8,Completed
T008878,2026-08-28,R08,B032,8,4,0,0,Heat,0.774,33.0,26.8,12.5,Completed
T008879,2026-08-28,R08,B031,9,4,0,0,Heat,0.79,36.0,26.8,8.6,Completed
T008880,2026-08-28,R08,B030,10,4,0,0,Heat,0.272,15.0,26.8,5.0,Completed
T008881,2026-08-28,R08,B032,12,4,0,0,Heat,0.253,18.0,26.8,5.5,Completed
T008882,2026-08-28,R08,B032,13,4,0,0,Heat,0.272,23.0,26.8,7.2,Completed
T008883,2026-08-28,R08,B029,14,4,0,0,Heat,0.335,12.0,26.8,7.9,Completed
T008884,2026-08-28,R08,B032,15,4,0,0,Heat,0.305,20.0,26.8,4.9,Completed
T008885,2026-08-28,R08,B030,17,4,0,0,Heat,0.837,27.0,26.8,9.7,Completed
T008886,2026-08-28,R08,B032,18,4,0,0,Heat,0.788,38.0,26.8,9.6,Completed
T008887,2026-08-28,R08,B032,20,4,0,0,Heat,0.28,16.0,26.8,11.6,Completed
T008888,2026-08-28,R08,B029,21,4,0,0,Heat,0.264,,26.8,1.7,Completed
T008889,2026-08-28,R09,B034,6,4,0,0,Heat,0.344,10.0,63.6,7.9,Completed
T008890,2026-08-28,R09,B034,8,4,0,0,Heat,0.762,18.0,63.6,11.0,Completed
T008891,2026-08-28,R09,B035,9,4,0,0,Heat,0.847,23.0,63.6,13.2,Completed
T008892,2026-08-28,R09,B034,11,4,0,0,Heat,0.302,12.0,63.6,8.1,Completed
T008893,2026-08-28,R09,B034,17,4,0,0,Heat,0.776,17.0,63.6,15.5,Completed
T008894,2026-08-28,R09,B033,18,4,0,0,Heat,0.767,18.0,63.6,14.7,Completed
T008895,2026-08-28,R09,B036,19,4,0,0,Heat,0.331,12.0,63.6,7.0,Completed
T008896,2026-08-28,R10,B040,6,4,0,0,Heat,0.26,10.0,38.0,7.6,Completed
T008897,2026-08-28,R10,B037,7,4,0,0,Heat,0.323,16.0,38.0,5.1,Completed
T008898,2026-08-28,R10,B037,8,4,0,0,Heat,0.821,19.0,38.0,17.5,Completed
T008899,2026-08-28,R10,B039,9,4,0,0,Heat,0.792,19.0,38.0,10.8,Completed
T008900,2026-08-28,R10,B037,10,4,0,0,Heat,0.321,17.0,38.0,4.7,Completed
T008901,2026-08-28,R10,B039,11,4,0,0,Heat,0.314,,38.0,1.1,Completed
T008902,2026-08-28,R10,B040,12,4,0,0,Heat,0.288,12.0,38.0,2.7,Completed
T008903,2026-08-28,R10,B038,17,4,0,0,Heat,0.836,36.0,38.0,9.7,Completed
T008904,2026-08-28,R10,B039,18,4,0,0,Heat,0.751,24.0,38.0,12.6,Completed
T008905,2026-08-28,R10,B038,20,4,0,0,Heat,0.29,12.0,38.0,2.1,Completed
T008906,2026-08-28,R10,B038,21,4,0,0,Heat,0.297,7.0,38.0,3.2,Completed
T008907,2026-08-29,R01,B004,5,5,1,0,Rain,0.345,4.0,50.8,13.6,Completed
T008908,2026-08-29,R01,B003,6,5,1,0,Rain,0.281,16.0,50.8,11.9,Completed
T008909,2026-08-29,R01,B003,7,5,1,0,Rain,0.251,23.0,50.8,9.6,Completed
T008910,2026-08-29,R01,B003,8,5,1,0,Rain,0.832,26.0,50.8,18.0,Completed
T008911,2026-08-29,R01,B003,9,5,1,0,Rain,0.786,,50.8,10.8,Completed
T008912,2026-08-29,R01,B002,10,5,1,0,Rain,0.288,21.0,50.8,5.3,Completed
T008913,2026-08-29,R01,B002,11,5,1,0,Rain,0.336,16.0,50.8,3.3,Completed
T008914,2026-08-29,R01,B002,13,5,1,0,Rain,0.262,18.0,50.8,10.9,Completed
T008915,2026-08-29,R01,B003,14,5,1,0,Rain,0.278,0.0,50.8,,Cancelled
T008916,2026-08-29,R01,B003,15,5,1,0,Rain,0.269,24.0,50.8,8.8,Completed
T008917,2026-08-29,R01,B002,17,5,1,0,Rain,0.803,19.0,50.8,12.7,Completed
T008918,2026-08-29,R01,B003,18,5,1,0,Rain,0.839,35.0,50.8,18.6,Completed
T008919,2026-08-29,R01,B002,19,5,1,0,Rain,0.278,0.0,50.8,,Cancelled
T008920,2026-08-29,R01,B001,20,5,1,0,Rain,0.346,0.0,50.8,,Cancelled
T008921,2026-08-29,R02,B006,5,5,1,0,Rain,0.273,7.0,36.4,5.0,Completed
T008922,2026-08-29,R02,B006,6,5,1,0,Rain,0.307,11.0,36.4,12.0,Completed
T008923,2026-08-29,R02,B008,8,5,1,0,Rain,0.802,22.0,36.4,13.8,Completed
T008924,2026-08-29,R02,B006,9,5,1,0,Rain,0.755,29.0,36.4,19.6,Completed
T008925,2026-08-29,R02,B005,13,5,1,0,Rain,0.292,9.0,36.4,11.1,Completed
T008926,2026-08-29,R02,B006,14,5,1,0,Rain,0.334,16.0,36.4,10.6,Completed
T008927,2026-08-29,R02,B005,16,5,1,0,Rain,0.258,12.0,36.4,12.7,Completed
T008928,2026-08-29,R02,B007,17,5,1,0,Rain,0.846,21.0,36.4,16.7,Completed
T008929,2026-08-29,R02,B008,18,5,1,0,Rain,0.831,26.0,36.4,13.8,Completed
T008930,2026-08-29,R02,B006,19,5,1,0,Rain,0.328,21.0,36.4,8.8,Completed
T008931,2026-08-29,R02,B007,20,5,1,0,Rain,0.342,10.0,36.4,7.8,Completed
T008932,2026-08-29,R03,B012,5,5,1,0,Rain,0.296,7.0,58.8,9.6,Completed
T008933,2026-08-29,R03,B011,6,5,1,0,Rain,0.266,10.0,58.8,10.0,Completed
T008934,2026-08-29,R03,B012,8,5,1,0,Rain,0.804,26.0,58.8,19.2,Completed
T008935,2026-08-29,R03,B009,9,5,1,0,Rain,0.807,26.0,58.8,21.6,Completed
T008936,2026-08-29,R03,B011,17,5,1,0,Rain,0.773,17.0,58.8,7.6,Completed
T008937,2026-08-29,R03,B012,18,5,1,0,Rain,0.809,48.0,58.8,14.2,Completed
T008938,2026-08-29,R04,B016,5,5,1,0,Rain,0.295,3.0,28.4,5.5,Completed
T008939,2026-08-29,R04,B014,7,5,1,0,Rain,0.297,16.0,28.4,2.6,Completed
T008940,2026-08-29,R04,B013,8,5,1,0,Rain,0.754,17.0,28.4,21.6,Completed
T008941,2026-08-29,R04,B015,9,5,1,0,Rain,0.76,0.0,28.4,,Cancelled
T008942,2026-08-29,R04,B013,10,5,1,0,Rain,0.279,19.0,28.4,11.2,Completed
T008943,2026-08-29,R04,B014,11,5,1,0,Rain,0.316,14.0,28.4,8.4,Completed
T008944,2026-08-29,R04,B014,14,5,1,0,Rain,0.291,11.0,28.4,2.6,Completed
T008945,2026-08-29,R04,B015,17,5,1,0,Rain,0.828,19.0,28.4,13.6,Completed
T008946,2026-08-29,R04,B013,18,5,1,0,Rain,0.757,20.0,28.4,17.9,Completed
T008947,2026-08-29,R04,B016,20,5,1,0,Rain,0.295,8.0,28.4,1.7,Completed
T008948,2026-08-29,R04,B013,21,5,1,0,Rain,0.316,6.0,28.4,6.7,Completed
T008949,2026-08-29,R05,B018,7,5,1,0,Rain,0.298,9.0,44.4,13.9,Completed
T008950,2026-08-29,R05,B020,8,5,1,0,Rain,0.797,19.0,44.4,15.4,Completed
T008951,2026-08-29,R05,B020,9,5,1,0,Rain,0.793,19.0,44.4,7.1,Completed
T008952,2026-08-29,R05,B019,12,5,1,0,Rain,0.278,13.0,44.4,10.3,Completed
T008953,2026-08-29,R05,B017,13,5,1,0,Rain,0.32,13.0,44.4,11.2,Completed
T008954,2026-08-29,R05,B020,14,5,1,0,Rain,0.262,9.0,44.4,9.4,Completed
T008955,2026-08-29,R05,B020,15,5,1,0,Rain,0.287,13.0,44.4,2.3,Completed
T008956,2026-08-29,R05,B019,16,5,1,0,Rain,0.271,17.0,44.4,7.8,Completed
T008957,2026-08-29,R05,B019,17,5,1,0,Rain,0.752,21.0,44.4,18.4,Completed
T008958,2026-08-29,R05,B019,18,5,1,0,Rain,0.775,400.0,44.4,17.1,Completed
T008959,2026-08-29,R06,B021,5,5,1,0,Rain,0.282,4.0,41.2,8.3,Completed
T008960,2026-08-29,R06,B024,7,5,1,0,Rain,0.267,16.0,41.2,5.4,Completed
T008961,2026-08-29,R06,B022,8,5,1,0,Rain,0.812,24.0,41.2,15.3,Completed
T008962,2026-08-29,R06,B023,9,5,1,0,Rain,0.768,34.0,41.2,16.6,Completed
T008963,2026-08-29,R06,B021,10,5,1,0,Rain,0.325,17.0,41.2,12.6,Completed
T008964,2026-08-29,R06,B021,17,5,1,0,Rain,0.844,23.0,41.2,18.9,Completed
T008965,2026-08-29,R06,B023,18,5,1,0,Rain,0.829,31.0,41.2,15.9,Completed
T008966,2026-08-29,R06,B021,20,5,1,0,Rain,0.267,9.0,41.2,13.4,Completed
T008967,2026-08-29,R06,B024,21,5,1,0,Rain,0.292,8.0,41.2,10.7,Completed
T008968,2026-08-29,R07,B025,8,5,1,0,Rain,0.829,11.0,33.2,17.6,Completed
T008969,2026-08-29,R07,B025,9,5,1,0,Rain,0.813,18.0,33.2,15.5,Completed
T008970,2026-08-29,R07,B025,14,5,1,0,Rain,0.295,9.0,33.2,8.3,Completed
T008971,2026-08-29,R07,B027,17,5,1,0,Rain,0.75,16.0,33.2,19.1,Completed
T008972,2026-08-29,R07,B027,18,5,1,0,Rain,0.767,17.0,33.2,13.3,Completed
T008973,2026-08-29,R07,B027,19,5,1,0,Rain,0.269,10.0,33.2,11.6,Completed
T008974,2026-08-29,R07,B026,20,5,1,0,Rain,0.308,7.0,33.2,10.7,Completed
T008975,2026-08-29,R07,B027,21,5,1,0,Rain,0.318,0.0,33.2,,Cancelled
T008976,2026-08-29,R08,B029,8,5,1,0,Rain,0.839,11.0,26.8,21.3,Completed
T008977,2026-08-29,R08,B032,9,5,1,0,Rain,0.796,26.0,26.8,19.4,Completed
T008978,2026-08-29,R08,B032,10,5,1,0,Rain,0.291,16.0,26.8,15.1,Completed
T008979,2026-08-29,R08,B029,13,5,1,0,Rain,0.311,6.0,26.8,6.0,Completed
T008980,2026-08-29,R08,B029,16,5,1,0,Rain,0.252,11.0,26.8,9.1,Completed
T008981,2026-08-29,R08,B029,17,5,1,0,Rain,0.832,14.0,26.8,18.3,Completed
T008982,2026-08-29,R08,B030,18,5,1,0,Rain,0.781,20.0,26.8,16.9,Completed
T008983,2026-08-29,R08,B031,19,5,1,0,Rain,0.29,11.0,26.8,3.4,Completed
T008984,2026-08-29,R09,B034,6,5,1,0,Rain,0.296,5.0,63.6,18.5,Completed
T008985,2026-08-29,R09,B035,7,5,1,0,Rain,0.33,9.0,63.6,11.5,Completed
T008986,2026-08-29,R09,B036,8,5,1,0,Rain,0.82,12.0,63.6,20.1,Completed
T008987,2026-08-29,R09,B036,9,5,1,0,Rain,0.786,10.0,63.6,13.4,Completed
T008988,2026-08-29,R09,B035,11,5,1,0,Rain,0.327,7.0,63.6,15.3,Completed
T008989,2026-08-29,R09,B035,12,5,1,0,Rain,0.262,9.0,63.6,180.0,Completed
T008990,2026-08-29,R09,B035,14,5,1,0,Rain,0.315,7.0,63.6,12.0,Completed
T008991,2026-08-29,R09,B036,16,5,1,0,Rain,0.26,,63.6,12.9,Completed
T008992,2026-08-29,R09,B034,17,5,1,0,Rain,0.813,15.0,63.6,16.2,Completed
T008993,2026-08-29,R09,B034,18,5,1,0,Rain,0.831,16.0,63.6,14.3,Completed
T008994,2026-08-29,R09,B036,19,5,1,0,Rain,0.316,10.0,63.6,17.3,Completed
T008995,2026-08-29,R10,B037,5,5,1,0,Rain,0.325,3.0,38.0,10.0,Completed
T008996,2026-08-29,R10,B038,8,5,1,0,Rain,0.782,16.0,38.0,16.5,Completed
T008997,2026-08-29,R10,B038,9,5,1,0,Rain,0.803,22.0,38.0,16.4,Completed
T008998,2026-08-29,R10,B039,10,5,1,0,Rain,0.254,10.0,38.0,7.0,Completed
T008999,2026-08-29,R10,B039,14,5,1,0,Rain,0.278,6.0,38.0,9.1,Completed
T009000,2026-08-29,R10,B037,16,5,1,0,Rain,0.311,8.0,38.0,9.9,Completed
T009001,2026-08-29,R10,B037,17,5,1,0,Rain,0.836,15.0,38.0,19.6,Completed
T009002,2026-08-29,R10,B037,18,5,1,0,Rain,0.837,13.0,38.0,15.0,Completed
T009003,2026-08-29,R10,B038,20,5,1,0,Rain,0.335,6.0,38.0,6.5,Completed
T009004,2026-08-29,R10,B037,21,5,1,0,Rain,0.348,3.0,38.0,5.7,Completed
T008719,2026-08-27,R03,B010,13,3,0,0,Clear,0.297,22.0,58.8,9.6,Completed
T000249,2026-06-03,R07,B026,21,2,0,0,Rain,0.485,6.0,33.2,14.5,Completed
T006143,2026-08-01,R07,B028,6,5,1,0,Fog,0.104,4.0,33.2,8.8,Completed
T001422,2026-06-15,R05,B019,19,0,0,0,Rain,0.492,27.0,44.4,17.0,Completed
T007022,2026-08-10,R04,B014,5,0,0,0,Clear,0.315,10.0,28.4,7.9,Completed
T005926,2026-07-30,R05,B020,11,3,0,0,Rain,0.466,14.0,44.4,6.5,Completed
T004039,2026-07-11,R05,B019,19,5,1,0,Clear,0.128,20.0,44.4,6.0,Completed
T004665,2026-07-17,R09,B035,15,4,0,0,Clear,0.295,14.0,63.6,7.7,Completed
T007468,2026-08-14,R08,B030,8,4,0,1,Heat,0.657,19.0,26.8,12.1,Completed
T004795,2026-07-19,R02,B007,8,6,1,0,Rain,0.773,26.0,36.4,20.6,Completed
T003551,2026-07-06,R05,B017,15,0,0,0,Clear,0.277,22.0,44.4,5.5,Completed
T007541,2026-08-15,R05,B020,11,5,1,0,Clear,0.151,13.0,44.4,5.4,Completed
T001562,2026-06-16,R09,B035,12,1,0,0,Rain,0.41,0.0,63.6,,Cancelled
T004598,2026-07-17,R02,B006,17,4,0,0,Clear,0.809,60.0,36.4,11.0,Completed
T003529,2026-07-06,R03,B009,16,0,0,0,Clear,0.328,24.0,58.8,9.4,Completed
T004323,2026-07-14,R05,B017,5,1,0,0,Heat,0.255,6.0,44.4,6.2,Completed
T006324,2026-08-03,R05,B020,13,0,0,0,Heat,0.327,17.0,44.4,9.4,Completed
T008220,2026-08-22,R03,B012,8,5,1,0,Fog,0.682,29.0,58.8,18.2,Completed
T008865,2026-08-28,R07,B028,8,4,0,0,Heat,0.829,23.0,33.2,10.0,Completed
T002706,2026-06-28,R04,B016,9,6,1,0,Clear,0.618,12.0,28.4,9.8,Completed
T008080,2026-08-20,R09,B036,17,3,0,0,Fog,0.782,14.0,63.6,22.4,Completed
T003963,2026-07-10,R08,B032,9,4,0,0,Heat,0.82,400.0,26.8,9.7,Completed
T001596,2026-06-17,R03,B011,7,2,0,0,Heat,0.264,0.0,58.8,,Cancelled
T007229,2026-08-12,R04,B016,9,2,0,0,Rain,0.928,23.0,28.4,16.6,Completed
T002623,2026-06-27,R06,B023,12,5,1,0,Clear,0.101,21.0,41.2,4.1,Completed
T006085,2026-08-01,R01,B002,8,5,1,0,Fog,0.617,25.0,50.8,16.5,Completed
T005271,2026-07-23,R09,B035,19,3,0,0,Rain,0.422,14.0,63.6,13.1,Completed
T006219,2026-08-02,R04,B015,17,6,1,0,Rain,0.798,21.0,28.4,13.4,Completed
T000094,2026-06-02,R01,B004,9,1,0,0,Heat,0.764,50.0,50.8,8.2,Completed
T004337,2026-07-14,R05,B019,21,1,0,0,Heat,0.347,11.0,44.4,11.0,Completed
T006904,2026-08-09,R01,B003,17,6,1,0,Clear,0.627,34.0,50.8,7.8,Completed
T001993,2026-06-21,R03,B011,14,6,1,0,Rain,0.342,14.0,58.8,9.6,Completed
T000213,2026-06-03,R03,B010,16,2,0,0,Rain,0.493,34.0,58.8,12.8,Completed
T002969,2026-06-30,R08,B031,18,1,0,0,Clear,0.837,27.0,26.8,13.5,Completed
T001124,2026-06-12,R06,B022,18,4,0,0,Rain,0.955,41.0,41.2,18.3,Completed
T005120,2026-07-22,R05,B020,15,2,0,0,Clear,0.269,16.0,44.4,9.9,Completed
T002719,2026-06-28,R05,B020,10,6,1,0,Clear,0.143,16.0,44.4,1.8,Completed
T005214,2026-07-23,R04,B015,9,3,0,0,Rain,0.956,48.0,28.4,-45.0,Completed
T002247,2026-06-23,R10,B038,8,1,0,0,Clear,0.766,32.0,38.0,6.6,Completed
T001865,2026-06-19,R10,B040,6,4,0,0,Heat,0.268,10.0,38.0,4.1,Completed
T005983,2026-07-30,R10,B039,17,3,0,0,Rain,0.956,16.0,38.0,20.3,Completed
T004263,2026-07-13,R09,B034,14,0,0,0,Rain,0.445,12.0,63.6,10.4,Completed
T001609,2026-06-17,R04,B016,10,2,0,0,Heat,0.316,23.0,28.4,6.3,Completed
T002596,2026-06-27,R03,B011,13,5,1,0,,0.173,15.0,58.8,4.0,Completed
T005497,2026-07-26,R02,B005,12,6,1,0,Clear,0.175,10.0,36.4,5.8,Completed
T003707,2026-07-08,R01,B002,16,2,0,0,Clear,0.254,39.0,50.8,1.6,Completed
T000316,2026-06-04,R04,B016,9,3,0,0,Heat,0.753,30.0,28.4,12.5,Completed
T002898,2026-06-30,R02,B008,9,1,0,0,Clear,0.758,43.0,36.4,15.3,Completed
T000081,2026-06-01,R09,B035,21,0,0,0,Rain,0.463,5.0,63.6,15.9,Completed
T001163,2026-06-12,R10,B038,17,4,0,0,Rain,0.909,22.0,38.0,20.0,Completed
T007857,2026-08-18,R06,B024,12,1,0,0,Fog,0.295,22.0,41.2,7.7,Completed
T004750,2026-07-18,R07,B026,21,5,1,0,Clear,0.164,4.0,33.2,8.6,Completed
T004122,2026-07-12,R04,B015,9,6,1,0,Rain,0.786,19.0,28.4,21.8,Completed
T001966,2026-06-20,R10,B039,20,5,1,0,Heat,0.108,5.0,38.0,2.9,Completed
T004557,2026-07-16,R08,B032,17,3,0,0,Clear,0.76,35.0,26.8,11.2,Completed
T001558,2026-06-16,R09,B036,6,1,0,0,Rain,0.423,5.0,63.6,7.6,Completed
T004635,2026-07-17,R06,B023,13,4,0,0,Clear,0.343,25.0,41.2,13.3,Completed
T000268,2026-06-03,R09,B033,17,2,0,0,Rain,0.926,19.0,63.6,23.2,Completed
T008115,2026-08-21,R02,B005,15,4,0,0,Heat,0.31,18.0,36.4,9.9,Completed
T006194,2026-08-02,R02,B007,7,6,1,0,Rain,0.27,15.0,36.4,12.6,Completed
T005737,2026-07-28,R06,B021,14,1,0,0,Rain,0.425,19.0,41.2,4.0,Completed
T006667,2026-08-06,R07,B025,9,3,0,0,Heat,0.817,34.0,33.2,6.0,Completed
T001617,2026-06-17,R05,B017,8,2,0,0,Heat,0.763,35.0,44.4,15.3,Completed
T000170,2026-06-02,R09,B035,8,1,0,0,Heat,0.765,23.0,63.6,9.8,Completed
T007397,2026-08-14,R01,B004,6,4,0,1,Heat,0.106,13.0,50.8,7.4,Completed
T001673,2026-06-17,R10,B040,13,2,0,0,Heat,0.318,12.0,38.0,3.0,Completed
T008737,2026-08-27,R05,B018,5,3,0,0,Clear,0.27,400.0,44.4,2.2,Completed
T000361,2026-06-04,R09,B035,7,3,0,0,Heat,0.319,14.0,63.6,8.6,Completed
T008512,2026-08-25,R01,B003,18,1,0,0,Clear,0.765,55.0,50.8,15.5,Completed
T003264,2026-07-03,R07,B028,17,4,0,0,Rain,0.926,17.0,33.2,21.1,Completed
T004603,2026-07-17,R03,B012,8,4,0,0,Clear,0.847,40.0,58.8,13.5,Completed
T008988,2026-08-29,R09,B035,11,5,1,0,Rain,0.327,7.0,63.6,15.3,Completed
